exercise_import_id,workout_id,position,exercise_name,equipment,superset_group
1fc2ab39-044c-4c69-9c04-7564b947d407,f6208f7f-6b4f-4495-a9cc-bd6b54fde355,1,Pull-Ups with Wide Neutral Grip,Bodyweight,
246c3d6e-ec8b-43a0-b8d9-6d6e94a79d26,f6208f7f-6b4f-4495-a9cc-bd6b54fde355,2,Rows with Close Grip,Cable,
c5ee0d03-c33c-4726-9fb5-49fb9ec0ac44,f6208f7f-6b4f-4495-a9cc-bd6b54fde355,3,Lat Pulldowns with Close Overhand Grip,Cable,
9af0ec8e-de58-434a-aab6-cbfb26d68e9c,f6208f7f-6b4f-4495-a9cc-bd6b54fde355,4,One-Arm Lateral Raises at Hip Height,Cable,
90602444-876d-40c0-99f9-1dececd8e855,f6208f7f-6b4f-4495-a9cc-bd6b54fde355,5,Reverse Flys,Cable,
a912357b-86fe-4e40-83a5-380b133cea03,f6208f7f-6b4f-4495-a9cc-bd6b54fde355,6,Preacher Hammer Curls,Dumbbells,
2f96ce4c-7383-4de3-a347-a0a8654f0f7b,f6208f7f-6b4f-4495-a9cc-bd6b54fde355,7,Curls,EZ Curl Bar,
a8a2b194-e898-4b9d-b8e6-af77e0122b07,f6208f7f-6b4f-4495-a9cc-bd6b54fde355,8,Hanging Leg Raises,Bodyweight,
fac1a43b-f666-4df1-bd63-06a85cd9ba3c,5cfdd712-92d4-48f9-b31b-61806525c4e1,1,Sumo Deadlifts,Barbell,
c3f0f6ab-a1cc-4188-9dff-f08cfe205afc,5cfdd712-92d4-48f9-b31b-61806525c4e1,2,Seated Leg Curls,Machine,
83546e94-17ab-4c1d-83b5-aa4ee76582f9,5cfdd712-92d4-48f9-b31b-61806525c4e1,3,Front Foot Elevated Split Squat,Barbell,
2ec0560a-c4d5-4e51-bb32-4436ae247013,5cfdd712-92d4-48f9-b31b-61806525c4e1,5,Landmine 180,Landmine,
7b345b4c-3317-47d5-a7fa-01916d9f13f7,5cfdd712-92d4-48f9-b31b-61806525c4e1,6,Crunches,Bodyweight,
82dec979-591f-4ee9-91c1-f4e25df3ad7a,8ff964b4-315a-409e-ad16-092305ffe225,1,Bench Press,Barbell,
ef55c7b2-b2fd-4902-8e57-fa57d0d0305c,8ff964b4-315a-409e-ad16-092305ffe225,2,Incline Bench Press 20°,Dumbbells,
40356276-f75e-41a1-992f-4e597b8828d9,8ff964b4-315a-409e-ad16-092305ffe225,3,Incline Rows,Barbell,
5dcc442a-dbdf-4a42-8d65-3163078babaa,8ff964b4-315a-409e-ad16-092305ffe225,4,One-Arm Rows with Reverse Grip,Dumbbells,
1fd75a7a-f88f-48df-b12e-468c780bb6d6,8ff964b4-315a-409e-ad16-092305ffe225,5,Upright Rows,Dumbbells,
fed8ebc4-2d01-434e-b859-555f3671cc54,8ff964b4-315a-409e-ad16-092305ffe225,6,Dips,Bodyweight,
28eed30b-3617-454c-8478-48c9b7708943,8ff964b4-315a-409e-ad16-092305ffe225,7,Concentration Twist Curls,Dumbbells,
32d5ab50-9147-4926-a1b5-d3d6d6e56bf0,dd62d11f-49db-463e-93c4-ad0e0b9d1cf9,1,Landmine Front Squat,Landmine,
95a9f6b6-0f00-4745-a73f-9b6eac0849cb,dd62d11f-49db-463e-93c4-ad0e0b9d1cf9,2,Seated Leg Curls,Machine,
da76f1b5-5c4e-44bd-b683-bd828a00e36f,dd62d11f-49db-463e-93c4-ad0e0b9d1cf9,3,Walking Lunges,Dumbbells,
c09e56bb-91e6-4af2-9b54-177960833067,dd62d11f-49db-463e-93c4-ad0e0b9d1cf9,4,Leg Extensions,Machine,
44f6ae9c-5a1a-47f6-be4d-b861fcc877a7,dd62d11f-49db-463e-93c4-ad0e0b9d1cf9,5,Standing Calf Raises,Smith machine,
5b638635-c302-4bed-b8d1-1c10beddab3f,dd62d11f-49db-463e-93c4-ad0e0b9d1cf9,6,Landmine Press,Landmine,
7929aeb8-0751-4e76-ac09-d45492a8c911,dd62d11f-49db-463e-93c4-ad0e0b9d1cf9,7,Side Sit-Ups,Bodyweight,
e0b261ed-a9af-42ca-938f-3c303bae1789,e9c7ea03-3452-4291-9779-80356efd60d3,1,Bench Press,Barbell,
a59c06b5-4847-41cd-a324-9228f76ade3c,e9c7ea03-3452-4291-9779-80356efd60d3,2,Incline Bench Press,Dumbbells,
07cc6368-5bc5-45fa-a382-c56c74bd6ed6,e9c7ea03-3452-4291-9779-80356efd60d3,3,Flys,Cable,
9cfd0cfb-52d7-42c6-864c-d154ccf0888e,e9c7ea03-3452-4291-9779-80356efd60d3,4,Incline Reverse Flys,Dumbbells,
a84fb0ef-91d6-42cc-a550-7810757d5e71,e9c7ea03-3452-4291-9779-80356efd60d3,5,Lateral Raises,Dumbbells,
26557daa-a958-4ab3-aff6-76036025bfab,e9c7ea03-3452-4291-9779-80356efd60d3,6,JM Press,Barbell,
47d38c84-577a-4427-bcc0-7297d02f4197,a6a7b35a-9510-419b-8f8f-c6c69c35a68d,1,Sumo Deadlifts,Barbell,
1e7160b9-6c92-4071-b526-1aa1a2487c46,a6a7b35a-9510-419b-8f8f-c6c69c35a68d,2,Seated Leg Curls,Machine,
fabe48ea-4369-40ee-a126-60bf480ae3b2,a6a7b35a-9510-419b-8f8f-c6c69c35a68d,3,Front Foot Elevated Split Squat,Barbell,
a809747a-afdb-4e43-9bd9-5576b6c2b14d,a6a7b35a-9510-419b-8f8f-c6c69c35a68d,4,Standing Calf Raise,Barbell,
6d43f352-ae1d-4cfe-8af3-97701aa18625,a6a7b35a-9510-419b-8f8f-c6c69c35a68d,5,Landmine 180,Landmine,
4060304b-4842-4e9d-be75-568fd2e828d6,a6a7b35a-9510-419b-8f8f-c6c69c35a68d,6,Crunches,Bodyweight,
586b76e2-3f26-421f-a63e-7b7ff5a61035,8579ec9f-da1e-4be2-82d3-e697cbd4daba,1,Pull-Ups with Wide Neutral Grip,Bodyweight,
b37958ad-ac05-4f8c-a651-041ffcd6a5d8,8579ec9f-da1e-4be2-82d3-e697cbd4daba,2,Rows with Close Grip,Cable,
1d630fdb-361a-4da2-b03f-33841549b124,8579ec9f-da1e-4be2-82d3-e697cbd4daba,3,Lat Pulldowns with Close Overhand Grip,Cable,
03e18b4e-7440-4fa0-8a8d-b82284499f8b,8579ec9f-da1e-4be2-82d3-e697cbd4daba,4,One-Arm Lateral Raises at Hip Height,Cable,
3aae6a14-f0f5-43ff-8298-70288920f140,8579ec9f-da1e-4be2-82d3-e697cbd4daba,5,Reverse Flys,Cable,
67ba1e95-fecf-459f-8b17-d2ef9ff0171d,8579ec9f-da1e-4be2-82d3-e697cbd4daba,6,Preacher Hammer Curls,Dumbbells,
33350479-9c64-441d-91bd-dcf4d129f74d,8579ec9f-da1e-4be2-82d3-e697cbd4daba,7,Curls,EZ Curl Bar,
e487ef48-3387-426f-9611-d2bee61e2c21,d0f050d3-7b68-4b10-a526-9cd5ce76f557,1,Bench Press,Barbell,
a548c9ae-5910-4a82-bbab-b6d0e56813f7,d0f050d3-7b68-4b10-a526-9cd5ce76f557,2,Incline Bench Press 20°,Dumbbells,
ecfa9beb-3840-43e9-92c0-25f5ba42c1bc,d0f050d3-7b68-4b10-a526-9cd5ce76f557,3,Incline Rows,Barbell,
d238e970-63ff-44b6-b03e-8495ab2ed394,d0f050d3-7b68-4b10-a526-9cd5ce76f557,4,One-Arm Rows with Reverse Grip,Dumbbells,
9ad89388-e7e2-49ee-acbb-094475e78324,d0f050d3-7b68-4b10-a526-9cd5ce76f557,5,Upright Rows,Dumbbells,
ebf19431-205f-4df5-a340-0e202e278998,d0f050d3-7b68-4b10-a526-9cd5ce76f557,6,Dips,Bodyweight,
98d0c469-04ba-493e-aa91-72a37670739b,d0f050d3-7b68-4b10-a526-9cd5ce76f557,7,Concentration Twist Curls,Dumbbells,
b91744cb-3aff-41c1-be59-210a16b70199,a8162ac8-d596-4d1b-b854-5b91a3794229,1,Landmine Front Squat,Landmine,
30f38474-51d4-47ce-acff-924222d43d9b,a8162ac8-d596-4d1b-b854-5b91a3794229,2,Seated Leg Curls,Machine,
a040aa32-6429-4d03-ab06-b2525583a98a,a8162ac8-d596-4d1b-b854-5b91a3794229,3,Walking Lunges,Dumbbells,
23b60755-b532-4477-b8f0-0ec4e1d1f517,a8162ac8-d596-4d1b-b854-5b91a3794229,4,Leg Extensions,Machine,
3f46f788-676b-4ab4-8087-6d0161982fc5,a8162ac8-d596-4d1b-b854-5b91a3794229,5,Standing Calf Raises,Smith machine,
1ea8dd40-a29b-4c78-9204-5896f726367a,a8162ac8-d596-4d1b-b854-5b91a3794229,6,Landmine Press,Landmine,
6b93161e-03b0-4a71-b6ba-5f73fbbf14c6,a8162ac8-d596-4d1b-b854-5b91a3794229,7,Side Sit-Ups,Bodyweight,
35a85ee5-e56a-445f-bfa1-64f0e8b3336c,59f13720-1a24-4bec-b93e-9b6646d80269,1,Bench Press,Barbell,
1abdddda-d5dc-4aa2-b605-b1bb5957def6,59f13720-1a24-4bec-b93e-9b6646d80269,2,Incline Bench Press,Dumbbells,
fe7b0d31-7099-46f7-80bc-7771e2028453,59f13720-1a24-4bec-b93e-9b6646d80269,3,Flys,Cable,
891d629b-cfd3-4527-9aa1-b5301ddc67ed,59f13720-1a24-4bec-b93e-9b6646d80269,4,Incline Reverse Flys,Dumbbells,
a350301b-1690-4fdb-b348-472849de7a68,59f13720-1a24-4bec-b93e-9b6646d80269,5,Lateral Raises,Dumbbells,
8f3c3de3-21e6-4a17-aa99-85c701d7bd2b,59f13720-1a24-4bec-b93e-9b6646d80269,6,JM Press,Barbell,
8017556d-616c-45a1-8d75-fcbea9a27d8a,59f13720-1a24-4bec-b93e-9b6646d80269,7,Shrugs,Dumbbells,
5fd9973d-bfde-47aa-9903-a5a74e728d71,b5d68ea4-dee8-4a58-b698-7dd27d7431aa,1,Pull-Ups with Wide Neutral Grip,Bodyweight,
b388fc93-e9d9-44aa-b8fb-ba3c0c351c10,b5d68ea4-dee8-4a58-b698-7dd27d7431aa,2,Rows with Close Grip,Cable,
c019a6cc-4136-438f-a60a-3f9cdd7650c2,b5d68ea4-dee8-4a58-b698-7dd27d7431aa,3,Lat Pulldowns with Close Overhand Grip,Cable,
1b33bf33-fbb9-4396-8b5a-137348115a26,b5d68ea4-dee8-4a58-b698-7dd27d7431aa,4,One-Arm Lateral Raises at Hip Height,Cable,
93e7652a-0e68-4d4d-a37d-fc63deac7d0c,b5d68ea4-dee8-4a58-b698-7dd27d7431aa,5,Reverse Flys,Cable,
5112fc26-3267-4d57-93ef-6440366931ad,b5d68ea4-dee8-4a58-b698-7dd27d7431aa,6,Preacher Hammer Curls,Dumbbells,
113cd272-e8ff-4db6-9c61-9297d7c30d5f,b5d68ea4-dee8-4a58-b698-7dd27d7431aa,7,Curls,EZ Curl Bar,
6d09ca95-51d7-4833-bd24-ea12ed588443,b5d68ea4-dee8-4a58-b698-7dd27d7431aa,8,Hanging Leg Raises,Bodyweight,
75a67bf2-d7cd-488d-8770-e083332a2a07,8a2f8e5c-2577-4ca6-8671-930908e4047a,1,Deadlifts,Barbell,
998e0383-d4f7-4a70-821b-f758c4a599b2,8a2f8e5c-2577-4ca6-8671-930908e4047a,2,Seated Leg Curls,Machine,
64579167-57f6-4862-a0f9-7709a597d246,8a2f8e5c-2577-4ca6-8671-930908e4047a,3,Leg Extensions,Machine,
a36dd708-a4e8-4847-94e4-abd1b08660e9,8a2f8e5c-2577-4ca6-8671-930908e4047a,4,Hammer Curls (Tri bar),EZ Curl Bar,
4eec40ef-399d-40fa-80bd-6b5bb33d34bc,8a2f8e5c-2577-4ca6-8671-930908e4047a,5,Kneeling Side Crunches,Cable,
caec3390-c31e-4a9e-8095-4fc81b92f28d,cbd8101c-a7b5-4be6-b343-c3bae4967f81,1,Bench Press,Dumbbells,
2e92d30e-8c07-4221-8934-a557629aef7a,cbd8101c-a7b5-4be6-b343-c3bae4967f81,2,Incline Bench Press,Dumbbells,
46ae7eae-e667-40e7-b94c-a22695223e8f,cbd8101c-a7b5-4be6-b343-c3bae4967f81,3,Lat Pulldowns with Wide Overhand Grip,Cable,
798415b4-a2e0-4a72-9719-f16499983d48,cbd8101c-a7b5-4be6-b343-c3bae4967f81,4,Rows with Wide Grip,Cable,
2f2c688d-6276-4042-8fbe-c7757cb65dd9,cbd8101c-a7b5-4be6-b343-c3bae4967f81,5,Incline Lateral Raises,Dumbbells,
626eafaa-3763-44d9-b782-4b029cbdff75,cbd8101c-a7b5-4be6-b343-c3bae4967f81,6,Dips,Bodyweight,
9867e134-7f50-4ace-beb4-1d80ab0187c3,cbd8101c-a7b5-4be6-b343-c3bae4967f81,7,Preacher Curls,EZ Curl Bar,
813ba422-41df-48c9-8468-aaa7334848e4,5bef5644-c976-41c9-b227-f29eda49f648,1,Landmine Hack Squats,Landmine,
36194464-cba4-44bb-9d05-c88d58e24a0b,5bef5644-c976-41c9-b227-f29eda49f648,2,Hip Thrusts,Barbell,
319b6948-f6bc-4b49-8045-176d0a7b7c33,5bef5644-c976-41c9-b227-f29eda49f648,3,Romanian Deadlifts,Barbell,
09e6cc61-f58c-4c96-aabd-03c3d8f54a51,5bef5644-c976-41c9-b227-f29eda49f648,4,Leg Extensions,Machine,
d8989142-f2aa-4cfd-be98-2454a7ea8dd2,5bef5644-c976-41c9-b227-f29eda49f648,5,Seated Calf Raises (BB),Barbell,
84bd452b-907a-4d7d-ada7-14efac9849ec,5bef5644-c976-41c9-b227-f29eda49f648,6,Sit-Ups,Bodyweight,
cdfd08a9-8e30-49cd-a8fd-e8a782a41e9b,c91d5c08-3b15-4e70-b64c-99d5eeb9f44f,1,Incline Bench Press,Barbell,
6d8b0c23-f4f5-45f7-bf07-34e2b4339378,c91d5c08-3b15-4e70-b64c-99d5eeb9f44f,2,Bench Press,Dumbbells,
1e7d36f9-a73b-4a2e-a4e9-2f4488873dec,c91d5c08-3b15-4e70-b64c-99d5eeb9f44f,3,High Cable Flys,Cable,
51e45e5c-277f-4339-af5d-51ee4a77180a,c91d5c08-3b15-4e70-b64c-99d5eeb9f44f,4,Bent-Over Lateral Raises,Dumbbells,
ab8f2a0d-2c73-42c8-a12f-f75d34e98920,c91d5c08-3b15-4e70-b64c-99d5eeb9f44f,5,Lateral Raises,Dumbbells,
5f026038-22bb-433b-81d6-72af5a9e8fb2,c91d5c08-3b15-4e70-b64c-99d5eeb9f44f,6,Bench Press with Close Grip,Barbell,
6cc4476a-f93d-43e9-bf67-c642b957d1b3,c91d5c08-3b15-4e70-b64c-99d5eeb9f44f,7,Triceps Pushdowns with Rope,Cable,
e050a52d-461f-4d1e-9738-f348b23a6d4d,c91d5c08-3b15-4e70-b64c-99d5eeb9f44f,8,Kneeling Crunches,Cable,
9f200028-d5f5-40cc-b8b9-e14c6a18d911,e54affb1-53c8-470d-b790-ada9856d76bc,1,Pull-Ups with Close Neutral Grip,Bodyweight,
177b07f9-2bac-4df9-b15c-52adf6754aa3,e54affb1-53c8-470d-b790-ada9856d76bc,2,Bent-Over Rows with Wide Grip,Barbell,
61800274-f644-417a-9462-fadb8481642c,e54affb1-53c8-470d-b790-ada9856d76bc,3,Rows with Reverse Grip,Cable,
9f6a7b82-a0d5-4337-b870-7bf0471771de,e54affb1-53c8-470d-b790-ada9856d76bc,4,Lean Away Lateral Raises,Dumbbells,
b5db55a1-7be2-4c9b-89dc-99b0c424962f,e54affb1-53c8-470d-b790-ada9856d76bc,5,Incline Reverse Flys,Dumbbells,
59036002-bf24-4555-8adf-49901587bbc2,e54affb1-53c8-470d-b790-ada9856d76bc,6,Shrugs,Barbell,
8577f6c8-7845-42a2-9014-63b4bcde520d,e54affb1-53c8-470d-b790-ada9856d76bc,7,Incline Curls,Dumbbells,
de376db8-9f11-4c16-b970-02390273b2f5,c0a610c0-4fd4-42c2-b90c-17e0270a75bc,1,Deadlifts,Barbell,
d446c331-f7c9-4cfb-9928-94228d087785,c0a610c0-4fd4-42c2-b90c-17e0270a75bc,2,Seated Leg Curls,Machine,
b3b421b8-69e4-4ee1-b044-e39327dca0f8,c0a610c0-4fd4-42c2-b90c-17e0270a75bc,3,Leg Extensions,Machine,
6be650a5-9720-426b-acc4-eac4d185241e,c0a610c0-4fd4-42c2-b90c-17e0270a75bc,4,Hammer Curls (Tri bar),EZ Curl Bar,
958a5f56-27f9-46cd-bf17-f802d66d4f29,c0a610c0-4fd4-42c2-b90c-17e0270a75bc,5,Kneeling Side Crunches,Cable,
656eb980-746c-4dda-993f-58b4431af55c,c0a610c0-4fd4-42c2-b90c-17e0270a75bc,6,Decline Sit-Ups,Bodyweight,
03fd7039-ef6e-4a7e-9316-51916b449d69,73e96c56-ec11-4d72-8dd6-48301fe55560,1,Bench Press,Dumbbells,
9b2b04bb-af93-446b-8179-9e101ce138b7,73e96c56-ec11-4d72-8dd6-48301fe55560,2,Incline Bench Press,Dumbbells,
36943a67-88fc-42be-af0c-dcdd6a780902,73e96c56-ec11-4d72-8dd6-48301fe55560,3,Lat Pulldowns with Wide Overhand Grip,Cable,
daafb777-5d88-4106-82a2-100f883f90f7,73e96c56-ec11-4d72-8dd6-48301fe55560,4,Rows with Wide Grip,Cable,
741eb8a0-c59f-4ae3-98e8-64a912073b0a,73e96c56-ec11-4d72-8dd6-48301fe55560,5,Incline Lateral Raises,Dumbbells,
60dbf800-0c26-4f0c-ae8e-396c57b31088,73e96c56-ec11-4d72-8dd6-48301fe55560,6,Dips,Bodyweight,
d523ba65-35f0-4e3b-8c17-590e2ac6b6fc,73e96c56-ec11-4d72-8dd6-48301fe55560,7,Preacher Curls,EZ Curl Bar,
cfbb76e4-5003-4d04-aea1-89e3181f7ecd,c948e134-fe8a-4673-89d3-3b78c81601be,1,Landmine Hack Squats,Landmine,
1250e957-2c81-4dec-aee4-5c02417d0550,c948e134-fe8a-4673-89d3-3b78c81601be,2,Hip Thrusts,Barbell,
0b8bef8b-e9d5-487b-bb2e-e4bd71939343,c948e134-fe8a-4673-89d3-3b78c81601be,3,Romanian Deadlifts,Barbell,
2a0528cc-9cba-4031-a140-2563b3193bc1,c948e134-fe8a-4673-89d3-3b78c81601be,4,Leg Extensions,Machine,
42287812-4d55-4493-afda-5dacbc2668d4,c948e134-fe8a-4673-89d3-3b78c81601be,5,Seated Calf Raises (BB),Barbell,
3e040893-679c-4215-abcd-b487aab5975b,c948e134-fe8a-4673-89d3-3b78c81601be,6,Sit-Ups,Bodyweight,
19bdda35-bf0e-4bbf-aba8-a0c06a522efb,c948e134-fe8a-4673-89d3-3b78c81601be,7,Russian Twists,Bodyweight,
f041014c-2aa7-47b7-889f-67c10403fa3e,b1874e28-b80c-4d75-8f51-532d3dcaff57,1,Incline Bench Press,Barbell,
4e7549e8-238f-46db-9adf-68e0d68ee1c0,b1874e28-b80c-4d75-8f51-532d3dcaff57,2,Bench Press,Dumbbells,
f53a4584-175a-4c1f-87a3-96bace8d10fe,b1874e28-b80c-4d75-8f51-532d3dcaff57,3,High Cable Flys,Cable,
88ea9437-e2bb-409f-bdb7-bccc757be81e,b1874e28-b80c-4d75-8f51-532d3dcaff57,4,Bench Press with Close Grip,Barbell,
74954412-1058-4b94-a8e7-e6c896d4ece9,b1874e28-b80c-4d75-8f51-532d3dcaff57,5,Triceps Pushdowns with Rope,Cable,
56374de0-bc44-42a5-b695-935f7a02c7f3,b1874e28-b80c-4d75-8f51-532d3dcaff57,6,Bent-Over Lateral Raises,Dumbbells,
f3b0eaf4-b804-4634-9ed3-fd94a99580cb,b1874e28-b80c-4d75-8f51-532d3dcaff57,7,Lateral Raises,Dumbbells,
6e2212d4-e0b3-4bc6-a374-f00723b5483c,b1874e28-b80c-4d75-8f51-532d3dcaff57,8,Kneeling Crunches,Cable,
8cf87af8-4915-4e53-94d2-f573bcb2179c,68b2f77a-e3c0-4e6c-a8ce-cdf55f915cd8,1,Pull-Ups with Close Neutral Grip,Bodyweight,
8478a793-d2da-4cde-84f8-58369e074343,68b2f77a-e3c0-4e6c-a8ce-cdf55f915cd8,2,Bent-Over Rows with Wide Grip,Barbell,
dd40de30-dffb-47f6-9c7d-27193c949ec7,68b2f77a-e3c0-4e6c-a8ce-cdf55f915cd8,3,Rows with Reverse Grip,Cable,
21f634c6-f91f-419a-91d1-578bb5ce815c,68b2f77a-e3c0-4e6c-a8ce-cdf55f915cd8,4,Lean Away Lateral Raises,Dumbbells,
ee51ccf2-d3e8-4b6f-8d8e-0983945cb600,68b2f77a-e3c0-4e6c-a8ce-cdf55f915cd8,5,Incline Reverse Flys,Dumbbells,
f252124d-c5f4-4a90-92e0-ef3398529b2b,68b2f77a-e3c0-4e6c-a8ce-cdf55f915cd8,6,Shrugs,Barbell,
9749692c-d7b6-4ada-b2b2-b33958363211,68b2f77a-e3c0-4e6c-a8ce-cdf55f915cd8,7,Incline Curls,Dumbbells,
1aa7269c-8d5e-4516-b784-17d537dd8f90,4f0b552b-f1c3-4d99-b74e-3931831483e4,1,Split Squats,Barbell,
9093e03f-f80a-4800-b7bd-212a100c29f4,4f0b552b-f1c3-4d99-b74e-3931831483e4,2,Decline Bench Press,Barbell,
f8bdc856-b269-4ecd-a5a4-8aa948d757d4,4f0b552b-f1c3-4d99-b74e-3931831483e4,3,Front Raises,Dumbbells,
73f4a69d-9a49-4d2b-810b-af41f78a1541,4f0b552b-f1c3-4d99-b74e-3931831483e4,4,Standing Calf Raises,Bodyweight,
b2adc54e-225d-461f-acf7-73c060f5072f,4f0b552b-f1c3-4d99-b74e-3931831483e4,5,Drag Curls,Barbell,Superset 1
ecfae5f6-9651-48ec-be52-ab9a38031d6e,4f0b552b-f1c3-4d99-b74e-3931831483e4,6,Overhead Triceps Extensions,EZ Curl Bar,Superset 1
b3562295-a223-4678-b484-f2a812eb7731,4f0b552b-f1c3-4d99-b74e-3931831483e4,7,Kneeling Side Crunches,Cable,
1d37700a-f994-43ac-a6ad-cd0c07c57550,361a604e-d317-4608-a4e5-fed6e447e3bf,1,Deadlifts,Trap bar,
73eba028-83a8-49d4-bfbe-cd668ee11664,361a604e-d317-4608-a4e5-fed6e447e3bf,2,Seated Leg Curls,Machine,
7c38cb9b-b374-499a-a934-2e9fa58576a3,361a604e-d317-4608-a4e5-fed6e447e3bf,3,Bench Press,Barbell,
a3915f8e-6a6a-417c-a9c8-85c7eef85630,361a604e-d317-4608-a4e5-fed6e447e3bf,4,Incline Bench Press,Dumbbells,
d330d0d9-c42b-4741-830e-7378c97a867e,361a604e-d317-4608-a4e5-fed6e447e3bf,5,Lat Pulldowns with Wide Overhand Grip,Cable,
cadeaed7-5b9d-4883-8489-0c0ebbdee0bc,361a604e-d317-4608-a4e5-fed6e447e3bf,6,Rows with Close Grip,Cable,
c5329165-7971-4074-94ac-a19b9972668a,361a604e-d317-4608-a4e5-fed6e447e3bf,7,Upright Rows,EZ Curl Bar,
203b248e-2319-4a8b-b2b6-036a04aef6a8,361a604e-d317-4608-a4e5-fed6e447e3bf,8,Twist Curls,Dumbbells,
95921777-5192-4787-b7a8-671323cdf4d3,361a604e-d317-4608-a4e5-fed6e447e3bf,9,Triceps Kickbacks,Dumbbells,
43913318-22d6-4764-9cbd-d8177201b759,361a604e-d317-4608-a4e5-fed6e447e3bf,10,Kneeling Crunches,Cable,
0616be2b-adfc-47d0-919b-d346d916456f,641d4493-8801-4a96-a6a9-86e23af2db02,1,Bench Press,Dumbbells,
e868692b-88d5-4033-8820-5052c4bbb1f2,641d4493-8801-4a96-a6a9-86e23af2db02,2,Incline Bench Press,Dumbbells,
89220058-1f32-44c3-ae2b-bf2352f1f46f,641d4493-8801-4a96-a6a9-86e23af2db02,3,Lat Pulldowns with Wide Overhand Grip,Cable,
07e4ee07-0db1-464b-8f2c-96673952ed54,641d4493-8801-4a96-a6a9-86e23af2db02,4,Rows with Wide Grip,Cable,
f2bc1b8a-2616-4eb7-b1cb-7c0cbacd8e81,641d4493-8801-4a96-a6a9-86e23af2db02,5,Dips,Bodyweight,
0c6cdde5-7b1f-4019-a84e-04f98ab6e81e,641d4493-8801-4a96-a6a9-86e23af2db02,6,Preacher Curls,EZ Curl Bar,
72421009-d8c6-4f97-9c15-6c21051ef32d,f34e364e-91a5-44ae-a676-2da107db919f,1,Landmine Hack Squats,Landmine,
9dc1bf88-6125-458a-bb79-d9f7837cd342,f34e364e-91a5-44ae-a676-2da107db919f,2,Hip Thrusts,Barbell,
d7763047-e7e0-46f8-ac85-f15741bad50f,f34e364e-91a5-44ae-a676-2da107db919f,3,Romanian Deadlifts,Barbell,
97cef9fc-bbf6-4e33-8f2e-cffbc017f351,f34e364e-91a5-44ae-a676-2da107db919f,4,Leg Extensions,Machine,
0b43edf5-aaec-4d38-b1e1-88ae8284349e,f34e364e-91a5-44ae-a676-2da107db919f,5,Seated Calf Raises (BB),Barbell,
795e5d4e-6ec1-41ba-883d-17c906a86146,f34e364e-91a5-44ae-a676-2da107db919f,6,Sit-Ups,Bodyweight,
487315fb-cbff-4bf6-adfc-c4d6e0f74849,f34e364e-91a5-44ae-a676-2da107db919f,7,Russian Twists,Bodyweight,
4473d324-4abe-44da-8aee-05a58fa3415a,8c6fb271-6aaa-46cb-bfbb-94ee6faeb16d,1,Incline Bench Press,Barbell,
3a272a2a-4d7b-4013-a928-2e87409a7777,8c6fb271-6aaa-46cb-bfbb-94ee6faeb16d,2,Bench Press,Dumbbells,
ad2ccdb6-b3d9-45e1-8527-660c392fe097,8c6fb271-6aaa-46cb-bfbb-94ee6faeb16d,3,High Cable Flys,Cable,
9d195a9d-b042-4cc7-b9b8-175b527acd1f,8c6fb271-6aaa-46cb-bfbb-94ee6faeb16d,4,Bench Press with Close Grip,Barbell,
221818e3-4f2f-46aa-abe9-d5af67e8c61d,8c6fb271-6aaa-46cb-bfbb-94ee6faeb16d,5,Triceps Pushdowns with Rope,Cable,
cbe3eab1-eb9a-4a0e-ac05-af34f3fe7b5c,8c6fb271-6aaa-46cb-bfbb-94ee6faeb16d,6,Bent-Over Lateral Raises,Dumbbells,
f1e92bc2-c5db-4e53-aaac-9c28316e61f8,8c6fb271-6aaa-46cb-bfbb-94ee6faeb16d,7,Lateral Raises,Dumbbells,
f2940895-f448-40a2-ae11-6fb15f0aa93f,8c6fb271-6aaa-46cb-bfbb-94ee6faeb16d,8,Kneeling Crunches,Cable,
9925266b-0c9e-40ba-9a52-063c6a875427,df82f3a8-80b3-4130-b70e-60817adccff6,1,Pull-Ups with Close Neutral Grip,Bodyweight,
946bf565-615a-4ccc-b2d7-cea1eafb4cc6,df82f3a8-80b3-4130-b70e-60817adccff6,2,Bent-Over Rows with Wide Grip,Barbell,
6d715ed1-84cd-4bf7-a863-b01336193243,df82f3a8-80b3-4130-b70e-60817adccff6,3,Rows with Reverse Grip,Cable,
56986b6d-628d-4503-89e4-f3372b5e2b69,df82f3a8-80b3-4130-b70e-60817adccff6,4,Lean Away Lateral Raises,Dumbbells,
75750085-5dce-42c5-8dba-2ae8b37b55d5,df82f3a8-80b3-4130-b70e-60817adccff6,5,Incline Reverse Flys,Dumbbells,
a3e51b2e-1fab-43c3-b1dc-922c28d7d066,df82f3a8-80b3-4130-b70e-60817adccff6,6,Shrugs,Barbell,
e1bcedf8-4a27-4405-b141-b9498718c2d9,df82f3a8-80b3-4130-b70e-60817adccff6,7,Incline Curls,Dumbbells,
93e832e4-6577-4452-b492-a9628487a301,a7f18c62-b01d-44f9-8e2b-110edd6f1ec8,1,Deadlifts,Barbell,
5f2d85b9-5c40-4e48-9d7b-c8adb6af716e,a7f18c62-b01d-44f9-8e2b-110edd6f1ec8,2,Seated Leg Curls,Machine,
0949ae40-7c4f-4a28-ad1b-266c39c46082,a7f18c62-b01d-44f9-8e2b-110edd6f1ec8,3,Leg Extensions,Machine,
015140d0-1f65-4b7a-b84f-011d17a5092f,a7f18c62-b01d-44f9-8e2b-110edd6f1ec8,4,Hammer Curls (Tri bar),EZ Curl Bar,
19953ed6-93e7-47ea-9e57-6f7e6d364699,a7f18c62-b01d-44f9-8e2b-110edd6f1ec8,5,Kneeling Side Crunches,Cable,
49069c15-fc4b-4e2d-81c6-ed0312f9453b,a7f18c62-b01d-44f9-8e2b-110edd6f1ec8,6,Decline Sit-Ups,Bodyweight,
f7e82661-18ee-4f27-aae0-7ddd115f0358,8424b921-75a6-420c-bad6-d7adfdbe731b,1,Bench Press,Dumbbells,
bbc386af-7a26-4b6c-86c8-0827adfae937,8424b921-75a6-420c-bad6-d7adfdbe731b,2,Incline Bench Press,Dumbbells,
84c4dee4-e3eb-4600-acef-cb7b4cb229be,8424b921-75a6-420c-bad6-d7adfdbe731b,3,Lat Pulldowns with Wide Overhand Grip,Cable,
9a14af7c-d080-44c3-ba2e-a072cdece4e5,8424b921-75a6-420c-bad6-d7adfdbe731b,4,Rows with Wide Grip,Cable,
788adecb-ce99-4ccc-bd23-8e0c78c46315,8424b921-75a6-420c-bad6-d7adfdbe731b,5,Incline Lateral Raises,Dumbbells,
43e9b315-2039-4aa9-aa54-d017c84c38b9,8424b921-75a6-420c-bad6-d7adfdbe731b,6,Dips,Bodyweight,Superset 1
1294ed80-f81e-4dcd-aa61-d7168910bce2,8424b921-75a6-420c-bad6-d7adfdbe731b,7,Preacher Curls,EZ Curl Bar,Superset 1
025daacd-4e11-4291-a59c-ff6c2b8dd14a,87e3585f-ac9c-4522-a943-873cfa9eca55,1,Landmine Hack Squats,Landmine,
15d48d04-711d-4789-96e2-bdb9c4ed3c61,87e3585f-ac9c-4522-a943-873cfa9eca55,2,Hip Thrusts,Barbell,
1ab58a27-7eaf-4d22-8cbf-df88e607e450,87e3585f-ac9c-4522-a943-873cfa9eca55,3,Romanian Deadlifts,Barbell,
8317d487-d2e1-4ba5-b0ee-a622c52ed5a1,87e3585f-ac9c-4522-a943-873cfa9eca55,4,Leg Extensions,Machine,
cb0c88be-323c-4c98-9ea6-cc1b8bf0a543,87e3585f-ac9c-4522-a943-873cfa9eca55,5,Seated Calf Raises (BB),Barbell,
c264c281-d15d-4ed4-9d46-f65ad37279ed,87e3585f-ac9c-4522-a943-873cfa9eca55,6,Sit-Ups,Bodyweight,
206a2edd-a9c3-4731-80e1-c1176414e744,87e3585f-ac9c-4522-a943-873cfa9eca55,7,Russian Twists,Bodyweight,
f63293cc-9d34-494a-a4e9-e3bfba73fc5f,713d91da-9851-4da8-8453-d018f8b47e8f,1,Incline Bench Press,Barbell,
a0ab48c7-6249-41c3-9ed0-7734d5221d6f,713d91da-9851-4da8-8453-d018f8b47e8f,2,Bench Press,Dumbbells,
89f56c61-ea68-4cd4-be94-597dee0b97af,713d91da-9851-4da8-8453-d018f8b47e8f,3,High Cable Flys,Cable,
ec770abc-ce81-4681-b539-97d66e3acd50,713d91da-9851-4da8-8453-d018f8b47e8f,4,Bench Press with Close Grip,Barbell,
c2fbc84d-23e1-4559-8c8d-e4b42eb30acc,713d91da-9851-4da8-8453-d018f8b47e8f,5,Triceps Pushdowns with Rope,Cable,
23a2e92e-2bfc-45b0-91fc-fed0e79e6783,713d91da-9851-4da8-8453-d018f8b47e8f,6,Bent-Over Lateral Raises,Dumbbells,
daf0ac8b-ffeb-40f1-b741-a54818747175,713d91da-9851-4da8-8453-d018f8b47e8f,7,Lateral Raises,Dumbbells,
6f456a73-7cd5-4a28-8cc0-91e3fa477fde,713d91da-9851-4da8-8453-d018f8b47e8f,8,Kneeling Crunches,Cable,
4cca1cb0-5810-42aa-9906-067dfa41ba0f,e39aaf5b-6ba3-46cf-9cd4-3e7ede4d9552,1,Pull-Ups with Close Neutral Grip,Bodyweight,
96804e59-1e56-4179-8773-466ff356e05c,e39aaf5b-6ba3-46cf-9cd4-3e7ede4d9552,2,Bent-Over Rows with Wide Grip,Barbell,
61ccd2f8-a19e-4311-a37a-d1f4c7002b95,e39aaf5b-6ba3-46cf-9cd4-3e7ede4d9552,3,Rows with Reverse Grip,Cable,
e6133cde-b3b7-40c8-b4bf-478af5798bf6,e39aaf5b-6ba3-46cf-9cd4-3e7ede4d9552,4,Lean Away Lateral Raises,Dumbbells,
d5a00a8c-c16e-468d-88ce-9930ec172704,e39aaf5b-6ba3-46cf-9cd4-3e7ede4d9552,5,Incline Reverse Flys,Dumbbells,
95af6e9f-48a0-432d-8148-4eb3d9e371eb,e39aaf5b-6ba3-46cf-9cd4-3e7ede4d9552,6,Shrugs,Barbell,
669d9a70-c717-4703-9425-6112b8628acc,e39aaf5b-6ba3-46cf-9cd4-3e7ede4d9552,7,Incline Curls,Dumbbells,
7f03ea3a-b314-4653-bb5f-a0cddf4ca670,d608758c-9012-40f9-907a-c29a7b9d3b03,1,Deadlifts,Barbell,
1043a0ef-7df4-433f-82ff-a66509733841,d608758c-9012-40f9-907a-c29a7b9d3b03,2,Seated Leg Curls,Machine,
ea01fe5d-6c57-4225-a080-f22dde6babdd,d608758c-9012-40f9-907a-c29a7b9d3b03,3,Leg Extensions,Machine,
2877c872-8280-46ea-a880-bcd4e49289f5,d608758c-9012-40f9-907a-c29a7b9d3b03,4,Hammer Curls (Tri bar),EZ Curl Bar,
a0f00c83-b544-4790-8af0-ec950493c831,d608758c-9012-40f9-907a-c29a7b9d3b03,5,Kneeling Side Crunches,Cable,
91b8c918-c567-40be-8f44-65dd9841831a,d608758c-9012-40f9-907a-c29a7b9d3b03,6,Decline Sit-Ups,Bodyweight,
ba2403ed-1fa9-4270-a600-28fe7a81bfbb,152bb682-3ded-4f6d-b355-42432d01950f,1,Bench Press,Dumbbells,
7a4e3277-f2ea-4b9e-ad93-7eca43f41568,152bb682-3ded-4f6d-b355-42432d01950f,2,Incline Bench Press,Dumbbells,
23e48905-ea16-4446-9ba1-097c62b97697,152bb682-3ded-4f6d-b355-42432d01950f,3,Lat Pulldowns with Wide Overhand Grip,Cable,
195a986b-fb0d-41d1-97a3-22eaf57fb648,152bb682-3ded-4f6d-b355-42432d01950f,4,Rows with Wide Grip,Cable,
68240a85-9b18-4301-bdbd-c2dab7d05b30,152bb682-3ded-4f6d-b355-42432d01950f,5,Incline Lateral Raises,Dumbbells,
97fac768-40f1-49d6-bd94-21d09c9c237e,152bb682-3ded-4f6d-b355-42432d01950f,6,Dips,Bodyweight,
eb9fcb09-4553-471f-94b9-620f8e96ec23,152bb682-3ded-4f6d-b355-42432d01950f,7,Preacher Curls,EZ Curl Bar,
6e65a90e-de82-4256-9465-02632f921bad,dc88a306-b8ec-4e81-8590-812ecd999362,1,Landmine Hack Squats,Landmine,
1fbe7a35-a4eb-4938-8688-14bac62211b0,dc88a306-b8ec-4e81-8590-812ecd999362,2,Hip Thrusts,Barbell,
4d16ca2f-d5be-4e22-b0fd-5745558bd756,dc88a306-b8ec-4e81-8590-812ecd999362,3,Romanian Deadlifts,Barbell,
44a68306-c128-4633-a9ad-f16d88113e0c,dc88a306-b8ec-4e81-8590-812ecd999362,4,Leg Extensions,Machine,
cdbc0742-7297-4955-b211-a097965d9eb7,dc88a306-b8ec-4e81-8590-812ecd999362,5,Seated Calf Raises (BB),Barbell,
1180298f-2d7b-45d0-9fad-a678f13c483b,dc88a306-b8ec-4e81-8590-812ecd999362,6,Sit-Ups,Bodyweight,
e098bbe7-1ecb-4bbe-922c-92ab80cbb528,dc88a306-b8ec-4e81-8590-812ecd999362,7,Russian Twists,Bodyweight,
f79cfd23-a228-406c-9937-d28cc61612bb,caa0c5f8-c2f9-4af0-a719-d3af0d1b9b71,1,Incline Bench Press,Barbell,
70e5f738-3d45-4c2d-9e44-703b0f1fce9c,caa0c5f8-c2f9-4af0-a719-d3af0d1b9b71,2,Bench Press,Dumbbells,
24922985-af06-4c94-8374-e2c1920fa518,caa0c5f8-c2f9-4af0-a719-d3af0d1b9b71,3,High Cable Flys,Cable,
38a9820c-3f99-46e1-a850-efc70bc0b18b,caa0c5f8-c2f9-4af0-a719-d3af0d1b9b71,4,Bench Press with Close Grip,Barbell,
86beedef-8abd-42bc-9382-341df7ff7d16,caa0c5f8-c2f9-4af0-a719-d3af0d1b9b71,5,Triceps Pushdowns with Rope,Cable,
5827a329-ef46-41df-a8bf-028e810a3909,caa0c5f8-c2f9-4af0-a719-d3af0d1b9b71,6,Bent-Over Lateral Raises,Dumbbells,
4bce92e7-e771-44fe-8525-25bbc43db365,caa0c5f8-c2f9-4af0-a719-d3af0d1b9b71,7,Lateral Raises,Dumbbells,
d7bb6b5e-3731-4026-9203-f339e3cc0bcc,caa0c5f8-c2f9-4af0-a719-d3af0d1b9b71,8,Kneeling Crunches,Cable,
a012275e-692b-49f9-874b-f8999e52aa6f,e2c376c7-1bf1-4ff2-b8e1-947266a29278,1,Pull-Ups with Close Neutral Grip,Bodyweight,
11532e49-ee91-4469-90b2-b22edf4d4d8a,e2c376c7-1bf1-4ff2-b8e1-947266a29278,2,Bent-Over Rows with Wide Grip,Barbell,
dded379e-0528-40e3-b7d7-860c517f5a75,e2c376c7-1bf1-4ff2-b8e1-947266a29278,3,Rows with Reverse Grip,Cable,
c92edf92-25bb-424c-881c-340a63249820,e2c376c7-1bf1-4ff2-b8e1-947266a29278,4,Lean Away Lateral Raises,Dumbbells,
97fc1371-b645-45d6-a572-89dc40d840c7,e2c376c7-1bf1-4ff2-b8e1-947266a29278,5,Incline Reverse Flys,Dumbbells,
1cc828f7-5918-44ba-bda4-442a308f991d,e2c376c7-1bf1-4ff2-b8e1-947266a29278,6,Shrugs,Barbell,
6c4405c9-0147-4f6f-a708-7008d2746348,e2c376c7-1bf1-4ff2-b8e1-947266a29278,7,Incline Curls,Dumbbells,
95283939-5ce0-4d1e-96ea-bc89e66c41a8,96fb456a-7c4d-4f94-9544-5977a9e46870,1,Deadlifts,Barbell,
4a784cd9-34d8-4e6a-80ef-66997df9e545,96fb456a-7c4d-4f94-9544-5977a9e46870,2,Seated Leg Curls,Machine,
c15ca63d-a2a1-4a58-8883-74cede1a1702,96fb456a-7c4d-4f94-9544-5977a9e46870,3,Leg Extensions,Machine,
2ed4432f-91bc-42c4-b2ac-4700ce3f1461,96fb456a-7c4d-4f94-9544-5977a9e46870,4,Hammer Curls (Tri bar),EZ Curl Bar,
30bcf766-33b6-4e54-8bea-474ba22bcc3d,96fb456a-7c4d-4f94-9544-5977a9e46870,5,Kneeling Side Crunches,Cable,
4773cc63-c87b-47c6-9e00-6cd1913fc087,96fb456a-7c4d-4f94-9544-5977a9e46870,6,Decline Sit-Ups,Bodyweight,
cd9a700c-a348-4f9a-a7d8-f5e11cfb5619,4900b91c-e28a-44a4-a04c-cea126dd1d70,1,Bench Press,Dumbbells,
b9b85420-c616-4f0b-828d-ae9e036be848,4900b91c-e28a-44a4-a04c-cea126dd1d70,2,Incline Bench Press,Dumbbells,
5288fcef-e047-47da-8da8-c81f44a04296,4900b91c-e28a-44a4-a04c-cea126dd1d70,3,Lat Pulldowns with Wide Overhand Grip,Cable,
3553010d-f7e8-4e9f-aa11-e80e2bf03fdb,4900b91c-e28a-44a4-a04c-cea126dd1d70,4,Rows with Wide Grip,Cable,
7ae7b3dc-36af-4204-bbde-3a09f612f99a,4900b91c-e28a-44a4-a04c-cea126dd1d70,5,Incline Lateral Raises,Dumbbells,
31cc2dcb-04d2-465a-8e64-f5f2e723234d,4900b91c-e28a-44a4-a04c-cea126dd1d70,6,Dips,Bodyweight,
a9f0a764-823f-44c5-a7d4-77f51755ec00,4900b91c-e28a-44a4-a04c-cea126dd1d70,7,Preacher Curls,EZ Curl Bar,
63747f4f-7b7b-4d0d-b498-b221d313a54a,0e116f8e-0df7-4810-b5a0-9ad9e578471b,1,Landmine Hack Squats,Landmine,
4f6abcfb-69ef-4e6d-9234-fbdcc310b44a,0e116f8e-0df7-4810-b5a0-9ad9e578471b,2,Hip Thrusts,Barbell,
c5225012-a532-4d1d-8109-132611af9374,0e116f8e-0df7-4810-b5a0-9ad9e578471b,3,Romanian Deadlifts,Barbell,
36cef97f-54e3-478d-a82a-67a1e1ef8224,0e116f8e-0df7-4810-b5a0-9ad9e578471b,4,Leg Extensions,Machine,
037de132-a631-40db-8114-8f1a5aa5a0ce,0e116f8e-0df7-4810-b5a0-9ad9e578471b,5,Seated Calf Raises (BB),Barbell,
7707f722-c594-431e-9a20-fa2309e02edf,0e116f8e-0df7-4810-b5a0-9ad9e578471b,6,Sit-Ups,Bodyweight,
53f70bfc-e952-4652-87fd-f84d59687280,5aaa1522-c397-42fb-929c-b8508e5825c2,1,Incline Bench Press,Barbell,
ff9a54ad-8b72-437c-b449-d637ccdcee77,5aaa1522-c397-42fb-929c-b8508e5825c2,2,Bench Press,Dumbbells,
b689bd95-4644-4276-9951-65723b922a56,5aaa1522-c397-42fb-929c-b8508e5825c2,3,High Cable Flys,Cable,
12db6431-d6d5-4ed0-93d4-e1c406f4583d,5aaa1522-c397-42fb-929c-b8508e5825c2,4,Bench Press with Close Grip,Barbell,
226a7b9c-6af1-4a5e-97b1-07e0e3aad443,5aaa1522-c397-42fb-929c-b8508e5825c2,5,Triceps Pushdowns with Rope,Cable,
bcdb74b4-01ac-4a0a-9ade-c833b83e052f,5aaa1522-c397-42fb-929c-b8508e5825c2,6,Bent-Over Lateral Raises,Dumbbells,
8f3d2717-f6a8-44e8-a0b5-4d91a59c9942,5aaa1522-c397-42fb-929c-b8508e5825c2,7,Lateral Raises,Dumbbells,
e7ab130f-e5f9-406e-8cdb-f09203b54f5d,5aaa1522-c397-42fb-929c-b8508e5825c2,8,Kneeling Crunches,Cable,
e66b83eb-a599-4308-9669-f8b3255cb3fb,68ee726c-5e39-4f61-99b4-5b2c75b3a077,1,Pull-Ups with Close Neutral Grip,Bodyweight,
f48f8fa2-5cb8-4e1b-b57f-be07e9b96d98,68ee726c-5e39-4f61-99b4-5b2c75b3a077,2,Bent-Over Rows with Wide Grip,Barbell,
015cc875-7b9c-44d6-9ce6-a6164df580fd,68ee726c-5e39-4f61-99b4-5b2c75b3a077,3,Rows with Reverse Grip,Cable,
7f43da54-4fe2-45ee-b0f1-a8fcb47ccf59,68ee726c-5e39-4f61-99b4-5b2c75b3a077,4,Lean Away Lateral Raises,Dumbbells,
37aeafd5-e17e-48e4-b764-fb912459fd5a,68ee726c-5e39-4f61-99b4-5b2c75b3a077,5,Incline Reverse Flys,Dumbbells,
13c263b4-9a57-4ffa-adda-9eb1a4e68893,68ee726c-5e39-4f61-99b4-5b2c75b3a077,6,Shrugs,Barbell,
64113e54-f8ff-46dd-83d8-8d81a0f6b672,68ee726c-5e39-4f61-99b4-5b2c75b3a077,7,Incline Curls,Dumbbells,
029aa563-d6a1-4727-b5ff-d8ea6405b46c,271c7cfc-ef47-4ab7-adc5-27ff987e719b,1,Landmine Hack Squats,Landmine,
eb4ff330-2ca9-4e75-b4aa-35c2428aab4b,271c7cfc-ef47-4ab7-adc5-27ff987e719b,2,Leg Extensions,Machine,
61dfd4d8-5b26-46c8-a4b1-c9275fc61a40,271c7cfc-ef47-4ab7-adc5-27ff987e719b,3,Hip Thrusts,Barbell,
537ac08d-3546-4492-8f90-574b6ed8c583,271c7cfc-ef47-4ab7-adc5-27ff987e719b,4,Romanian Deadlifts,Trap bar,
57ce679e-0ec8-4aec-8de8-1c4bc589ea3d,271c7cfc-ef47-4ab7-adc5-27ff987e719b,5,Standing Calf Raises,Smith machine,
360792ee-b557-4cbd-9096-a284cd05f1d3,271c7cfc-ef47-4ab7-adc5-27ff987e719b,6,Kneeling Side Crunches,Cable,
82d009fc-39b1-4c12-b353-13a1ff4de294,271c7cfc-ef47-4ab7-adc5-27ff987e719b,7,Decline Crunches,Bodyweight,
acc5dbd2-bbed-4e71-aceb-8b3f7cef83e6,7bd9c364-4c6e-42e8-9bf2-62ba9e5c0b9a,1,Incline Bench Press 60°,Dumbbells,
7e9431d4-b1c3-4a53-adcb-e3bf4625fc1e,7bd9c364-4c6e-42e8-9bf2-62ba9e5c0b9a,2,Flys,Dumbbells,
679cc1ba-54f2-49f5-84c0-3c7a6dd93f83,7bd9c364-4c6e-42e8-9bf2-62ba9e5c0b9a,3,Lat Pulldowns with Wide Neutral Grip,Cable,
5b75b2df-d329-4ea7-9f79-b2c40ad4e3d7,7bd9c364-4c6e-42e8-9bf2-62ba9e5c0b9a,4,Pullovers,Cable,
166a7e3c-6754-4559-878a-e843286dc765,7bd9c364-4c6e-42e8-9bf2-62ba9e5c0b9a,5,Y Raises,Cable,
a1e919b3-4e34-4af6-a587-76c7e0c03f20,7bd9c364-4c6e-42e8-9bf2-62ba9e5c0b9a,6,Hammer Curls,Dumbbells,
aa87df23-c9ad-41bb-b1d2-5289b3f26e5b,7bd9c364-4c6e-42e8-9bf2-62ba9e5c0b9a,7,Triceps Pushdowns,Cable,
fb500945-e448-4ce7-942a-175ab7f0b0be,7bd9c364-4c6e-42e8-9bf2-62ba9e5c0b9a,8,Side Sit-Ups,Bodyweight,
4361ea0c-24e9-409c-acbe-3278b75468d9,98af0721-50ce-4338-8a57-630b18600f1d,1,Bench Press,Barbell,
68df2600-7b3f-48ba-a984-4fd4ef474a27,98af0721-50ce-4338-8a57-630b18600f1d,2,Deficit Deadlifts,Trap bar,
d171027f-c093-4e75-94ab-3a453e14cd26,98af0721-50ce-4338-8a57-630b18600f1d,3,Seated Leg Curls,Machine,
2ba76af3-a20b-4062-acf4-51a5a7d7546f,98af0721-50ce-4338-8a57-630b18600f1d,4,T-Bar Reverse Lunges,Landmine,
497ae175-af2f-4f5f-92ee-4abdfc944fa6,98af0721-50ce-4338-8a57-630b18600f1d,5,Seated Calf Raises (BB),Barbell,
02884a5f-2549-4cc9-bdbc-6016f8f9ed9c,98af0721-50ce-4338-8a57-630b18600f1d,6,Hanging Leg Raises with Twist,Bodyweight,
a9dc0595-ea04-4935-bb1c-b809e5df1a49,98af0721-50ce-4338-8a57-630b18600f1d,7,Sit-Ups,Bodyweight,
719e1a38-6791-4750-beb4-648f61128729,64cd151c-0314-417a-a141-384b0ae3ecfe,1,Pull-Ups with Wide Overhand Grip,Bodyweight,
c0f168bb-c2b6-4cb7-b899-15dcb661d1db,64cd151c-0314-417a-a141-384b0ae3ecfe,2,Bent-Over Rows with Reverse Grip,Barbell,
9b0040ca-3c41-4439-97cd-5089c304eb68,64cd151c-0314-417a-a141-384b0ae3ecfe,3,Rows with Wide Neutral Grip,Cable,
275024e5-ee81-47a8-8223-d58a74f2e81e,64cd151c-0314-417a-a141-384b0ae3ecfe,4,Arnold Press,Dumbbells,
5343622a-70f5-4166-b1f6-3ca0b69ad167,64cd151c-0314-417a-a141-384b0ae3ecfe,5,Reverse Flys,Cable,
577799c3-5e4b-4574-9c37-35f5aca23aac,64cd151c-0314-417a-a141-384b0ae3ecfe,6,Bent-Over Shrugs,Dumbbells,
94cf197a-9486-4f63-9b99-ee715de78d54,64cd151c-0314-417a-a141-384b0ae3ecfe,7,Curls (one arm),Cable,
02dbab1b-6671-4903-bbb8-41751f453594,64cd151c-0314-417a-a141-384b0ae3ecfe,8,Sit-Ups,Bodyweight,
d39a5c86-c929-4d6f-8fb6-fcb5cb403c13,af77c751-c9b5-4396-b8ce-dd2542677958,1,Incline Bench Press,Barbell,
f30dc011-c10b-4b7c-8098-0677acfb5eee,af77c751-c9b5-4396-b8ce-dd2542677958,2,Bench Press,Dumbbells,
e2c7c619-53dd-4591-afec-0d41a9c81cd0,af77c751-c9b5-4396-b8ce-dd2542677958,3,Incline Flys 20-deg,Dumbbells,
0cf4cca0-4172-4e13-855d-3be4fa28c583,af77c751-c9b5-4396-b8ce-dd2542677958,4,Seated Lateral Raises,Dumbbells,
b63d549e-6b8c-4430-af6e-b36fbdef0f7a,af77c751-c9b5-4396-b8ce-dd2542677958,5,Bent-Over Lateral Raises,Dumbbells,
1083a6eb-e8d6-4810-bb8a-e25c5e391af4,af77c751-c9b5-4396-b8ce-dd2542677958,6,Overhead Shrugs,Barbell,
a77328bd-d823-43f6-9952-342ac6aaef0f,af77c751-c9b5-4396-b8ce-dd2542677958,7,JM Press,Barbell,
24d1e387-851a-4d74-9316-672a3a533a5c,3e9a8dda-e437-468e-b1be-e49ee2ebd30b,1,Landmine Hack Squats,Landmine,
f4487c12-6c3f-4a9a-aaf1-a3cfe49a2e9f,3e9a8dda-e437-468e-b1be-e49ee2ebd30b,2,Leg Extensions,Machine,
23032eaf-4372-454c-914a-39e9b1793f6f,3e9a8dda-e437-468e-b1be-e49ee2ebd30b,3,Hip Thrusts,Barbell,
b3834b83-d523-4cae-9b08-c11ecc36850b,3e9a8dda-e437-468e-b1be-e49ee2ebd30b,4,Romanian Deadlifts,Trap bar,
2a4023b7-ec3d-4a53-add8-9b007d2e4bfc,3e9a8dda-e437-468e-b1be-e49ee2ebd30b,5,Kneeling Side Crunches,Cable,
f66d1a38-1a88-4172-9f30-85679b59df30,3e9a8dda-e437-468e-b1be-e49ee2ebd30b,6,Decline Crunches,Bodyweight,
cabdba7b-d7b6-475a-a3a7-bbf1e7aa9200,bc4f1d9c-b38a-46d5-abb0-e87b98150a0b,1,Incline Bench Press 60°,Dumbbells,
eb4c58d7-a130-4722-bc58-6df9204e0558,bc4f1d9c-b38a-46d5-abb0-e87b98150a0b,2,Flys,Dumbbells,
c7b5c811-aa97-4de6-b0d5-0e522011b6bd,bc4f1d9c-b38a-46d5-abb0-e87b98150a0b,3,Lat Pulldowns with Wide Neutral Grip,Cable,
fd8688e8-2c7a-4bad-b6e0-1341589fbed2,bc4f1d9c-b38a-46d5-abb0-e87b98150a0b,4,Pullovers,Cable,
884ce114-7f54-4557-8ca3-e4ace650e76c,bc4f1d9c-b38a-46d5-abb0-e87b98150a0b,5,Y Raises,Cable,
35c91320-bb54-40d6-b7c9-af34df15e3fd,bc4f1d9c-b38a-46d5-abb0-e87b98150a0b,6,Hammer Curls,Dumbbells,
9418c443-3071-4e62-bab6-d074701192c8,bc4f1d9c-b38a-46d5-abb0-e87b98150a0b,7,Triceps Pushdowns,Cable,
4b7039ab-99f1-43b4-a0b8-643420ddbc7b,b21117f9-6a07-4f4d-a654-ca6b20e82d57,1,Bench Press,Barbell,
0c2e09f5-6d96-4000-9c3d-5161ca270a6d,b21117f9-6a07-4f4d-a654-ca6b20e82d57,2,Deficit Deadlifts,Trap bar,
5132c569-1d7e-4b3b-bc04-1bf756cb2194,b21117f9-6a07-4f4d-a654-ca6b20e82d57,3,Seated Leg Curls,Machine,
1d7f2d6f-b183-42c5-ba91-4114b8ca05cf,b21117f9-6a07-4f4d-a654-ca6b20e82d57,4,T-Bar Reverse Lunges,Landmine,
e324966c-3a05-42c5-a904-e8ca32565710,b21117f9-6a07-4f4d-a654-ca6b20e82d57,5,Seated Calf Raises (BB),Barbell,
43ca0281-e01d-424d-a4a5-596dbcf240ff,b21117f9-6a07-4f4d-a654-ca6b20e82d57,6,Hanging Leg Raises with Twist,Bodyweight,
6c74ad22-d81f-4148-a9ec-808cf2cd165c,c38d7a95-428a-43c7-9e6b-9499e7e8d0ef,1,Pull-Ups with Wide Overhand Grip,Bodyweight,
c0d1565a-87f7-444b-844c-492f1959d861,c38d7a95-428a-43c7-9e6b-9499e7e8d0ef,2,Bent-Over Rows with Reverse Grip,Barbell,
cbe9cf14-9ea9-4a92-bea7-6cbf43fe0757,c38d7a95-428a-43c7-9e6b-9499e7e8d0ef,3,Rows with Wide Neutral Grip,Cable,
5fb0af8c-dbfd-4800-a26c-b123a99022df,c38d7a95-428a-43c7-9e6b-9499e7e8d0ef,4,Arnold Press,Dumbbells,
f1e5cacf-4f4b-45d7-ade9-6d8d8615732e,c38d7a95-428a-43c7-9e6b-9499e7e8d0ef,5,Reverse Flys,Cable,
858d46cd-1756-4495-be54-125f1be8e16d,c38d7a95-428a-43c7-9e6b-9499e7e8d0ef,6,Curls (one arm),Cable,
056d9cc3-9434-4944-bd1c-3cd33dc9eb4b,9ca45359-3979-43cd-8ce5-119acc5de20d,1,Incline Bench Press,Barbell,
9d42cb55-b95a-46b3-8eea-c132a68c0bcb,9ca45359-3979-43cd-8ce5-119acc5de20d,2,Bench Press,Dumbbells,
d22b741e-6d2c-4755-9998-233483a3b18c,9ca45359-3979-43cd-8ce5-119acc5de20d,3,Incline Flys 20-deg,Dumbbells,
fcdd40d4-9756-475f-b6a5-5f4172067117,9ca45359-3979-43cd-8ce5-119acc5de20d,4,Seated Lateral Raises,Dumbbells,
c5da9b25-dd33-4d5a-b300-843a4d06ce49,9ca45359-3979-43cd-8ce5-119acc5de20d,5,Bent-Over Lateral Raises,Dumbbells,
2c845f77-930b-471c-a421-ce8ef2f0dbad,9ca45359-3979-43cd-8ce5-119acc5de20d,6,Overhead Shrugs,Barbell,
b08a083c-89ad-4501-a40c-5772410508fe,9ca45359-3979-43cd-8ce5-119acc5de20d,7,JM Press,Barbell,
cce128d2-1dc7-4a6c-a607-420eb51be357,8a8b6d0b-e584-4b2d-933d-0f7099fdb434,1,Landmine Hack Squats,Landmine,
98042142-0714-4d69-8416-1ab6fff83e81,8a8b6d0b-e584-4b2d-933d-0f7099fdb434,2,Leg Extensions,Machine,
af5e7c80-6030-4cc5-bbb9-6a25a7da7e6a,8a8b6d0b-e584-4b2d-933d-0f7099fdb434,3,Hip Thrusts,Barbell,
d447b85b-1a7c-44be-b866-1a2b44f9aca5,8a8b6d0b-e584-4b2d-933d-0f7099fdb434,4,Romanian Deadlifts,Trap bar,
081ed7dc-fbdd-4ba3-aff2-c7de55bafedc,8a8b6d0b-e584-4b2d-933d-0f7099fdb434,5,Standing Calf Raises,Smith machine,
6a479b19-4f10-4536-9601-6d39a725808c,8a8b6d0b-e584-4b2d-933d-0f7099fdb434,6,Kneeling Side Crunches,Cable,
ac00d12c-7da2-4d64-b170-8eade7784704,8a8b6d0b-e584-4b2d-933d-0f7099fdb434,7,Decline Crunches,Bodyweight,
1b75ee64-9bdb-4aac-b931-510b88076481,13bdb8a9-4426-4972-bdbf-57300cf72f88,1,Incline Bench Press 60°,Dumbbells,
e981ecce-fcd8-424e-bf7d-42b34b3295d2,13bdb8a9-4426-4972-bdbf-57300cf72f88,2,Flys,Dumbbells,
c451870a-f0ac-4dbb-8434-1466a39928a2,13bdb8a9-4426-4972-bdbf-57300cf72f88,3,Lat Pulldowns with Wide Neutral Grip,Cable,
feb2874f-017e-4ca3-b2cc-10795cca0748,13bdb8a9-4426-4972-bdbf-57300cf72f88,4,Pullovers,Cable,
96a25dab-15c2-4e60-9258-d2f6d8d08bf4,13bdb8a9-4426-4972-bdbf-57300cf72f88,5,Y Raises,Cable,
5023779f-a112-46e5-b743-c2596b0aedaa,13bdb8a9-4426-4972-bdbf-57300cf72f88,6,Hammer Curls,Dumbbells,
0a044239-3ada-47b3-aa5e-cbbabb98a93e,13bdb8a9-4426-4972-bdbf-57300cf72f88,7,Triceps Pushdowns,Cable,
24754eba-d783-44ec-a489-2a22956b64cd,24addc03-af39-49b4-97f4-13a24246863a,1,Bench Press,Barbell,
24e13348-dc56-4556-8945-a70a8aab5969,24addc03-af39-49b4-97f4-13a24246863a,2,Deficit Deadlifts,Trap bar,
f2094146-f5e4-49f2-a1a1-09d184fb7437,24addc03-af39-49b4-97f4-13a24246863a,3,Seated Leg Curls,Machine,
fb822b11-0e53-4eb1-ae5c-b372a694b84a,24addc03-af39-49b4-97f4-13a24246863a,4,T-Bar Reverse Lunges,Landmine,
2821291b-0a20-4dcd-896a-9ddaade4c485,24addc03-af39-49b4-97f4-13a24246863a,5,Seated Calf Raises (BB),Barbell,
1029686d-dd93-4af2-b21b-56d83257d2fe,24addc03-af39-49b4-97f4-13a24246863a,6,Hanging Leg Raises with Twist,Bodyweight,
eeaf91a9-717f-46e3-9751-4a1a52fe7032,0e7d8a76-a12b-4d12-a4a4-720c8abec202,1,Pull-Ups with Wide Overhand Grip,Bodyweight,
b2f89258-72fb-4e44-af38-285b262b0734,0e7d8a76-a12b-4d12-a4a4-720c8abec202,2,Bent-Over Rows with Reverse Grip,Barbell,
97179919-4529-4288-a4ea-0990caed6ae2,0e7d8a76-a12b-4d12-a4a4-720c8abec202,3,Rows with Wide Neutral Grip,Cable,
84b3af2f-f769-4851-ac12-cbf7372bc59d,0e7d8a76-a12b-4d12-a4a4-720c8abec202,4,Arnold Press,Dumbbells,
49b71fe4-d0a5-4837-882c-27cb458901cb,0e7d8a76-a12b-4d12-a4a4-720c8abec202,5,Reverse Flys,Cable,
b324a1ee-d902-4b11-a7fc-bfd495e9e934,0e7d8a76-a12b-4d12-a4a4-720c8abec202,6,Incline Shrugs,Dumbbells,
616c1ab0-0759-4fdd-a66c-6ebe22b20a23,0e7d8a76-a12b-4d12-a4a4-720c8abec202,7,Curls (one arm),Cable,
e7e32172-4142-478e-9028-97c0a294dcd4,6e80cbfd-6381-4572-be6f-2008ed3e4db3,1,Incline Bench Press,Barbell,
76cbe3cb-d34b-4820-a4b0-b8cf0c389e21,6e80cbfd-6381-4572-be6f-2008ed3e4db3,2,Bench Press,Dumbbells,
75b08c19-f357-4488-8787-fc41e6b2ac13,6e80cbfd-6381-4572-be6f-2008ed3e4db3,3,Incline Flys 20-deg,Dumbbells,
f0a5e175-a93e-4431-97d0-2d0f4de12422,6e80cbfd-6381-4572-be6f-2008ed3e4db3,4,Seated Lateral Raises,Dumbbells,
560d13ba-b022-4dab-85c4-10bba6c11bd2,6e80cbfd-6381-4572-be6f-2008ed3e4db3,5,Bent-Over Lateral Raises,Dumbbells,
0a5c3a2b-b882-4a0f-8fa3-34749c80ee1e,6e80cbfd-6381-4572-be6f-2008ed3e4db3,6,Overhead Shrugs,Barbell,
dedfd653-be3d-48d9-b0dc-2537e48dab4e,6e80cbfd-6381-4572-be6f-2008ed3e4db3,7,JM Press,Barbell,
e99bd564-10a8-4193-8f40-e760c26cc5ae,4f3ce45b-29ea-4591-9f81-7d9a1acc40f5,1,Squats,Barbell,
aad020fb-3ff2-4e11-8ee1-11e447fc78bf,4f3ce45b-29ea-4591-9f81-7d9a1acc40f5,2,Leg Extensions,Machine,
c029c885-e908-4a91-a8e1-cd1c47234169,4f3ce45b-29ea-4591-9f81-7d9a1acc40f5,3,Hip Thrusts,Barbell,
37ebb101-fc27-4e77-9a41-c17102bc0d78,4f3ce45b-29ea-4591-9f81-7d9a1acc40f5,4,Romanian Deadlifts,Barbell,
11bd2484-b154-434f-8752-b7362601bedc,4f3ce45b-29ea-4591-9f81-7d9a1acc40f5,5,Kneeling Side Crunches,Cable,
83e44cf6-0146-496b-ad74-f27b17001750,4f3ce45b-29ea-4591-9f81-7d9a1acc40f5,6,Decline Crunches,Bodyweight,
9a9e91da-375e-4b8a-a81c-f7c1a2240f2a,8f283566-f59c-4410-9ab9-e275b47318ce,1,Incline Bench Press 60°,Dumbbells,
242b4279-de38-4961-b200-ad33e2786c79,8f283566-f59c-4410-9ab9-e275b47318ce,2,Flys,Dumbbells,
46f6d267-3e05-400d-8fac-9cd600875c7f,8f283566-f59c-4410-9ab9-e275b47318ce,3,Lat Pulldowns with Wide Neutral Grip,Cable,
8dbc1697-0cc0-43f2-b49c-09d988604c7e,8f283566-f59c-4410-9ab9-e275b47318ce,4,Pullovers,Cable,
46581572-69f1-4722-a37e-78a9b3cf9a57,8f283566-f59c-4410-9ab9-e275b47318ce,5,Y Raises,Cable,
80ce82fc-a65a-4065-9cb8-f7553c0dc902,8f283566-f59c-4410-9ab9-e275b47318ce,6,Hammer Curls,Dumbbells,
d149a861-96ee-4161-bf89-8997a5de0a1d,8f283566-f59c-4410-9ab9-e275b47318ce,7,Triceps Pushdowns,Cable,
47970a6c-4ae0-45ec-9b92-c752b46e3fb8,8835c9de-eab7-4223-8257-66ff2d44721c,1,Bench Press,Barbell,
8c83ceab-3f8a-4229-b412-00cd4e260280,8835c9de-eab7-4223-8257-66ff2d44721c,2,Deficit Deadlifts,Trap bar,
76994cf1-4e29-45c6-801c-ea5f7f06d260,8835c9de-eab7-4223-8257-66ff2d44721c,3,Seated Leg Curls,Machine,
e1c4413f-7a4f-4021-b89f-67b9b0e5f0f2,8835c9de-eab7-4223-8257-66ff2d44721c,4,Hanging Leg Raises with Twist,Bodyweight,
8c515530-7af1-41e8-aa36-b57b39621e2b,54328fef-29a4-490b-aa60-4ebd516b740f,1,Pull-Ups with Wide Overhand Grip,Bodyweight,
b3e1f5ac-6e9d-4be3-97f6-c58ab1275ce4,54328fef-29a4-490b-aa60-4ebd516b740f,2,Bent-Over Rows with Reverse Grip,Barbell,
4476c5ad-3f82-40da-835a-d5e3fad15459,54328fef-29a4-490b-aa60-4ebd516b740f,3,Rows with Wide Neutral Grip,Cable,
00935e08-2d41-4a48-aceb-05ec01cc9011,54328fef-29a4-490b-aa60-4ebd516b740f,4,Arnold Press,Dumbbells,
6f33fa8c-5da2-4c80-9d65-5a4b8021b19e,54328fef-29a4-490b-aa60-4ebd516b740f,5,Reverse Flys,Cable,
6bb76c11-00a8-4ba4-9500-6ba1ee796c17,54328fef-29a4-490b-aa60-4ebd516b740f,6,Incline Shrugs,Dumbbells,
d0844bff-7090-4c87-b818-c9c140c7fb4d,54328fef-29a4-490b-aa60-4ebd516b740f,7,Curls (one arm),Cable,
092c4b72-4a09-4a9c-a817-aa4d48b6cbc8,38c98404-d9b7-4891-957a-d80ac87ed619,1,Incline Bench Press,Barbell,
28452614-2452-49c4-b7f2-e68c8e39e251,38c98404-d9b7-4891-957a-d80ac87ed619,2,Bench Press,Dumbbells,
7ea02532-a36a-4530-8717-ca9bd7e77137,38c98404-d9b7-4891-957a-d80ac87ed619,3,Incline Flys 20-deg,Dumbbells,
cf42dced-4f7c-4d43-8445-b06405352c31,38c98404-d9b7-4891-957a-d80ac87ed619,4,Seated Lateral Raises,Dumbbells,
e97916b6-e038-49e4-832e-518a51ef4f23,38c98404-d9b7-4891-957a-d80ac87ed619,5,Bent-Over Lateral Raises,Dumbbells,
d4d74b53-f085-4df3-b9e8-fb83c93df894,38c98404-d9b7-4891-957a-d80ac87ed619,6,Overhead Shrugs,Barbell,
d563b4df-5eca-410e-9b6b-7c2c3ddb5079,38c98404-d9b7-4891-957a-d80ac87ed619,7,JM Press,Barbell,
1f262510-c1a0-47d1-bfc3-f55a9d5a44d4,c016c70b-5e02-456c-a227-0b42cf121238,1,Landmine Hack Squats,Landmine,
0cd614b1-f311-458f-99b0-6e42132398f6,c016c70b-5e02-456c-a227-0b42cf121238,2,Leg Extensions,Machine,
b99ca773-6345-421f-9bfc-cb59962275c3,c016c70b-5e02-456c-a227-0b42cf121238,3,Hip Thrusts,Barbell,
7335d85a-6b39-46a5-b87c-81991e5af87a,c016c70b-5e02-456c-a227-0b42cf121238,4,Romanian Deadlifts,Trap bar,
152455ed-7551-46b0-93fb-5a016fa49749,c016c70b-5e02-456c-a227-0b42cf121238,5,Standing Calf Raises,Smith machine,
e47ef386-0507-4168-8502-3d5bbebfd09f,c016c70b-5e02-456c-a227-0b42cf121238,6,Kneeling Side Crunches,Cable,
fd882df1-ff1e-4a88-ad53-4ed56aa745c0,c016c70b-5e02-456c-a227-0b42cf121238,7,Decline Crunches,Bodyweight,
747e8805-3a56-4c79-8c5f-1273f3dd487d,101cd9c2-407f-4230-af24-166ac6e4739a,1,Incline Bench Press 60°,Dumbbells,
e1b93661-ed3a-4b8e-93a5-66fd07c6b4a5,101cd9c2-407f-4230-af24-166ac6e4739a,2,Flys,Dumbbells,
e656a64f-30b8-41ef-9e52-1fbec34a2ca2,101cd9c2-407f-4230-af24-166ac6e4739a,3,Lat Pulldowns with Wide Neutral Grip,Cable,
0aa9a575-0d10-4ff6-87b3-dfb3b39aadfc,101cd9c2-407f-4230-af24-166ac6e4739a,4,Pullovers,Cable,
f160eabb-96e2-4c7c-a887-0c7794251ad0,101cd9c2-407f-4230-af24-166ac6e4739a,5,Y Raises,Cable,
c0bb5212-aa23-4ae4-95df-23c5ff354676,101cd9c2-407f-4230-af24-166ac6e4739a,6,Hammer Curls,Dumbbells,
fd2094e0-1779-4874-b6b2-a1d1b8a8e7e4,101cd9c2-407f-4230-af24-166ac6e4739a,7,Triceps Pushdowns,Cable,
be63d3da-bc8b-45fe-9cf8-1a591eb19c8e,5912c832-2d6d-4a6c-9dba-95cd9b059e11,1,Bench Press,Barbell,
c572dcb1-e3ed-47a7-900b-f00576a3b9c8,5912c832-2d6d-4a6c-9dba-95cd9b059e11,2,Deficit Deadlifts,Trap bar,
2db22451-a399-44be-9e3d-4e0519d0e902,5912c832-2d6d-4a6c-9dba-95cd9b059e11,3,Seated Leg Curls,Machine,
f11a0dd3-4a84-4691-8c2d-b6b6884551b2,5912c832-2d6d-4a6c-9dba-95cd9b059e11,4,T-Bar Reverse Lunges,Landmine,
f2afbef3-5177-414b-94a0-70ab7fe6e382,5912c832-2d6d-4a6c-9dba-95cd9b059e11,5,Seated Calf Raises (BB),Barbell,
ccf46843-2d35-4594-bc07-71ab541c8bd1,5912c832-2d6d-4a6c-9dba-95cd9b059e11,6,Hanging Leg Raises with Twist,Bodyweight,
c5bffe24-02c7-4c90-9b84-a07cb0b199a7,e1a2fae1-b648-421e-bb13-a756f310bf2d,1,Pull-Ups with Wide Overhand Grip,Bodyweight,
f43909f1-5e37-4db4-b732-84d614a24534,e1a2fae1-b648-421e-bb13-a756f310bf2d,2,Bent-Over Rows with Reverse Grip,Barbell,
2be22532-145c-4bfc-b395-58de37ae59b7,e1a2fae1-b648-421e-bb13-a756f310bf2d,3,Rows with Wide Neutral Grip,Cable,
ebd6a607-ada5-4f43-ba4b-fdd238f76fa0,e1a2fae1-b648-421e-bb13-a756f310bf2d,4,Arnold Press,Dumbbells,
aa8bc5a2-5c2a-44b1-b721-7a987b4515ae,e1a2fae1-b648-421e-bb13-a756f310bf2d,5,Reverse Flys,Cable,
34539389-b1a6-4c8c-894a-2531b8b264c7,e1a2fae1-b648-421e-bb13-a756f310bf2d,6,Incline Shrugs,Dumbbells,
41449dfc-11fc-4a53-aa58-1cf85cb3d5d2,e1a2fae1-b648-421e-bb13-a756f310bf2d,7,Curls (one arm),Cable,
e1366cd5-b956-441d-a1d7-e5cd4839d3d3,2a34a056-69c6-4caa-a1ff-b4ef9a35d402,1,Incline Bench Press,Barbell,
d5a75de8-02fc-47c3-9645-34a3af35240d,2a34a056-69c6-4caa-a1ff-b4ef9a35d402,2,Bench Press,Dumbbells,
9dc22f8d-9819-42b8-aa19-969e1ddf09d5,2a34a056-69c6-4caa-a1ff-b4ef9a35d402,3,Incline Flys 20-deg,Dumbbells,
b8212e0d-6225-4de2-9cbd-7f3c208724d2,2a34a056-69c6-4caa-a1ff-b4ef9a35d402,4,Seated Lateral Raises,Dumbbells,
55dba73a-ccbd-420d-9f04-45dab0156510,2a34a056-69c6-4caa-a1ff-b4ef9a35d402,5,Bent-Over Lateral Raises,Dumbbells,
5535eb05-ea6b-42ec-89a9-93b352d7dc7b,2a34a056-69c6-4caa-a1ff-b4ef9a35d402,6,Overhead Shrugs,Barbell,
4c0cce2b-323f-49a3-b11e-e5427e51ed66,2a34a056-69c6-4caa-a1ff-b4ef9a35d402,7,JM Press,Barbell,
792d9c64-0f10-4b6a-b764-dbd9753de2d5,230e4adc-246c-4580-bf43-662a57dac64f,1,Landmine Hack Squats,Landmine,
eeb09809-17e5-4083-91e4-9b2238283ff6,230e4adc-246c-4580-bf43-662a57dac64f,2,Leg Extensions,Machine,
812a679a-3034-45b1-a8bd-2eeea07b0c84,230e4adc-246c-4580-bf43-662a57dac64f,3,Hip Thrusts,Barbell,
32b3453f-7238-4698-890a-622592b15acc,230e4adc-246c-4580-bf43-662a57dac64f,4,Romanian Deadlifts,Trap bar,
55c88a19-be46-42fe-a589-4398c8a2448e,230e4adc-246c-4580-bf43-662a57dac64f,5,Standing Calf Raises,Smith machine,
bb8ca606-6f13-4c2e-a922-a347361a697d,230e4adc-246c-4580-bf43-662a57dac64f,6,Kneeling Side Crunches,Cable,
f44c2a65-1837-434c-b988-1d7f80fc5e77,230e4adc-246c-4580-bf43-662a57dac64f,7,Decline Crunches,Bodyweight,
e880f1b6-aa76-4eba-b6b0-56cf0aae41f4,a07fddbf-9016-434b-9a14-78771201b6c1,1,Incline Bench Press 60°,Dumbbells,
98b92118-3818-4ce8-b0af-1f0d0426bdde,a07fddbf-9016-434b-9a14-78771201b6c1,2,Flys,Dumbbells,
95a84b5d-5205-468f-9d48-baa7f48ff414,a07fddbf-9016-434b-9a14-78771201b6c1,3,Lat Pulldowns with Wide Neutral Grip,Cable,
efea2b6d-57fa-4b13-84db-16eb06608273,a07fddbf-9016-434b-9a14-78771201b6c1,4,Pullovers,Cable,
30fe7578-ac51-47d1-bf7a-26b95ec8f2cd,a07fddbf-9016-434b-9a14-78771201b6c1,5,Y Raises,Cable,
2474165f-8932-4ebe-b787-4a8395afae69,a07fddbf-9016-434b-9a14-78771201b6c1,6,Hammer Curls,Dumbbells,
96fb2290-5e44-4fd1-87ad-f32f6ca4fe56,a07fddbf-9016-434b-9a14-78771201b6c1,7,Triceps Pushdowns,Cable,
5d4583d5-fb4a-48ae-9857-32080188194b,e99c8594-d375-4041-b59b-8d52af1075e7,1,Bench Press,Barbell,
ec2984c1-962f-498d-8791-65b82099b7c1,e99c8594-d375-4041-b59b-8d52af1075e7,2,Deficit Deadlifts,Trap bar,
58e71c08-63b5-4379-8cec-784304e7088d,e99c8594-d375-4041-b59b-8d52af1075e7,3,Seated Leg Curls,Machine,
b9f3a52b-6095-4f08-a3eb-eb51e0a89bbb,e99c8594-d375-4041-b59b-8d52af1075e7,4,T-Bar Reverse Lunges,Landmine,
23dffc53-995c-4871-b73d-944a6db7a509,e99c8594-d375-4041-b59b-8d52af1075e7,5,Seated Calf Raises (BB),Barbell,
105338e5-abb8-4370-a1e4-deb6e8abf759,e99c8594-d375-4041-b59b-8d52af1075e7,6,Hanging Leg Raises with Twist,Bodyweight,
4749e606-9d86-4bca-91a2-f623f7a66d7d,c1610376-75e1-4544-a0fc-46a79b2e35a3,1,Pull-Ups with Wide Overhand Grip,Bodyweight,
288ee654-3fcb-477d-93b2-557db80cec91,c1610376-75e1-4544-a0fc-46a79b2e35a3,2,Bent-Over Rows with Reverse Grip,Barbell,
2daf1f06-9d3a-4383-b088-e3663003370c,c1610376-75e1-4544-a0fc-46a79b2e35a3,3,Rows with Wide Neutral Grip,Cable,
6e5c6470-75e6-472c-b0dc-d4360f88644b,c1610376-75e1-4544-a0fc-46a79b2e35a3,4,Arnold Press,Dumbbells,
19af9949-a529-4f43-99e4-f149dd801051,c1610376-75e1-4544-a0fc-46a79b2e35a3,5,Reverse Flys,Cable,
9c44c2d8-8d91-416e-944e-29abb18018b1,c1610376-75e1-4544-a0fc-46a79b2e35a3,6,Incline Shrugs,Dumbbells,
fd7df17f-0fef-42ed-bc9a-b71402d67616,c1610376-75e1-4544-a0fc-46a79b2e35a3,7,Curls (one arm),Cable,
eefed796-298c-4e08-89c8-dbeffa186417,44a58450-778b-456f-af19-1e22f04809bd,1,Incline Bench Press,Barbell,
d0ce796e-5677-4d44-801e-7a90db36e382,44a58450-778b-456f-af19-1e22f04809bd,2,Bench Press,Dumbbells,
ac2f9956-3d94-4b9c-8076-bc927e38e42f,44a58450-778b-456f-af19-1e22f04809bd,3,Incline Flys 20-deg,Dumbbells,
3319b56f-c7a5-4f81-97bb-398e38e5afa9,44a58450-778b-456f-af19-1e22f04809bd,4,Seated Lateral Raises,Dumbbells,
058ef6e9-d20f-44e7-8fa4-52326de37d77,44a58450-778b-456f-af19-1e22f04809bd,5,Bent-Over Lateral Raises,Dumbbells,
7fcde844-2c3c-4194-aa1a-6b9d4d70d0a3,44a58450-778b-456f-af19-1e22f04809bd,6,Overhead Shrugs,Barbell,
912f76c3-898e-41a4-b545-491cd2d54b4a,44a58450-778b-456f-af19-1e22f04809bd,7,JM Press,Barbell,
4401fa01-a78f-4f83-80f9-6821f18fbe93,a9597772-8bf8-43f8-81ac-8ef8c4d407d9,1,Sumo Deadlifts,Barbell,
685ab050-d23f-4f5c-a10c-17034b76788f,a9597772-8bf8-43f8-81ac-8ef8c4d407d9,2,Seated Leg Curls,Machine,
f9dafa71-e809-4dd7-a0cd-30b7965d8fdc,a9597772-8bf8-43f8-81ac-8ef8c4d407d9,3,Leg Extensions,Machine,
b9fed5f5-e246-4a32-8035-ad760bcde45b,a9597772-8bf8-43f8-81ac-8ef8c4d407d9,4,Hammer Curls (Tri bar),EZ Curl Bar,
bbc12f83-c209-49f5-a5d1-6e0d58985a64,a9597772-8bf8-43f8-81ac-8ef8c4d407d9,5,Standing Russian Twists,Cable,
fd55da2d-e161-49d0-82b2-029b5b7d4d77,a9597772-8bf8-43f8-81ac-8ef8c4d407d9,6,Hanging Leg Raises,Bodyweight,
b116a96e-78a7-4e7f-9ec0-eeb38f54f909,fcd83863-9f04-427d-83b8-a860021d1809,1,Incline Bench Press,Dumbbells,
29bd787e-afd4-44a1-a6b3-9a80d94e27a1,fcd83863-9f04-427d-83b8-a860021d1809,2,Flys,Cable,
1abbbc2e-ca00-41b3-8cf6-0bf490175e97,fcd83863-9f04-427d-83b8-a860021d1809,3,Rows with Reverse Grip,Cable,
ece20f1b-b65c-4339-a51f-62f6d650fe9b,fcd83863-9f04-427d-83b8-a860021d1809,4,Rows with Close Grip,Cable,
1a703ce2-4bed-4daf-af0c-59736b596979,fcd83863-9f04-427d-83b8-a860021d1809,5,Lateral Raises,Dumbbells,
6cf0997c-6fae-444c-b264-235097513624,fcd83863-9f04-427d-83b8-a860021d1809,6,Shrugs,Barbell,
cd8808b1-f164-4e0e-97df-be68f743062b,fcd83863-9f04-427d-83b8-a860021d1809,7,Overhead Triceps Extensions,Dumbbells,
aa2d1cad-1ebc-4948-9f2b-242590b1c9ea,974dd08d-7a02-4917-b02f-7e23ce798561,1,Squats (Belt),Bodyweight,
4139ac2d-adef-44e7-841e-767dd26b60ae,974dd08d-7a02-4917-b02f-7e23ce798561,2,Leg Extensions,Machine,
897feb05-35a6-4e8d-b803-e5bfac3ae22f,974dd08d-7a02-4917-b02f-7e23ce798561,3,Hyperextensions on Roman Chair,Bodyweight,
18afa794-e60b-4474-8563-e1093330db90,974dd08d-7a02-4917-b02f-7e23ce798561,4,Y Raises,Cable,
44aca6fe-0710-46a3-bfe9-8eb8504e216f,974dd08d-7a02-4917-b02f-7e23ce798561,5,Face Pulls with Rope,Cable,
e587734a-96a7-45ce-98c9-2442b1ba0087,974dd08d-7a02-4917-b02f-7e23ce798561,6,Curls,Dumbbells,
92554b83-19fb-47da-8df0-e197afa355b6,974dd08d-7a02-4917-b02f-7e23ce798561,7,Decline Crunches,Bodyweight,
0380e710-f1a2-411c-840f-042a650bbc9b,d5da9350-dbd8-48ba-8a26-70ac2261d0ad,1,Bench Press,Barbell,
c2bdc7f1-d351-4eae-8586-912b0cbcfca8,d5da9350-dbd8-48ba-8a26-70ac2261d0ad,2,Incline Bench Hex Press,Dumbbells,
7ccfb0e9-bbbe-4f6d-b799-d737d92fd423,d5da9350-dbd8-48ba-8a26-70ac2261d0ad,3,Decline Bench Press,Dumbbells,
6eb05130-5093-4404-bf7c-a25bbd6cc9d6,d5da9350-dbd8-48ba-8a26-70ac2261d0ad,4,Bent-Over Shrugs,Dumbbells,
4c6bba43-2631-45f8-b4a6-cc62e26ac1f3,d5da9350-dbd8-48ba-8a26-70ac2261d0ad,5,Seated Calf Raises (BB),Barbell,
9f9091eb-9f8f-4ce2-8178-2d1aee6f19c2,d5da9350-dbd8-48ba-8a26-70ac2261d0ad,6,Incline Bench Press with Close Grip,Barbell,
c8b658a3-9925-4407-a7a0-4d0b5691f089,d5da9350-dbd8-48ba-8a26-70ac2261d0ad,7,Side Bends,Dumbbells,
1ff0cd43-d1cf-4c94-b17b-485f10486d7a,2d27ba42-d662-43f8-91a6-cdc0f6f4d19a,1,Walking Lunges,Dumbbells,
2b754f1c-4565-4a2d-8ddf-ef8557a7db8c,2d27ba42-d662-43f8-91a6-cdc0f6f4d19a,2,Chin-Ups,Bodyweight,
211ea796-ac0e-447d-bb4d-4f4134f67075,2d27ba42-d662-43f8-91a6-cdc0f6f4d19a,3,Lat Pulldowns with Wide Overhand Grip,Cable,
3c767781-2467-4379-9978-0cc188869149,2d27ba42-d662-43f8-91a6-cdc0f6f4d19a,4,Bent-Over One-Arm Rows,Landmine,
713cba5d-f6a2-48ce-8013-be4b92a2efde,2d27ba42-d662-43f8-91a6-cdc0f6f4d19a,5,Upright Rows,EZ Curl Bar,
fba1efce-e405-4a40-a1e0-90b0752b6d61,2d27ba42-d662-43f8-91a6-cdc0f6f4d19a,6,Incline Reverse Flys,Dumbbells,
98349794-7196-46d0-9e00-95c7180580a6,2d27ba42-d662-43f8-91a6-cdc0f6f4d19a,7,Preacher Hammer Curls,Dumbbells,
8eb7690c-d21f-4ff0-bce6-d62f99cbc547,151123ee-e3bf-4395-a513-395be34e504f,1,Sumo Deadlifts,Barbell,
04c1cbdf-f4ce-4a9d-b579-8d9bf5f32c65,151123ee-e3bf-4395-a513-395be34e504f,2,Seated Leg Curls,Machine,
8469a4f3-e577-4092-bd85-8d160046d5de,151123ee-e3bf-4395-a513-395be34e504f,3,Leg Extensions,Machine,
ac6253d8-8985-4a27-9569-4a701055e678,151123ee-e3bf-4395-a513-395be34e504f,4,Hammer Curls (Tri bar),EZ Curl Bar,
8e9910ca-737f-4c2b-b877-91d2e4db06c1,151123ee-e3bf-4395-a513-395be34e504f,5,Standing Russian Twists,Cable,
afa196e8-a6c1-41e7-af11-9513cbdbac05,151123ee-e3bf-4395-a513-395be34e504f,6,Hanging Leg Raises,Bodyweight,
46c9b04b-4f4c-43c5-9b1b-73ad6c7e3c3a,f1f2fc9a-226c-437b-b1e0-3194c4d00a82,1,Incline Bench Press,Dumbbells,
9f6a323e-a627-48af-a0d3-4e59018dc7d8,f1f2fc9a-226c-437b-b1e0-3194c4d00a82,2,Flys,Cable,
00e05595-2656-4ead-8ec1-2ecd40920f10,f1f2fc9a-226c-437b-b1e0-3194c4d00a82,3,Rows with Reverse Grip,Cable,
6cd531b3-7d3e-42b2-b93c-564f88df72f2,f1f2fc9a-226c-437b-b1e0-3194c4d00a82,4,Rows with Close Grip,Cable,
2c9546f9-2467-4113-a562-6e076fbf03fc,f1f2fc9a-226c-437b-b1e0-3194c4d00a82,5,Lateral Raises,Dumbbells,
079424a9-9572-4801-9689-3ce3c3e88b21,f1f2fc9a-226c-437b-b1e0-3194c4d00a82,6,Shrugs,Barbell,
cd42f0a5-e5d8-4102-835b-97c178db24e7,f1f2fc9a-226c-437b-b1e0-3194c4d00a82,7,Overhead Triceps Extensions,Dumbbells,
826c47ef-b49c-4bab-95ba-383af5896fb2,eb026362-00e5-4a8a-9450-6f0440912987,1,Squats (Belt),Bodyweight,
01d6401f-0de2-414c-b2d8-c653acf3c0ca,eb026362-00e5-4a8a-9450-6f0440912987,2,Leg Extensions,Machine,
49c9c7f3-654f-42a0-b127-0d82e7c6a154,eb026362-00e5-4a8a-9450-6f0440912987,3,Hyperextensions on Roman Chair,Bodyweight,
fe549fe9-84d7-4609-8569-9fe8c32ade99,eb026362-00e5-4a8a-9450-6f0440912987,4,Y Raises,Cable,
ac006159-0166-4af7-ac75-4ee954ad444c,eb026362-00e5-4a8a-9450-6f0440912987,5,Face Pulls with Rope,Cable,
0d8f968f-7955-4498-b041-2e3ab83bd31e,eb026362-00e5-4a8a-9450-6f0440912987,6,Curls,Dumbbells,
31cc0a33-59c0-4979-a648-d5afe54dd37c,eb026362-00e5-4a8a-9450-6f0440912987,7,Decline Crunches,Bodyweight,
b5ce9f12-2192-4bc9-8c63-d969a172b6a9,58de09ee-a015-4c29-8e76-7d909abc94b3,1,Bench Press,Barbell,
489a5a6b-d87c-47d5-b3cb-60da323ffa60,58de09ee-a015-4c29-8e76-7d909abc94b3,2,Incline Bench Hex Press,Dumbbells,
056ed691-f68d-4d8d-b5d2-a33e8bf80f26,58de09ee-a015-4c29-8e76-7d909abc94b3,3,Decline Bench Press,Dumbbells,
e3481f20-cd2a-4c76-b1fa-5d3a18423cc4,58de09ee-a015-4c29-8e76-7d909abc94b3,4,Bent-Over Shrugs,Dumbbells,
d9027eb8-fbcb-44cc-a6b0-d2147970fdc5,58de09ee-a015-4c29-8e76-7d909abc94b3,5,Seated Calf Raises (BB),Barbell,
cedd9f96-c14e-49e2-af71-2f27fe8b8caa,58de09ee-a015-4c29-8e76-7d909abc94b3,6,Incline Bench Press with Close Grip,Barbell,
68f94096-9429-427b-ac3d-7122f0c638cc,58de09ee-a015-4c29-8e76-7d909abc94b3,7,Side Bends,Dumbbells,
439c8263-e927-4fc5-bcf4-0c7f24f7688a,07635be8-b257-4124-811b-8d53592c022e,1,Walking Lunges,Dumbbells,
45b12bca-084c-4292-8e4d-23407d6c4dd0,07635be8-b257-4124-811b-8d53592c022e,2,Chin-Ups,Bodyweight,
8dbd6b82-d067-4fe4-bf2f-c78d17ff0803,07635be8-b257-4124-811b-8d53592c022e,3,Lat Pulldowns with Wide Overhand Grip,Cable,
14ce0a20-cadf-47f7-a225-b933f8fe4497,07635be8-b257-4124-811b-8d53592c022e,4,Bent-Over One-Arm Rows,Landmine,
422f700e-1869-4154-a0e7-03fba383db2b,07635be8-b257-4124-811b-8d53592c022e,5,Upright Rows,EZ Curl Bar,
8281767f-0d05-48dd-8306-921dcd609e98,07635be8-b257-4124-811b-8d53592c022e,6,Incline Reverse Flys,Dumbbells,
02713aea-402b-45b4-b96f-7cf9823932ff,07635be8-b257-4124-811b-8d53592c022e,7,Preacher Hammer Curls,Dumbbells,
18ef5a59-7217-4f47-a324-a7dae41d1c86,ce6e6e91-7def-4e30-88b7-469ffe74c41f,1,Sumo Deadlifts,Barbell,
08cf4584-4403-4719-9209-771d3491c60e,ce6e6e91-7def-4e30-88b7-469ffe74c41f,2,Seated Leg Curls,Machine,
ff3bd518-2c8d-4128-9c21-4274fee0bd61,ce6e6e91-7def-4e30-88b7-469ffe74c41f,3,Leg Extensions,Machine,
d2a9de4c-673e-478f-9577-772a950b366d,ce6e6e91-7def-4e30-88b7-469ffe74c41f,4,Hammer Curls (Tri bar),EZ Curl Bar,
0b5ffc4b-9406-49b7-ac22-766e693210fb,ce6e6e91-7def-4e30-88b7-469ffe74c41f,5,Standing Russian Twists,Cable,
fd34f650-94ce-4136-a935-ff7518923ba6,ce6e6e91-7def-4e30-88b7-469ffe74c41f,6,Hanging Leg Raises,Bodyweight,
a326458d-2679-44b6-8873-f9fc9c9cc7ab,405869c7-a338-456f-90e7-4df50020ff5b,1,Incline Bench Press,Dumbbells,
dac0f657-3343-4d80-9907-826f83b4a0cd,405869c7-a338-456f-90e7-4df50020ff5b,2,Flys,Cable,
bc7e06c0-c309-47a9-a807-6be1fd7f74ec,405869c7-a338-456f-90e7-4df50020ff5b,3,Rows with Reverse Grip,Cable,
d352795c-57fa-485a-b083-374104fa43a9,405869c7-a338-456f-90e7-4df50020ff5b,4,Rows with Close Grip,Cable,
2ac9878b-db6b-496c-88e0-f960c8de981e,405869c7-a338-456f-90e7-4df50020ff5b,5,Lateral Raises,Dumbbells,
6340565c-6dcf-4987-8fc8-528d5f1357f4,405869c7-a338-456f-90e7-4df50020ff5b,6,Shrugs,Barbell,
a4f93423-bba7-4358-8f3a-0d9eb69fa3d4,405869c7-a338-456f-90e7-4df50020ff5b,7,Overhead Triceps Extensions,Dumbbells,
330213e5-b34f-4d4f-a0cf-bbdbb24bff64,afa7aec8-d367-4b57-bada-44ca5608f8c2,1,Squats (Belt),Bodyweight,
318482f7-12b6-45e5-a6a1-b4b729a888a5,afa7aec8-d367-4b57-bada-44ca5608f8c2,2,Leg Extensions,Machine,
b9d4afa1-36ff-4548-8aff-0e871884e5bb,afa7aec8-d367-4b57-bada-44ca5608f8c2,3,Hyperextensions on Roman Chair,Bodyweight,
7a525032-5a7d-46c4-bb8c-cf136ac960e9,afa7aec8-d367-4b57-bada-44ca5608f8c2,4,Y Raises,Cable,
d8df9d2e-570a-4e4f-b7ce-56745d206e41,afa7aec8-d367-4b57-bada-44ca5608f8c2,5,Face Pulls with Rope,Cable,
898e9058-ffbc-4cf5-ac8f-b83fd87919c0,afa7aec8-d367-4b57-bada-44ca5608f8c2,6,Curls,Dumbbells,
06f9bd9e-9d69-4698-8806-6d8f95d61c13,afa7aec8-d367-4b57-bada-44ca5608f8c2,7,Decline Crunches,Bodyweight,
851f1803-08c5-4e25-919e-d179562dbf7f,3e6c9e2c-b385-48b9-8144-87641fe8ff0f,1,Bench Press,Barbell,
0de9028e-91bf-4608-aeed-00a9b325de10,3e6c9e2c-b385-48b9-8144-87641fe8ff0f,2,Incline Bench Hex Press,Dumbbells,
94445ac1-78ba-41ff-983f-65bef698e549,3e6c9e2c-b385-48b9-8144-87641fe8ff0f,3,Decline Bench Press,Dumbbells,
865e3d40-a930-4f2f-a3ee-90c8440a5aa0,3e6c9e2c-b385-48b9-8144-87641fe8ff0f,4,Bent-Over Shrugs,Dumbbells,
913e6cdc-73dd-4601-9518-6090ad9f4cfb,3e6c9e2c-b385-48b9-8144-87641fe8ff0f,5,Seated Calf Raises (BB),Barbell,
a57f62c4-91f6-45e9-92df-a2f5c4da8549,3e6c9e2c-b385-48b9-8144-87641fe8ff0f,6,Incline Bench Press with Close Grip,Barbell,
bee237af-186f-4840-8016-7b2dfee14176,3e6c9e2c-b385-48b9-8144-87641fe8ff0f,7,Side Bends,Dumbbells,
2ebfd6ff-8121-49c5-9418-2e97dfaac2fa,825d1629-e5c7-4308-8f55-b94ff617185b,1,Walking Lunges,Dumbbells,
5544c2b8-4492-4017-8b21-ee993dbbfe97,825d1629-e5c7-4308-8f55-b94ff617185b,2,Chin-Ups,Bodyweight,
231d94a5-4d3a-4e36-9699-59b3459a180d,825d1629-e5c7-4308-8f55-b94ff617185b,3,Lat Pulldowns with Wide Overhand Grip,Cable,
85e57ed3-a738-443d-972f-edee57dfe3ad,825d1629-e5c7-4308-8f55-b94ff617185b,4,Bent-Over One-Arm Rows,Landmine,
1d96c03f-e9c9-4700-90e7-1306c088b61a,825d1629-e5c7-4308-8f55-b94ff617185b,5,Upright Rows,EZ Curl Bar,
23a264be-08d8-4236-86f7-25a8ffa79991,825d1629-e5c7-4308-8f55-b94ff617185b,6,Incline Reverse Flys,Dumbbells,
9c29b998-70d5-4a97-9bc4-8747db917c89,825d1629-e5c7-4308-8f55-b94ff617185b,7,Preacher Hammer Curls,Dumbbells,
5e64e890-e946-45ed-9c04-a65fb5a760f4,30a3c00a-a62f-4703-86b9-8242d9beba39,1,Sumo Deadlifts,Barbell,
7acad0f4-6cff-487b-b676-3d9561306d5a,30a3c00a-a62f-4703-86b9-8242d9beba39,2,Seated Leg Curls,Machine,
44e279b8-7fd4-4c54-b39e-986508916306,30a3c00a-a62f-4703-86b9-8242d9beba39,3,Leg Extensions,Machine,
8da1ee04-858a-4105-bdf2-fcca80d9e932,30a3c00a-a62f-4703-86b9-8242d9beba39,4,Hammer Curls (Tri bar),EZ Curl Bar,
85122c8c-1a83-489d-b74f-adb332751ab5,30a3c00a-a62f-4703-86b9-8242d9beba39,5,Standing Russian Twists,Cable,
504b0154-5c38-430b-857f-9fc9fdeec171,30a3c00a-a62f-4703-86b9-8242d9beba39,6,Hanging Leg Raises,Bodyweight,
49b69e57-0861-4463-8a2f-c50a2775a865,444e366c-5059-4a61-bf4f-6d0d8fa1a37a,1,Incline Bench Press,Dumbbells,
8b9a9bed-0ba8-49e1-9ce1-438b628ed019,444e366c-5059-4a61-bf4f-6d0d8fa1a37a,2,Flys,Cable,
2e837123-00bb-4a3e-87a4-341e8a5f7d94,444e366c-5059-4a61-bf4f-6d0d8fa1a37a,3,Rows with Reverse Grip,Cable,
be739f87-2c05-474d-92aa-0457447876eb,444e366c-5059-4a61-bf4f-6d0d8fa1a37a,4,Rows with Close Grip,Cable,
e112ff39-59d5-4342-8fcb-370bb00f1b4c,444e366c-5059-4a61-bf4f-6d0d8fa1a37a,5,Lateral Raises,Dumbbells,
3a5185e3-cdab-48b8-aeda-fef5703847a1,444e366c-5059-4a61-bf4f-6d0d8fa1a37a,6,Shrugs,Barbell,
23b00918-b936-4bc6-ac5b-3c77c0d36028,444e366c-5059-4a61-bf4f-6d0d8fa1a37a,7,Overhead Triceps Extensions,Dumbbells,
f84303a4-5187-47ed-937b-85f0744f9efb,eafdd4e7-a73f-432d-94c8-60842d4e8eb5,1,Squats (Belt),Bodyweight,
06946828-9693-42f8-9a18-aa7a8d915e16,eafdd4e7-a73f-432d-94c8-60842d4e8eb5,2,Leg Extensions,Machine,
aa9ee562-3028-49e0-8480-6d9bbf1c4253,eafdd4e7-a73f-432d-94c8-60842d4e8eb5,3,Hyperextensions on Roman Chair,Bodyweight,
a7ecf628-d2a3-4239-ab46-5ef36bcba235,eafdd4e7-a73f-432d-94c8-60842d4e8eb5,4,Y Raises,Cable,
0cca1bcc-3f53-4c18-bdd7-401ab4277222,eafdd4e7-a73f-432d-94c8-60842d4e8eb5,5,Face Pulls with Rope,Cable,
61558fc0-1528-420e-9c1e-d9fe94c3cb91,eafdd4e7-a73f-432d-94c8-60842d4e8eb5,6,Curls,Dumbbells,
198a6bf5-3e67-4250-9a77-6e122cb63bbb,eafdd4e7-a73f-432d-94c8-60842d4e8eb5,7,Decline Crunches,Bodyweight,
2ab6513a-7308-4a84-9dcb-71b7254887c7,b6160986-ccb0-42f7-9c7f-49cbbcc4d033,1,Bench Press,Barbell,
feb0aa1e-5ab9-45ab-ad3a-048a98668edc,b6160986-ccb0-42f7-9c7f-49cbbcc4d033,2,Incline Bench Hex Press,Dumbbells,
28d9bccc-a5e8-4783-af4f-c7ddda32e63b,b6160986-ccb0-42f7-9c7f-49cbbcc4d033,3,Decline Bench Press,Dumbbells,
3cd64783-5069-4c70-9ca7-d9f41f54ceee,b6160986-ccb0-42f7-9c7f-49cbbcc4d033,4,Bent-Over Shrugs,Dumbbells,
0bebe2d0-5b3b-49cd-bc06-b1574461b893,b6160986-ccb0-42f7-9c7f-49cbbcc4d033,5,Seated Calf Raises (BB),Barbell,
91757e6b-3388-4e56-8ca2-2b50df1bfcc1,b6160986-ccb0-42f7-9c7f-49cbbcc4d033,6,Incline Bench Press with Close Grip,Barbell,
6d0b0538-cea2-4d5b-aec1-8601872a9e4c,b6160986-ccb0-42f7-9c7f-49cbbcc4d033,7,Side Bends,Dumbbells,
06303c76-8b8c-41f0-9a8b-7ced82cb9641,c0e88694-9672-47c1-a536-b2424c724605,1,Chin-Ups,Bodyweight,
8890ce39-b523-4396-a9b4-97bacee3bab2,c0e88694-9672-47c1-a536-b2424c724605,2,Lat Pulldowns with Wide Overhand Grip,Cable,
b915bb97-5e77-4c0e-a646-7356477d2ff5,c0e88694-9672-47c1-a536-b2424c724605,3,Bent-Over One-Arm Rows,Landmine,
37c797ef-5583-4784-9bed-ca148d74c367,c0e88694-9672-47c1-a536-b2424c724605,4,Upright Rows,EZ Curl Bar,
faefe0f7-a4aa-41f4-9da2-da3535de772d,c0e88694-9672-47c1-a536-b2424c724605,5,Incline Reverse Flys,Dumbbells,
7440ea2a-24eb-421e-95da-47dd7c355c57,c0e88694-9672-47c1-a536-b2424c724605,6,Preacher Hammer Curls,Dumbbells,
f9966fc7-ee6f-4cf8-954d-ac4c1fe70554,08f66617-ad71-4fb1-8117-9256a6bf2b87,1,Sumo Deadlifts,Barbell,
dc48fe46-3e44-4407-9395-167819cb22eb,08f66617-ad71-4fb1-8117-9256a6bf2b87,2,Seated Leg Curls,Machine,
a4eba0b5-0e64-4877-86b1-410f8eed5388,08f66617-ad71-4fb1-8117-9256a6bf2b87,3,Leg Extensions,Machine,
804ccbab-630e-4f8c-97c1-397892d17e96,08f66617-ad71-4fb1-8117-9256a6bf2b87,4,Hammer Curls (Tri bar),EZ Curl Bar,
8588b1ba-2f85-4afd-a46b-27430bd0b662,08f66617-ad71-4fb1-8117-9256a6bf2b87,5,Standing Russian Twists,Cable,
4189dd84-40a9-4a2e-ac26-5f406ec52975,08f66617-ad71-4fb1-8117-9256a6bf2b87,6,Hanging Leg Raises,Bodyweight,
be688878-8f7d-4e1d-a3f8-f065b7c8a342,1ebf3499-109c-4574-8166-5572ee89e0b8,1,Incline Bench Press,Dumbbells,
fbf826d5-f8c8-4896-881e-e7298af9aa19,1ebf3499-109c-4574-8166-5572ee89e0b8,2,Flys,Dumbbells,
f79f511d-1f3d-42de-b1cd-c9eecdfac118,1ebf3499-109c-4574-8166-5572ee89e0b8,3,Rows with Reverse Grip,Cable,
45f50f8c-25cf-49ae-a836-f952eef35f3d,1ebf3499-109c-4574-8166-5572ee89e0b8,4,Rows with Close Grip,Cable,
99e02dc7-7a4c-40d2-aca4-6e3972691f1a,1ebf3499-109c-4574-8166-5572ee89e0b8,5,Lateral Raises,Dumbbells,
970f55c0-16b8-40a1-b1ac-a23b4644b6e5,1ebf3499-109c-4574-8166-5572ee89e0b8,6,Shrugs,Barbell,
9dbc046b-11e5-4906-84e0-3a2bac9bf579,1ebf3499-109c-4574-8166-5572ee89e0b8,7,Overhead Triceps Extensions,Dumbbells,
1736236e-c1fd-464b-a3e6-ea76dff7f384,0e08b77f-e0d0-40a8-b471-75e81277f780,1,Squats (Belt),Bodyweight,
06d80d4e-88b1-4e91-bd4f-255b7eaa1f41,0e08b77f-e0d0-40a8-b471-75e81277f780,2,Leg Extensions,Machine,
097542a6-4620-47a6-9cf8-189bbe200243,0e08b77f-e0d0-40a8-b471-75e81277f780,3,Hyperextensions on Roman Chair,Bodyweight,
f6697d19-807b-4d21-a2e0-8af40061b379,0e08b77f-e0d0-40a8-b471-75e81277f780,4,Y Raises,Cable,
1ca12653-e592-456c-9846-8bceed1ec6e8,0e08b77f-e0d0-40a8-b471-75e81277f780,5,Face Pulls with Rope,Cable,
1f565be4-91e6-4735-ad0a-c96878603152,0e08b77f-e0d0-40a8-b471-75e81277f780,6,Curls,Dumbbells,
d44ee900-4f97-408b-86e6-eefb47f1ebdb,0e08b77f-e0d0-40a8-b471-75e81277f780,7,Crunches,Bodyweight,
89bb62eb-8d8b-4d50-be59-8b142562bfdb,2739f185-9d21-4108-a1ec-4d999acbdb4d,1,Bench Press,Barbell,
7ddd3384-0646-4e6b-88da-3be4bdefeaba,2739f185-9d21-4108-a1ec-4d999acbdb4d,2,Incline Bench Hex Press,Dumbbells,
b1160fe3-0876-4ab3-afd7-afc8edd0e41b,2739f185-9d21-4108-a1ec-4d999acbdb4d,3,Decline Bench Press,Dumbbells,
ec765e0e-6f7d-4cd4-a0b9-7056a40dedbe,2739f185-9d21-4108-a1ec-4d999acbdb4d,4,Bent-Over Shrugs,Dumbbells,
095960c5-0081-4ff0-84e7-c576c46425e8,2739f185-9d21-4108-a1ec-4d999acbdb4d,5,Seated Calf Raises (BB),Barbell,
64b66e06-0a13-4095-81a2-1cbedd8b61d4,2739f185-9d21-4108-a1ec-4d999acbdb4d,6,Incline Bench Press with Close Grip,Barbell,
045cef16-dfde-4266-9373-962d99899908,2739f185-9d21-4108-a1ec-4d999acbdb4d,7,Side Bends,Dumbbells,
829a0bc3-2ced-43fd-9615-110e518190e2,499bd6da-64ac-4fef-a489-ba25b2f948c3,1,Walking Lunges,Dumbbells,
8a923258-1f96-4341-9ec0-d6c7b2d06beb,499bd6da-64ac-4fef-a489-ba25b2f948c3,2,Chin-Ups,Bodyweight,
87367434-7c1c-41a4-b82f-b0b0eb4dc36b,499bd6da-64ac-4fef-a489-ba25b2f948c3,3,Lat Pulldowns with Wide Overhand Grip,Cable,
64239fcd-db9f-46c7-984b-d214e72d7059,499bd6da-64ac-4fef-a489-ba25b2f948c3,4,Bent-Over One-Arm Rows,Landmine,
15947a77-88d3-409c-8a80-1fe8955287b4,499bd6da-64ac-4fef-a489-ba25b2f948c3,5,Upright Rows,EZ Curl Bar,
7ffac02e-303a-45a3-8854-ccb530ffc3f1,499bd6da-64ac-4fef-a489-ba25b2f948c3,6,Incline Reverse Flys,Dumbbells,
ad6a6b18-4c10-45bc-9645-e48076e6ec04,499bd6da-64ac-4fef-a489-ba25b2f948c3,7,Preacher Hammer Curls,Dumbbells,
b6ed9077-a1a0-44c3-aa23-9c1c5f8a5c34,8a452d1a-454f-466e-9775-4536a9fc65e1,1,Sumo Deadlifts,Barbell,
f7105114-c708-4897-a55f-b4c9cf4c823b,8a452d1a-454f-466e-9775-4536a9fc65e1,2,Seated Leg Curls,Machine,
99d74a51-9de6-431a-a696-96602faeb2bb,8a452d1a-454f-466e-9775-4536a9fc65e1,3,Leg Extensions,Machine,
e786a848-4889-49c5-b654-37bcea967e76,8a452d1a-454f-466e-9775-4536a9fc65e1,4,Hammer Curls (Tri bar),EZ Curl Bar,
149495ed-cbe5-4695-b601-40aed4a1628c,8a452d1a-454f-466e-9775-4536a9fc65e1,5,Standing Calf Raises,Bodyweight,
1cee7874-aa86-444e-b37a-12f54d337d3e,8a452d1a-454f-466e-9775-4536a9fc65e1,6,Standing Russian Twists,Cable,
e3ad2397-6e99-4f8a-99a3-598e0bec2882,8a452d1a-454f-466e-9775-4536a9fc65e1,7,Hanging Leg Raises,Bodyweight,
d958b9c3-9656-409b-8bd8-631957bfba1e,9bb2be04-63c5-4fd1-a7b9-1457c5bcdd5e,1,Incline Bench Press,Dumbbells,
cd71d44a-cec0-4a2d-ad52-2d00f3001533,9bb2be04-63c5-4fd1-a7b9-1457c5bcdd5e,2,Flys,Cable,
5492fdac-c69d-4e6b-884e-dbf21257ed28,9bb2be04-63c5-4fd1-a7b9-1457c5bcdd5e,3,Rows with Reverse Grip,Cable,
d1e78b54-668b-4c97-a904-730f46723f6a,9bb2be04-63c5-4fd1-a7b9-1457c5bcdd5e,4,Rows with Close Grip,Cable,
8b1856a6-dfab-445e-8198-292055c0d0d9,9bb2be04-63c5-4fd1-a7b9-1457c5bcdd5e,5,Lateral Raises,Dumbbells,
3e0ee886-1214-4ae8-8020-db95acb2bea3,9bb2be04-63c5-4fd1-a7b9-1457c5bcdd5e,6,Shrugs,Barbell,
fd6e81b0-c271-4a51-a2d0-3243587d478b,9bb2be04-63c5-4fd1-a7b9-1457c5bcdd5e,7,Overhead Triceps Extensions,Dumbbells,
e112e546-dc4d-446e-87ea-6e15f9c67be1,d9d8983a-6d2e-4696-94aa-0769256e1fbf,1,Squats (Belt),Bodyweight,
4fe3d754-216c-4586-bbcf-8795b2bccf1c,d9d8983a-6d2e-4696-94aa-0769256e1fbf,2,Leg Extensions,Machine,
beedf265-8b24-4b90-8687-bbb4f3cd5a6e,d9d8983a-6d2e-4696-94aa-0769256e1fbf,3,Hyperextensions on Roman Chair,Bodyweight,
062dce63-6576-4720-aecd-6bad375468f9,d9d8983a-6d2e-4696-94aa-0769256e1fbf,4,Y Raises,Cable,
0fc9438f-884b-4eaf-9838-765905ac500b,d9d8983a-6d2e-4696-94aa-0769256e1fbf,5,Face Pulls with Rope,Cable,
d766bac6-fbc8-4bda-bac0-b8c640eb9f67,d9d8983a-6d2e-4696-94aa-0769256e1fbf,6,Curls,Dumbbells,
6951f97b-197b-4c33-a893-baaa2e159621,d9d8983a-6d2e-4696-94aa-0769256e1fbf,7,Crunches,Bodyweight,
1773d915-f9b4-480e-809b-75605f1c71bf,74a7ce6b-3192-4104-97ae-1997d76ff90d,1,Bench Press,Barbell,
5d316b84-8784-4230-9fa9-e8ae49fe2efd,74a7ce6b-3192-4104-97ae-1997d76ff90d,2,Incline Bench Hex Press,Dumbbells,
48a35b39-35ec-46a3-89e3-dd2253bd673a,74a7ce6b-3192-4104-97ae-1997d76ff90d,3,Decline Bench Press,Dumbbells,
c56d7e79-e505-418c-a6bb-1e4ed58104d2,74a7ce6b-3192-4104-97ae-1997d76ff90d,4,Incline Bench Press with Close Grip,Barbell,
aa0363af-8a19-4a4a-97f4-ce14102a9363,74a7ce6b-3192-4104-97ae-1997d76ff90d,5,Bent-Over Shrugs,Dumbbells,
2577b63a-cadd-48a1-bdc7-e21c7a424578,74a7ce6b-3192-4104-97ae-1997d76ff90d,6,Seated Calf Raises (BB),Barbell,
a9c38420-8af1-4ce5-a6be-d34c2652dc2c,74a7ce6b-3192-4104-97ae-1997d76ff90d,7,Side Bends,Dumbbells,
0080faaf-af8d-4a26-8f86-4376187efceb,bd683bef-fd3e-44b4-bfd4-27ca41109338,1,Walking Lunges,Dumbbells,
dcd2557a-a431-469b-9f63-7ef7f317551c,bd683bef-fd3e-44b4-bfd4-27ca41109338,2,Chin-Ups,Bodyweight,
e08b0a57-0c73-417d-ab3a-9aab7d0237c7,bd683bef-fd3e-44b4-bfd4-27ca41109338,3,Lat Pulldowns with Wide Overhand Grip,Cable,
0c48eda5-d772-4a96-8fad-3e43468e129a,bd683bef-fd3e-44b4-bfd4-27ca41109338,4,Bent-Over One-Arm Rows,Landmine,
669c2ad4-4cfe-4a40-b597-4465f77428e5,bd683bef-fd3e-44b4-bfd4-27ca41109338,5,Upright Rows,EZ Curl Bar,
ff02ece6-0913-4873-845f-55e26b3c2349,bd683bef-fd3e-44b4-bfd4-27ca41109338,6,Incline Reverse Flys,Dumbbells,
429ea8e0-73a7-4ee1-b590-2937d8d1fd30,bd683bef-fd3e-44b4-bfd4-27ca41109338,7,Preacher Hammer Curls,Dumbbells,
46b2f2f4-439b-46ac-957a-d1f13c1cea60,25423c76-4cc6-47e0-b194-3b780651704b,1,Step-Ups,Dumbbells,
c969aca6-0a29-4ac6-a95d-c53cdb98397d,25423c76-4cc6-47e0-b194-3b780651704b,2,Leg Extensions,Machine,
147627e2-5244-4cab-a607-f8188e09545f,25423c76-4cc6-47e0-b194-3b780651704b,3,Incline Bench Press 60°,Dumbbells,
fec372dd-9795-4f27-980d-70b0a26ab759,25423c76-4cc6-47e0-b194-3b780651704b,4,Rows with Wide Neutral Grip,Cable,
55efb501-5c18-40f4-9de8-653c6d06d138,25423c76-4cc6-47e0-b194-3b780651704b,5,Twist Curls,Dumbbells,
553d1bda-7469-4d80-bc6a-43a1a7d4080d,25423c76-4cc6-47e0-b194-3b780651704b,6,Shrugs,Dumbbells,
9a648536-b992-40ae-8321-d91ec2756d51,25423c76-4cc6-47e0-b194-3b780651704b,7,Kneeling Crunches,Cable,
c76a4e6c-7e1b-4c14-b3e1-d4f2ddc64b86,353f3faa-4f8d-448a-8bf1-6ff96fd04fb6,1,Romanian Deadlifts,Barbell,
4bc4fe5a-e8ae-410e-b52a-90b22b0fa72e,353f3faa-4f8d-448a-8bf1-6ff96fd04fb6,2,Bent-Over Rows with Reverse Grip,Dumbbells,
93ca6d8b-8dc9-4e90-bf2c-f9bcf174d070,353f3faa-4f8d-448a-8bf1-6ff96fd04fb6,3,Lat Pulldowns with Close Overhand Grip,Cable,
148333d8-4ca7-43f4-a4f2-8475a8e6ce8f,353f3faa-4f8d-448a-8bf1-6ff96fd04fb6,4,Standing Shoulder Press,Barbell,
61ced632-89dc-4dd9-80dd-5c20d471a299,353f3faa-4f8d-448a-8bf1-6ff96fd04fb6,5,Upright Rows,EZ Curl Bar,
8809b415-568a-4c1d-b3b1-6ec1b94ced59,353f3faa-4f8d-448a-8bf1-6ff96fd04fb6,6,Standing Calf Raises,Smith machine,
6d0a54c7-769c-406a-9b73-7acdf6d35e94,353f3faa-4f8d-448a-8bf1-6ff96fd04fb6,7,Hanging Leg Raises with Twist,Bodyweight,
7f89db20-e2cd-4645-973b-cfdbbe897ae7,5598545c-397a-47f7-b8bd-793b0c3bf4bf,1,Incline Bench Press,Barbell,
f049870c-b069-49ba-8fec-87eb8966bbd2,5598545c-397a-47f7-b8bd-793b0c3bf4bf,2,Bench Press,Dumbbells,
cb14ee8e-798f-4be9-91ca-8b86cb6645c1,5598545c-397a-47f7-b8bd-793b0c3bf4bf,3,Hip Thrusts,Barbell,
19881279-82db-427c-9ebb-8bd84341cda2,5598545c-397a-47f7-b8bd-793b0c3bf4bf,4,Zercher Squats,Barbell,
d5348267-48df-4f78-ad55-158e1efb453a,5598545c-397a-47f7-b8bd-793b0c3bf4bf,5,Bench Press with Close Grip,Barbell,
b52e5c3e-8315-4787-a22b-52105b2e4cfc,5598545c-397a-47f7-b8bd-793b0c3bf4bf,6,Overhead Triceps Extensions,Dumbbells,
49f93df7-80f9-4490-a1db-1d2100b84beb,face23e5-f286-4407-945d-c9c05b6b7ed3,1,Split Squats,Dumbbells,
07a121f3-9c18-489d-a841-fa6ee0e0964e,face23e5-f286-4407-945d-c9c05b6b7ed3,2,Lat Pulldowns with Reverse Grip,Cable,
8aa41138-6880-4971-9e41-732b0972077c,face23e5-f286-4407-945d-c9c05b6b7ed3,3,One-Arm Rows,Dumbbells,
29203af6-65c2-4645-825d-1b588347de2d,face23e5-f286-4407-945d-c9c05b6b7ed3,4,Preacher Curls,EZ Curl Bar,
348fc65d-2115-4d28-a321-99e8b4d19af6,face23e5-f286-4407-945d-c9c05b6b7ed3,5,Cross body curls,Dumbbells,
41494b66-9d2d-4ebe-924d-1d1256e4f627,face23e5-f286-4407-945d-c9c05b6b7ed3,6,Seated Calf Raises (BB),Barbell,
8f9e2cd0-6f80-43d6-92f4-96e66bdb7bd3,face23e5-f286-4407-945d-c9c05b6b7ed3,7,Kneeling Crunches,Cable,
b91966d0-ae1f-47ac-a28d-7c7ca9c34d3a,8fc32276-4ae6-4736-9fb3-df19e498066b,1,Bench Press,Barbell,
5dd9b62b-e18f-42d9-8706-3ea2f94b2b87,8fc32276-4ae6-4736-9fb3-df19e498066b,2,High Cable Flys,Cable,
3d3c7ab3-ca62-4b93-ba88-85a1a296b775,8fc32276-4ae6-4736-9fb3-df19e498066b,3,Leg Extensions,Machine,
1b5cd27e-a2ff-44e4-bfab-bb772d462322,8fc32276-4ae6-4736-9fb3-df19e498066b,4,Seated Leg Curls,Machine,
4b8e8916-8a15-4ccb-b32e-d4958f855a65,8fc32276-4ae6-4736-9fb3-df19e498066b,5,Lateral Raises,Dumbbells,
d48d24be-a7ed-4f0a-bbf9-79d4244b541c,8fc32276-4ae6-4736-9fb3-df19e498066b,6,Seated Bent-Over Lateral Raises,Dumbbells,
d8aa75b7-f468-4820-863d-ddea049d9ade,8fc32276-4ae6-4736-9fb3-df19e498066b,7,Skull Crushers with Rope,Cable,
7d874a86-42b5-4261-ac23-e8928482e677,8b807068-9970-4b44-b547-a8d334c5cd94,1,Step-Ups,Dumbbells,
fa9f0564-2e19-475e-b7ca-cb258a506fbd,8b807068-9970-4b44-b547-a8d334c5cd94,2,Leg Extensions,Machine,
ed6f3d94-886c-49da-9552-a471b87e4789,8b807068-9970-4b44-b547-a8d334c5cd94,3,Incline Bench Press 60°,Dumbbells,
37ce4d03-d11a-41e7-8c4a-f2ef0f0a1a06,8b807068-9970-4b44-b547-a8d334c5cd94,4,Rows with Wide Neutral Grip,Cable,
0f25181e-3396-43e2-9ef7-2bed18c678d2,8b807068-9970-4b44-b547-a8d334c5cd94,5,Twist Curls,Dumbbells,
6a52aab2-580a-45bf-a495-b4cdbf69da3e,8b807068-9970-4b44-b547-a8d334c5cd94,6,Shrugs,Dumbbells,
46fe9a0a-57a2-4f96-be0b-fb32804d2ca7,8b807068-9970-4b44-b547-a8d334c5cd94,7,Kneeling Crunches,Cable,
768a80b8-2d76-4f69-8df6-9b6dbbfd877b,4ceed9a6-ff87-4156-864a-04149cd9c676,1,Romanian Deadlifts,Barbell,
bcb0aa29-2cb8-4984-9b01-59ba70c53436,4ceed9a6-ff87-4156-864a-04149cd9c676,2,Bent-Over Rows with Reverse Grip,Dumbbells,
0572fee4-c1ae-470d-96d7-3084668853d2,4ceed9a6-ff87-4156-864a-04149cd9c676,3,Lat Pulldowns with Close Overhand Grip,Cable,
417c405c-ecad-4407-9453-b4cd9450267b,4ceed9a6-ff87-4156-864a-04149cd9c676,4,Standing Shoulder Press,Barbell,
1ac4f656-cb30-454e-8a86-dec3a5fcf4e2,4ceed9a6-ff87-4156-864a-04149cd9c676,5,Upright Rows,EZ Curl Bar,
6348d060-0bb8-4934-b831-d2a6ac143270,4ceed9a6-ff87-4156-864a-04149cd9c676,6,Hanging Leg Raises with Twist,Bodyweight,
6f0cb757-f498-491f-8199-b97afde79149,70b81bd8-302d-4d71-bc17-0bf41cdb3735,1,Incline Bench Press,Barbell,
53c38d8a-5e6d-43ab-aef4-879f21dfa64d,70b81bd8-302d-4d71-bc17-0bf41cdb3735,2,Bench Press,Dumbbells,
685037bc-fa48-4d13-b163-855eae1e2020,70b81bd8-302d-4d71-bc17-0bf41cdb3735,3,Hip Thrusts,Barbell,
af099410-1f7e-4704-9e33-075b98640308,70b81bd8-302d-4d71-bc17-0bf41cdb3735,4,Zercher Squats,Barbell,
fa742b84-603f-4ae2-b5a2-e15f619364aa,70b81bd8-302d-4d71-bc17-0bf41cdb3735,5,Bench Press with Close Grip,Barbell,
136f3074-54b2-4d6d-8800-9ce3bfb3950c,70b81bd8-302d-4d71-bc17-0bf41cdb3735,6,Overhead Triceps Extensions,Dumbbells,
2152c6d8-9f67-4960-bea0-368e4b2e13ca,4fbe4e3c-ba03-4e2f-8058-263f73a7a935,1,Split Squats,Dumbbells,
e14a85a3-27bb-4f89-9802-917cb51c6176,4fbe4e3c-ba03-4e2f-8058-263f73a7a935,2,Lat Pulldowns with Reverse Grip,Cable,
86fec016-1bd8-4311-a326-cefda63838cd,4fbe4e3c-ba03-4e2f-8058-263f73a7a935,3,One-Arm Rows,Dumbbells,
c32ec7e1-950b-469d-b552-624c6e67b4c8,4fbe4e3c-ba03-4e2f-8058-263f73a7a935,4,Preacher Curls,EZ Curl Bar,
aae89c70-e572-44c6-bb8c-629edb33e19b,4fbe4e3c-ba03-4e2f-8058-263f73a7a935,5,Cross body curls,Dumbbells,
1daf0908-6c10-41c1-ac09-81b90566447d,4fbe4e3c-ba03-4e2f-8058-263f73a7a935,6,Seated Calf Raises (BB),Barbell,
e15f90cd-d9b5-4ac3-8b9b-61a679e7c8cc,4fbe4e3c-ba03-4e2f-8058-263f73a7a935,7,Kneeling Crunches,Cable,
cb534753-9f8a-4209-a460-411059940268,bd92d982-2bc3-4ec5-ad5f-3b2f0abfdc81,1,Bench Press,Barbell,
412e6d2c-89eb-4f4e-84bb-f541eeb9bf11,bd92d982-2bc3-4ec5-ad5f-3b2f0abfdc81,2,High Cable Flys,Cable,
783cae37-bb60-4c09-a8ab-5fc7208df891,bd92d982-2bc3-4ec5-ad5f-3b2f0abfdc81,3,Leg Extensions,Machine,
04c3b4ae-fbb9-48c7-8295-1227e6587134,bd92d982-2bc3-4ec5-ad5f-3b2f0abfdc81,4,Seated Leg Curls,Machine,
ee08ebb6-e462-4c5d-a863-028b06925344,bd92d982-2bc3-4ec5-ad5f-3b2f0abfdc81,5,Lateral Raises,Dumbbells,
1f15014a-0ad0-4368-b2cd-52406b36d184,bd92d982-2bc3-4ec5-ad5f-3b2f0abfdc81,6,Seated Bent-Over Lateral Raises,Dumbbells,
64c8b3ed-a987-430b-8c24-4ff6d8dcc0b9,bd92d982-2bc3-4ec5-ad5f-3b2f0abfdc81,7,Skull Crushers with Rope,Cable,
7fa5ed73-849f-441d-b444-bc2a0febebf5,113ab20e-14c3-4e0e-aac8-3169c68c88da,1,Step-Ups,Dumbbells,
2b7ff2cc-8e01-473f-b01c-9ff30dbbc1f3,113ab20e-14c3-4e0e-aac8-3169c68c88da,2,Leg Extensions,Machine,
82684dda-8a37-4d89-9694-76c864898946,113ab20e-14c3-4e0e-aac8-3169c68c88da,3,Incline Bench Press 60°,Dumbbells,
b9531ef1-5574-4cdd-9587-ba3c8a7d07ad,113ab20e-14c3-4e0e-aac8-3169c68c88da,4,Rows with Wide Neutral Grip,Cable,
785d5d25-eccc-4e62-8e6f-177c131a81a0,113ab20e-14c3-4e0e-aac8-3169c68c88da,5,Twist Curls,Dumbbells,
5910c4e8-a4d4-456f-8406-91132ffeb596,113ab20e-14c3-4e0e-aac8-3169c68c88da,6,Shrugs,Dumbbells,
a65850c7-2ee1-4d6a-ae82-68d8b4fab612,113ab20e-14c3-4e0e-aac8-3169c68c88da,7,Kneeling Crunches,Cable,
fb8b0798-c03c-45ab-95a7-815472bfe8e1,6ff1325d-d92b-48c8-8ced-03bcfa0b2a6e,1,Romanian Deadlifts,Barbell,
2f423f00-3ff4-4bab-9a49-026826939462,6ff1325d-d92b-48c8-8ced-03bcfa0b2a6e,2,Bent-Over Rows with Reverse Grip,Dumbbells,
b05f4d41-3996-4059-b035-b8e8116229d2,6ff1325d-d92b-48c8-8ced-03bcfa0b2a6e,3,Lat Pulldowns with Close Overhand Grip,Cable,
38f27ad8-2b25-4003-975d-b4d92e9b0746,6ff1325d-d92b-48c8-8ced-03bcfa0b2a6e,4,Standing Shoulder Press,Barbell,
a10bbfa9-2448-4dfc-aa9b-075b9641fa54,6ff1325d-d92b-48c8-8ced-03bcfa0b2a6e,5,Upright Rows,EZ Curl Bar,
13d6c8b5-de8d-44a8-9c07-268b22ff6039,6ff1325d-d92b-48c8-8ced-03bcfa0b2a6e,6,Hanging Leg Raises with Twist,Bodyweight,
2cd5c391-32b9-4408-857d-852dec841d31,880d2e84-81a0-4cee-bfb4-65994004f437,1,Incline Bench Press,Barbell,
03caf8f2-3332-4fd6-86c8-b3cdb10a2377,880d2e84-81a0-4cee-bfb4-65994004f437,2,Bench Press,Dumbbells,
035b1c01-e835-4806-aa05-a4e75b8cc036,880d2e84-81a0-4cee-bfb4-65994004f437,3,Hip Thrusts,Barbell,
d2d3f1fc-af04-4eed-aa3e-bb002d5dcf23,880d2e84-81a0-4cee-bfb4-65994004f437,4,Zercher Squats,Barbell,
fe483a8d-b09c-4304-b447-06bd948ccea2,880d2e84-81a0-4cee-bfb4-65994004f437,5,Bench Press with Close Grip,Barbell,
19ad41a4-482f-449b-9d38-314e2d1e35ff,880d2e84-81a0-4cee-bfb4-65994004f437,6,Overhead Triceps Extensions,Dumbbells,
a3395f4e-9f53-4565-969b-4c27efcde0d9,8e008d4e-9ff9-43c9-9970-c0bd538767ab,1,Split Squats,Dumbbells,
d691ad58-f42d-4036-915c-387441194e2d,8e008d4e-9ff9-43c9-9970-c0bd538767ab,2,Lat Pulldowns with Reverse Grip,Cable,
d48ceed9-e80c-4dcd-9d37-6ff5dd3a5ab0,8e008d4e-9ff9-43c9-9970-c0bd538767ab,3,One-Arm Rows,Dumbbells,
14c1744f-9cd0-4757-88cd-ca5c32243f10,8e008d4e-9ff9-43c9-9970-c0bd538767ab,4,Preacher Curls,EZ Curl Bar,
977bdcd3-b22b-46a8-9c4f-2b511395bd28,8e008d4e-9ff9-43c9-9970-c0bd538767ab,5,Cross body curls,Dumbbells,
8d6342a4-5595-4468-8782-9db79af528ae,8e008d4e-9ff9-43c9-9970-c0bd538767ab,6,Seated Calf Raises (BB),Barbell,
0cfd798d-7498-478d-8938-afd99fe96dff,8e008d4e-9ff9-43c9-9970-c0bd538767ab,7,Kneeling Crunches,Cable,
a1e0716d-69a4-4690-8c58-f5ccd0dc4c52,272dbc55-c906-4b0f-b955-bf78ac60059e,1,Bench Press,Barbell,
6ada34f1-1440-4a6f-a402-c8c10863a79d,272dbc55-c906-4b0f-b955-bf78ac60059e,2,High Cable Flys,Cable,
ee0a973b-5c42-41bb-b45e-2c5ccfa15ef0,272dbc55-c906-4b0f-b955-bf78ac60059e,3,Leg Extensions,Machine,
42ea1e3e-6cfe-4887-bc4b-d71435d7947b,272dbc55-c906-4b0f-b955-bf78ac60059e,4,Seated Leg Curls,Machine,
063638a0-fa61-450e-ba38-a6ba0a650c87,272dbc55-c906-4b0f-b955-bf78ac60059e,5,Lateral Raises,Dumbbells,
804a668f-9029-4ac2-be61-7b2d9cb0cbd9,272dbc55-c906-4b0f-b955-bf78ac60059e,6,Seated Bent-Over Lateral Raises,Dumbbells,
fd10ba46-5c1f-4128-9516-43a4097f2c24,272dbc55-c906-4b0f-b955-bf78ac60059e,7,Skull Crushers with Rope,Cable,
563454f9-525b-40b2-90ca-d655fcbb7406,e95d45cf-a3f2-443c-b139-da2f54f1d1cc,1,Step-Ups,Dumbbells,
7f351db6-7fe3-44d5-a340-b0865acf66bf,e95d45cf-a3f2-443c-b139-da2f54f1d1cc,2,Leg Extensions,Machine,
8d5d6ead-a44a-43d2-8307-da55e0f08e9f,e95d45cf-a3f2-443c-b139-da2f54f1d1cc,3,Incline Bench Press 60°,Dumbbells,
4aa002ff-6f0f-4298-87b8-7c495a4e6d36,e95d45cf-a3f2-443c-b139-da2f54f1d1cc,4,Rows with Wide Neutral Grip,Cable,
f608f921-5bc2-4bb0-b1b4-008a8f41ceee,e95d45cf-a3f2-443c-b139-da2f54f1d1cc,5,Twist Curls,Dumbbells,
70567b2a-0eb5-401c-96a7-c43a935ffccb,e95d45cf-a3f2-443c-b139-da2f54f1d1cc,6,Shrugs,Dumbbells,
d29524b4-6dce-4f1e-bde2-db60a3ff462a,e95d45cf-a3f2-443c-b139-da2f54f1d1cc,7,Kneeling Crunches,Cable,
c1e23381-d5f7-4d1c-9957-bddd008f1d3a,3b4084a7-35c2-4aec-b4cf-1228dc12f57a,1,Romanian Deadlifts,Barbell,
19057471-567b-4db7-af60-17698b4c1d19,3b4084a7-35c2-4aec-b4cf-1228dc12f57a,2,Bent-Over Rows with Reverse Grip,Dumbbells,
35eb6532-6cce-41fa-906b-69ad5892711a,3b4084a7-35c2-4aec-b4cf-1228dc12f57a,3,Lat Pulldowns with Close Overhand Grip,Cable,
27a5eb22-9e9d-42b1-b365-1c82a34c7a37,3b4084a7-35c2-4aec-b4cf-1228dc12f57a,4,Standing Shoulder Press,Barbell,
65b5b5b6-aa50-4185-a7ed-2eadae98479b,3b4084a7-35c2-4aec-b4cf-1228dc12f57a,5,Upright Rows,EZ Curl Bar,
52f66b86-7415-4344-9059-bf61506f5bf8,3b4084a7-35c2-4aec-b4cf-1228dc12f57a,6,Standing Calf Raises,Smith machine,
56b52c44-bec4-4332-a9c1-65b97111b946,3b4084a7-35c2-4aec-b4cf-1228dc12f57a,7,Hanging Leg Raises with Twist,Bodyweight,
bd3cfd59-7a7a-4dda-8748-366a2aaa7fcd,688d501f-4769-463e-a407-37c9becff711,1,Incline Bench Press,Barbell,
23496172-d8c0-4fa8-8771-760aa7090ecb,688d501f-4769-463e-a407-37c9becff711,2,Bench Press,Dumbbells,
b40ecda3-6624-4654-a791-3cb4b10b5aed,688d501f-4769-463e-a407-37c9becff711,3,Hip Thrusts,Barbell,
0a866bf7-e029-4657-8bd1-64c475b16e4b,688d501f-4769-463e-a407-37c9becff711,4,Zercher Squats,Barbell,
d1960840-99d9-4345-8032-efa80d534bbf,688d501f-4769-463e-a407-37c9becff711,5,Bench Press with Close Grip,Barbell,
9df1436a-07c0-48a2-960c-5a052a93b891,688d501f-4769-463e-a407-37c9becff711,6,Overhead Triceps Extensions,Dumbbells,
ad0aca29-c363-425f-825a-339bb7f9c73e,00989de3-f35b-446e-bfc7-df0116d5b084,1,Split Squats,Dumbbells,
2848abf1-bfd7-4278-a6f7-e93ec2ea96f6,00989de3-f35b-446e-bfc7-df0116d5b084,2,Lat Pulldowns with Reverse Grip,Cable,
8048c1c5-aa91-4011-b6a2-e73b63a10673,00989de3-f35b-446e-bfc7-df0116d5b084,3,One-Arm Rows,Dumbbells,
befa3d58-fc86-4c18-adb6-5beb6870b4d0,00989de3-f35b-446e-bfc7-df0116d5b084,4,Preacher Curls,EZ Curl Bar,
faf6ed48-9991-4c91-a963-7053b104556b,00989de3-f35b-446e-bfc7-df0116d5b084,5,Cross body curls,Dumbbells,
9775673c-ca2b-47ac-b34f-6d8d39308295,00989de3-f35b-446e-bfc7-df0116d5b084,6,Seated Calf Raises (BB),Barbell,
751c0d3a-7626-46d2-81bb-4b969e85441f,00989de3-f35b-446e-bfc7-df0116d5b084,7,Kneeling Crunches,Cable,
2cc735d1-415a-4e81-a626-8e88be0d3806,96f71936-642e-4571-8cf2-a91bff3f5d22,1,Bench Press,Barbell,
501c15a1-a3de-477c-8d02-d619b51ec22b,96f71936-642e-4571-8cf2-a91bff3f5d22,2,High Cable Flys,Cable,
5a402526-30ea-474a-81ec-074bfd9de38f,96f71936-642e-4571-8cf2-a91bff3f5d22,3,Leg Extensions,Machine,
fed8db42-977a-4e07-93a0-6426ea0aa64b,96f71936-642e-4571-8cf2-a91bff3f5d22,4,Seated Leg Curls,Machine,
68f54600-33d1-473e-bc44-8a138ce7b539,96f71936-642e-4571-8cf2-a91bff3f5d22,5,Lateral Raises,Dumbbells,
ed5f3a84-db0d-4937-a336-f0c4466c9af1,96f71936-642e-4571-8cf2-a91bff3f5d22,6,Seated Bent-Over Lateral Raises,Dumbbells,
2af35943-029a-44ab-b429-ae97ab1e7399,96f71936-642e-4571-8cf2-a91bff3f5d22,7,Skull Crushers with Rope,Cable,
5bdb477c-7e6a-49fb-aa69-d01eca22445e,10c90f42-1c19-475f-9ce3-70fc8cc27485,1,Step-Ups,Dumbbells,
0cda4b4e-be4d-4393-be1c-afe8f199c409,10c90f42-1c19-475f-9ce3-70fc8cc27485,2,Leg Extensions,Machine,
8db0ca89-6ea4-4432-b919-79dbe44d57d9,10c90f42-1c19-475f-9ce3-70fc8cc27485,3,Incline Bench Press 60°,Dumbbells,
540ed99e-00c8-4790-b1b2-b35646e67d71,10c90f42-1c19-475f-9ce3-70fc8cc27485,4,Rows with Wide Neutral Grip,Cable,
4528f0ac-1a5b-4db9-9f64-c2e2a9ff8fef,10c90f42-1c19-475f-9ce3-70fc8cc27485,5,Twist Curls,Dumbbells,
ddeb1795-b0ed-4954-9823-d835d3a0ec11,10c90f42-1c19-475f-9ce3-70fc8cc27485,6,Kneeling Crunches,Cable,
a667f999-a7e4-497a-9ef6-a1726bac9e3d,8f4e5e4b-bb91-497c-922b-f248053bab3a,1,Romanian Deadlifts,Barbell,
bc901931-6dff-48ca-9b7f-c10c8d84a64d,8f4e5e4b-bb91-497c-922b-f248053bab3a,2,Bent-Over Rows with Reverse Grip,Dumbbells,
b8984ac9-7554-442a-8b60-3db77644a7a1,8f4e5e4b-bb91-497c-922b-f248053bab3a,3,Lat Pulldowns with Close Overhand Grip,Cable,
07d86dbb-a3ed-4583-8279-b0e417148e93,8f4e5e4b-bb91-497c-922b-f248053bab3a,4,Standing Shoulder Press,Barbell,
bd39311f-b3aa-4878-b05f-8dedb109ad41,8f4e5e4b-bb91-497c-922b-f248053bab3a,5,Upright Rows,EZ Curl Bar,
9d50703d-7aeb-4930-9af0-09df60cfff68,8f4e5e4b-bb91-497c-922b-f248053bab3a,6,Standing Calf Raises,Smith machine,
f45156c5-9560-4bff-8152-076cdcfe32e3,8f4e5e4b-bb91-497c-922b-f248053bab3a,7,Hanging Leg Raises with Twist,Bodyweight,
4e2bf2c7-7dff-4e7e-9dbb-5e8139b17af7,91228db7-c84d-4d35-847c-de10cd60dbf1,1,Incline Bench Press,Barbell,
978964d4-2e47-4c20-92ba-c6a0497966a5,91228db7-c84d-4d35-847c-de10cd60dbf1,2,Bench Press,Dumbbells,
c8d19118-0d60-47a0-9980-9ff62a74e8c0,91228db7-c84d-4d35-847c-de10cd60dbf1,3,Hip Thrusts,Barbell,
84721f54-779c-49df-a3bf-f0077b181115,91228db7-c84d-4d35-847c-de10cd60dbf1,4,Zercher Squats,Barbell,
7cd4c7e6-693d-4e7e-8fdc-e26db8c350c5,91228db7-c84d-4d35-847c-de10cd60dbf1,5,Bench Press with Close Grip,Barbell,
2411b6f5-c8d3-434b-a578-7dfd5deece9a,91228db7-c84d-4d35-847c-de10cd60dbf1,6,Overhead Triceps Extensions,Dumbbells,
7efe7936-a3c5-467c-9770-ae994ec8c113,a0bc2b2b-f1ad-483d-8782-7c55dfa908fe,1,Split Squats,Dumbbells,
4d9d6d5c-22f1-4636-8fa7-6f0dc6579d1a,a0bc2b2b-f1ad-483d-8782-7c55dfa908fe,2,Lat Pulldowns with Reverse Grip,Cable,
6afc1117-2e53-4b1e-8ecb-a3a5622a1517,a0bc2b2b-f1ad-483d-8782-7c55dfa908fe,3,One-Arm Rows,Dumbbells,
fb1088cb-c55e-48f6-8888-ab7e22ec6484,a0bc2b2b-f1ad-483d-8782-7c55dfa908fe,4,Preacher Curls,EZ Curl Bar,
4fff94c0-c936-459f-8e4b-b531444738b9,a0bc2b2b-f1ad-483d-8782-7c55dfa908fe,5,Cross body curls,Dumbbells,
2103947e-b291-46b4-a9b4-7394bc7c42d7,a0bc2b2b-f1ad-483d-8782-7c55dfa908fe,6,Seated Calf Raises (BB),Barbell,
a4b61608-f95d-44d0-bda0-3e4f1289f862,a0bc2b2b-f1ad-483d-8782-7c55dfa908fe,7,Kneeling Crunches,Cable,
30e1577d-23a8-4da9-b83f-f350e113d872,1fad6d67-1ffd-440a-b05d-21bd8e7f134d,1,Bench Press,Barbell,
0ca50a0d-80a5-4a13-a4df-92958e6999b3,1fad6d67-1ffd-440a-b05d-21bd8e7f134d,2,High Cable Flys,Cable,
8ba58f8c-4e52-49e0-92a2-65ca80deb56a,1fad6d67-1ffd-440a-b05d-21bd8e7f134d,3,Leg Extensions,Machine,
a0ca85bf-5dcb-4cbc-a667-e0caa66c5075,1fad6d67-1ffd-440a-b05d-21bd8e7f134d,4,Seated Leg Curls,Machine,
a76f08c2-e1cc-4237-a968-9809fb685655,1fad6d67-1ffd-440a-b05d-21bd8e7f134d,5,Lateral Raises,Dumbbells,
692efbca-1d9d-437a-87fb-f18e91675f53,1fad6d67-1ffd-440a-b05d-21bd8e7f134d,6,Seated Bent-Over Lateral Raises,Dumbbells,
c836ec72-ecdc-4db8-9229-9ae62b3074e1,1fad6d67-1ffd-440a-b05d-21bd8e7f134d,7,Skull Crushers with Rope,Cable,
0b8c9ba0-ab93-4fd9-b6d1-ea979d6603f6,0e292ae1-e809-4bcf-a5a7-9e7c624fefc9,1,Step-Ups,Dumbbells,
28a7034b-7df6-4d63-9c2a-f8022f54073f,0e292ae1-e809-4bcf-a5a7-9e7c624fefc9,2,Leg Extensions,Machine,
9f0b43c8-929d-4073-bf00-cb4c2a43734c,0e292ae1-e809-4bcf-a5a7-9e7c624fefc9,3,Incline Bench Press 60°,Dumbbells,
938ebae6-6976-462f-91f4-0f4b20a2fa4a,0e292ae1-e809-4bcf-a5a7-9e7c624fefc9,4,Rows with Wide Neutral Grip,Cable,
b9bb467e-170e-448b-a35f-4bdfb29c66fd,0e292ae1-e809-4bcf-a5a7-9e7c624fefc9,5,Twist Curls,Dumbbells,
fc396cae-c891-4d58-9a24-447a25f9b482,0e292ae1-e809-4bcf-a5a7-9e7c624fefc9,6,Shrugs,Dumbbells,
1ea48859-3a0f-42fe-abdb-7fff24833a27,0e292ae1-e809-4bcf-a5a7-9e7c624fefc9,7,Kneeling Crunches,Cable,
d6797112-963b-452e-845d-3e3ee2b03a82,bf03f3a0-03f3-49cb-928c-0b4d57ae0029,1,Romanian Deadlifts,Barbell,
1cacca3c-15a7-4344-a6ca-76349f95bf66,bf03f3a0-03f3-49cb-928c-0b4d57ae0029,2,Bent-Over Rows with Reverse Grip,Dumbbells,
40eee864-a8b0-4639-9a60-233d37d01df9,bf03f3a0-03f3-49cb-928c-0b4d57ae0029,3,Lat Pulldowns with Close Overhand Grip,Cable,
ff657731-a696-4fe2-9e3c-ad519b18b1fb,bf03f3a0-03f3-49cb-928c-0b4d57ae0029,4,Standing Shoulder Press,Barbell,
bbb4d10e-f601-49b0-92a6-9facc477aca0,bf03f3a0-03f3-49cb-928c-0b4d57ae0029,5,Upright Rows,EZ Curl Bar,
4f8ccac2-97c8-4400-b286-597efe1ea421,bf03f3a0-03f3-49cb-928c-0b4d57ae0029,6,Hanging Leg Raises with Twist,Bodyweight,
d961355a-55bf-4bc7-a0c6-5fff4753d637,b74ba3c7-d395-444c-9315-2417085cd2ad,1,Incline Bench Press,Barbell,
deeab22f-b185-4712-850b-0150826ec9ed,b74ba3c7-d395-444c-9315-2417085cd2ad,2,Bench Press,Dumbbells,
c15b14f8-810f-4776-bd1d-22463ab7aaa4,b74ba3c7-d395-444c-9315-2417085cd2ad,3,Hip Thrusts,Barbell,
aab8ed57-16b5-4880-83a3-88f0d93c8504,b74ba3c7-d395-444c-9315-2417085cd2ad,4,Zercher Squats,Barbell,
2980099d-7787-4897-9dc2-d35cb2ce90a9,b74ba3c7-d395-444c-9315-2417085cd2ad,5,Bench Press with Close Grip,Barbell,
a5f46dde-8534-42a8-b8af-f2c0356b0193,b74ba3c7-d395-444c-9315-2417085cd2ad,6,Overhead Triceps Extensions,Dumbbells,
6b14c2ed-a3e6-4235-aded-80c1f88e3654,a38d473c-73cf-441b-a073-0d4c4571c83d,1,Bulgarian Split Squats,Dumbbells,
c619c7cf-3535-45d0-988a-0e1d2393cd08,a38d473c-73cf-441b-a073-0d4c4571c83d,2,Lat Pulldowns with Reverse Grip,Cable,
94cf6f2e-8f7d-4057-ad97-71f05601be89,a38d473c-73cf-441b-a073-0d4c4571c83d,3,One-Arm Rows,Dumbbells,
23e1f7e1-d520-4d71-9599-74fcde68a528,a38d473c-73cf-441b-a073-0d4c4571c83d,4,Preacher Curls,EZ Curl Bar,
be7f89b5-40ac-4fb6-b052-439ca7650080,a38d473c-73cf-441b-a073-0d4c4571c83d,5,Cross body curls,Dumbbells,
1da791ad-20c1-4c7e-8bbe-15877ee0ba87,a38d473c-73cf-441b-a073-0d4c4571c83d,6,Seated Calf Raises (BB),Barbell,
88828ba8-634e-48d4-88d2-efa0139d9063,a38d473c-73cf-441b-a073-0d4c4571c83d,7,Kneeling Crunches,Cable,
b5d1575f-5da8-45dd-94f0-24bd3d8064c0,e593653a-c752-48ae-8b14-15c7d3911bc1,1,Bench Press,Barbell,
810b6e99-82ae-4e0b-953c-c1128e0636f5,e593653a-c752-48ae-8b14-15c7d3911bc1,2,High Cable Flys,Cable,
7afd194a-ca41-4da4-8b8e-1974c585e6b3,e593653a-c752-48ae-8b14-15c7d3911bc1,3,Leg Extensions,Machine,
4a64fca4-5576-4d2c-9442-28f4748ff076,e593653a-c752-48ae-8b14-15c7d3911bc1,4,Seated Leg Curls,Machine,
e326ece8-36cb-486e-b335-b63d4ab45a5a,e593653a-c752-48ae-8b14-15c7d3911bc1,5,Lateral Raises,Dumbbells,
0c7d029d-a77f-4031-bec5-8b132ec3acc8,e593653a-c752-48ae-8b14-15c7d3911bc1,6,Seated Bent-Over Lateral Raises,Dumbbells,
5f79f2b5-73f6-460f-ad2c-3f90f8425a2e,e593653a-c752-48ae-8b14-15c7d3911bc1,7,Skull Crushers with Rope,Cable,
82f9e950-6453-4d20-a927-d671f5320673,aaf05626-9388-4001-86a7-b1e7e37c6ccf,1,Step-Ups,Dumbbells,
06a3f5a3-b0a6-41b4-aa67-8add56b8fe1b,aaf05626-9388-4001-86a7-b1e7e37c6ccf,2,Leg Extensions,Machine,
4bc5c745-4a1e-4248-924f-b38d8848a4a3,aaf05626-9388-4001-86a7-b1e7e37c6ccf,3,Incline Bench Press 60°,Dumbbells,
a8d133ca-98f0-47e5-a5f3-9bd0a14e1488,aaf05626-9388-4001-86a7-b1e7e37c6ccf,4,Rows with Wide Neutral Grip,Cable,
993c6a27-a778-4ce3-80c3-963e1c837780,aaf05626-9388-4001-86a7-b1e7e37c6ccf,5,Twist Curls,Dumbbells,
066d848d-c228-456d-b9a4-18a610582b00,aaf05626-9388-4001-86a7-b1e7e37c6ccf,6,Shrugs,Dumbbells,
622b726f-76d6-499a-8b08-45dd99350e8b,aaf05626-9388-4001-86a7-b1e7e37c6ccf,7,Kneeling Crunches,Cable,
25a23fc2-9b5d-41a7-8465-91b18ab7c845,71e4b46a-59a7-41f1-8a1e-3fbb90e9fc4a,1,Romanian Deadlifts,Barbell,
ec20023b-9acb-4bf1-967c-baf44459303c,71e4b46a-59a7-41f1-8a1e-3fbb90e9fc4a,2,Bent-Over Rows with Reverse Grip,Dumbbells,
ee7a6c56-e149-45b7-bb0c-bc34b3ded1be,71e4b46a-59a7-41f1-8a1e-3fbb90e9fc4a,3,Lat Pulldowns with Close Overhand Grip,Cable,
1c1fcc94-ae40-4201-912c-f04a2d2ce543,71e4b46a-59a7-41f1-8a1e-3fbb90e9fc4a,4,Standing Shoulder Press,Barbell,
dbdfa7cb-2bb5-4dce-ae23-6a4b1b63dda5,71e4b46a-59a7-41f1-8a1e-3fbb90e9fc4a,5,Upright Rows,EZ Curl Bar,
a264c0aa-c6d5-4670-9c9a-ea7e4d8dce63,71e4b46a-59a7-41f1-8a1e-3fbb90e9fc4a,6,Standing Calf Raises,Smith machine,
c5363e76-d538-401f-a303-63488857ff12,71e4b46a-59a7-41f1-8a1e-3fbb90e9fc4a,7,Hanging Leg Raises with Twist,Bodyweight,
36563f52-2f7c-475b-aa1d-b4406bcb5f2c,28d4482c-ffdf-4c9c-8514-9d62ad2d4b6e,1,Incline Bench Press,Barbell,
128071fb-49c7-4194-a512-7c769d615fbb,28d4482c-ffdf-4c9c-8514-9d62ad2d4b6e,2,Bench Press,Dumbbells,
f1ea617a-8486-4443-a107-69077b57c5a2,28d4482c-ffdf-4c9c-8514-9d62ad2d4b6e,3,Hip Thrusts,Barbell,
5deed7c5-1e45-4ceb-b0ea-fcf27298f08d,28d4482c-ffdf-4c9c-8514-9d62ad2d4b6e,4,Zercher Squats,Barbell,
f1b4c5c6-4ef5-4468-9690-2b4a1caa3faa,28d4482c-ffdf-4c9c-8514-9d62ad2d4b6e,5,Bench Press with Close Grip,Barbell,
d6520582-b405-4086-a829-a3febecf92a5,28d4482c-ffdf-4c9c-8514-9d62ad2d4b6e,6,Overhead Triceps Extensions,Dumbbells,
8876493a-607c-4eee-8ab1-84ea840cef33,486ae4a0-b726-4152-9b88-9f86ab531cf6,1,Bulgarian Split Squats,Dumbbells,
de68dcae-8278-4961-91e5-90df5938badb,486ae4a0-b726-4152-9b88-9f86ab531cf6,2,Lat Pulldowns with Reverse Grip,Cable,
67cb352a-79fc-41dc-be11-147c2cc96ad7,486ae4a0-b726-4152-9b88-9f86ab531cf6,3,One-Arm Rows,Dumbbells,
7776d68f-88c0-4d59-9313-56a09bc0b37c,486ae4a0-b726-4152-9b88-9f86ab531cf6,4,Preacher Curls,EZ Curl Bar,
e698de81-502d-48c9-8942-ca4a124061e9,486ae4a0-b726-4152-9b88-9f86ab531cf6,5,Cross body curls,Dumbbells,
0ab6bcaa-7bd9-43a7-8352-f574e79a6702,486ae4a0-b726-4152-9b88-9f86ab531cf6,6,Seated Calf Raises (BB),Barbell,
f4882718-58ee-49d5-aaba-273f42562ff0,486ae4a0-b726-4152-9b88-9f86ab531cf6,7,Kneeling Crunches,Cable,
4493a643-2a7f-4c46-a1da-86d7f4622808,2259c9d0-118e-4184-94a8-45ba0acbf991,1,Bench Press,Barbell,
57da2d32-5c16-4ad7-823d-dcc37cd3e85e,2259c9d0-118e-4184-94a8-45ba0acbf991,2,High Cable Flys,Cable,
852945d9-e09b-4e27-8897-6d0f23f1f0b8,2259c9d0-118e-4184-94a8-45ba0acbf991,3,Leg Extensions,Machine,
56f518ca-92c4-4527-a12e-84c27ce618a4,2259c9d0-118e-4184-94a8-45ba0acbf991,4,Seated Leg Curls,Machine,
19774f52-07e4-4280-abcb-111ed88f5d47,2259c9d0-118e-4184-94a8-45ba0acbf991,5,Lateral Raises,Dumbbells,
a0a7c435-3d9b-4a60-b501-9c171f68d42f,2259c9d0-118e-4184-94a8-45ba0acbf991,6,Seated Bent-Over Lateral Raises,Dumbbells,
ec8313f4-eabd-43f3-b002-c3a324183130,2259c9d0-118e-4184-94a8-45ba0acbf991,7,Skull Crushers with Rope,Cable,
9ea650be-a0da-404a-9ac5-942dd1a31340,426438a5-3857-4e09-b3e4-3cc02122ab66,1,Walking Lunges,Dumbbells,
996206aa-adec-4ee3-87d9-1abe74b9a2d9,426438a5-3857-4e09-b3e4-3cc02122ab66,2,Leg Extensions,Machine,
e7dd267f-67f4-4540-a398-0fe65d34de14,426438a5-3857-4e09-b3e4-3cc02122ab66,3,Flys,Dumbbells,
507fe687-163c-4d59-8cc2-2e331ed3b3c5,426438a5-3857-4e09-b3e4-3cc02122ab66,4,Incline Bench Press,Dumbbells,
24ec64d6-1156-4df4-b3d9-0d488eb15ff4,426438a5-3857-4e09-b3e4-3cc02122ab66,5,Lat Pulldowns with Close Overhand Grip,Cable,
138e84c1-6eac-4156-afa7-059b4eaa644c,426438a5-3857-4e09-b3e4-3cc02122ab66,6,Y Raises,Cable,
612569e3-08a9-4097-bd6f-577f8cf24914,426438a5-3857-4e09-b3e4-3cc02122ab66,7,Face Pulls with Rope,Cable,
0d11be2d-753c-4629-9324-65015c09f70e,ba5dc072-62cc-45a4-9431-9fb5580d81f1,1,Lat Pulldowns with Wide Overhand Grip,Cable,
57407058-3900-4001-b2f4-e30e70c48a0f,ba5dc072-62cc-45a4-9431-9fb5580d81f1,2,Rows with Close Grip,Cable,
bf71e5f8-bf8e-4331-9f0e-716e7ef00ad6,ba5dc072-62cc-45a4-9431-9fb5580d81f1,3,Hyperextensions on Roman Chair,Bodyweight,
469fc276-5215-44b2-bad5-2905b5e1b47e,ba5dc072-62cc-45a4-9431-9fb5580d81f1,4,Curls,Cable,
aad45e2c-4eec-4b9e-b104-eb335d4ce0a8,ba5dc072-62cc-45a4-9431-9fb5580d81f1,5,Triceps Pushdowns with Rope,Cable,
3ca6e829-9d4c-4710-a8cf-f2455524c5f4,ba5dc072-62cc-45a4-9431-9fb5580d81f1,6,Hanging Leg Raises,Bodyweight,
7cecf9fe-5e2c-4069-afc3-49633dc4a020,e28337ed-b52c-4d19-850c-9a080bf021f7,1,Incline Bench Press,Barbell,
38f4b423-89f6-4bf5-af52-c497fe59b34c,e28337ed-b52c-4d19-850c-9a080bf021f7,2,Bench Press,Dumbbells,
3fc787f0-05c0-4b0e-866e-97a09fd3b061,e28337ed-b52c-4d19-850c-9a080bf021f7,3,Squats (Belt),Bodyweight,
810c88c5-2c41-4523-a7a8-2dab72a7f5d9,e28337ed-b52c-4d19-850c-9a080bf021f7,4,Hip Thrusts,Barbell,
03c591b0-92b4-48d7-a40b-acc334bd95c5,e28337ed-b52c-4d19-850c-9a080bf021f7,5,Seated Lateral Raises,Dumbbells,
af149421-56c7-456e-85c4-050738a5a460,e28337ed-b52c-4d19-850c-9a080bf021f7,6,Seated Shoulder Press with Close Grip,Dumbbells,
b167aca7-ceef-48a2-9ff6-aaa35b967fc0,e28337ed-b52c-4d19-850c-9a080bf021f7,7,Decline Side Crunches,Bodyweight,
0c44e782-c923-4789-a746-832dd132a681,023fb990-fecb-4120-8eb5-c0eb72d1b286,1,Deadlifts,Barbell,
37bdf0c7-4d18-480c-8974-673570ba4c9a,023fb990-fecb-4120-8eb5-c0eb72d1b286,2,Bent-Over Rows,Barbell,
f58c498f-44f6-47a6-a878-dae8ccdcbe27,023fb990-fecb-4120-8eb5-c0eb72d1b286,3,Pullovers with Rope,Cable,
de1ab9c0-bc34-4e6c-9067-ed3ec182f548,023fb990-fecb-4120-8eb5-c0eb72d1b286,4,Skull Crushers,EZ Curl Bar,
64404a81-c177-4bcd-a216-17400dd3a11b,023fb990-fecb-4120-8eb5-c0eb72d1b286,5,Preacher Twist Curls,Dumbbells,
5b19a046-7e36-47dd-9cbc-245c8efee60d,023fb990-fecb-4120-8eb5-c0eb72d1b286,6,Seated Calf Raises (BB),Barbell,
f466de06-7f7f-4e8f-805b-a4dc66e9ae5e,5ce805cb-6bb4-4775-b13d-049687da6bdd,1,Bench Press,Barbell,
da48a03b-c92e-4ed1-8166-e2a3bd8ed6f0,5ce805cb-6bb4-4775-b13d-049687da6bdd,2,Decline Bench Press,Barbell,
41e3a9fe-95ef-4604-b484-ed685ff242a5,5ce805cb-6bb4-4775-b13d-049687da6bdd,3,Leg Extensions,Machine,
45ab8752-822c-425c-a020-a4042bef18f1,5ce805cb-6bb4-4775-b13d-049687da6bdd,4,Seated Leg Curls,Machine,
c20736b8-79b0-4876-85a3-7375bf9ff548,5ce805cb-6bb4-4775-b13d-049687da6bdd,5,Curls,Barbell,
c4b86b32-0dbf-4eb7-bb17-89a274776d31,5ce805cb-6bb4-4775-b13d-049687da6bdd,6,Overhead Triceps Extensions,Dumbbells,
7c291485-d169-4d03-ac89-9a00ebe20b97,5ce805cb-6bb4-4775-b13d-049687da6bdd,7,Kneeling Side Crunches,Cable,
b6efe9bc-e161-4e70-89b6-f0f8695870db,2fbc736b-26bb-4e3b-9d04-400af4cd4efd,1,Walking Lunges,Dumbbells,
00e55e07-6520-4b5c-bd4e-f46493a33e86,2fbc736b-26bb-4e3b-9d04-400af4cd4efd,2,Leg Extensions,Machine,
a6e17000-8b44-4a5d-b917-17e08eee058d,2fbc736b-26bb-4e3b-9d04-400af4cd4efd,3,Flys,Dumbbells,
fddc025a-2215-4cc1-889d-3da50c03b9ae,2fbc736b-26bb-4e3b-9d04-400af4cd4efd,4,Incline Bench Press,Dumbbells,
e3b38434-2a48-4691-a859-fc8aae403753,2fbc736b-26bb-4e3b-9d04-400af4cd4efd,5,Lat Pulldowns with Close Overhand Grip,Cable,
149168c6-61c3-42c9-a76b-024f0bbbee4c,2fbc736b-26bb-4e3b-9d04-400af4cd4efd,6,Y Raises,Cable,
356be012-f135-4c3a-92a9-a2ff35c50b2e,2fbc736b-26bb-4e3b-9d04-400af4cd4efd,7,Face Pulls with Rope,Cable,
dcee1129-c148-430a-bf2a-84a8df77a561,85c7f59c-d055-45a4-bb18-bd36e066360d,1,Lat Pulldowns with Wide Overhand Grip,Cable,
19877eb4-d2c7-464f-a600-dc1f78ec7af1,85c7f59c-d055-45a4-bb18-bd36e066360d,2,Rows with Close Grip,Cable,
d4c1cefd-1442-4824-bd5d-67d59595511c,85c7f59c-d055-45a4-bb18-bd36e066360d,3,Hyperextensions on Roman Chair,Bodyweight,
b2e56e7a-aa5f-4bd5-8966-5b1840463938,85c7f59c-d055-45a4-bb18-bd36e066360d,4,Curls,Cable,
5a5f452a-adea-48ca-8db0-2125c3b88ec1,85c7f59c-d055-45a4-bb18-bd36e066360d,5,Triceps Pushdowns with Rope,Cable,
e524ffb8-8aa3-4bd7-8381-aaedd7654f2a,85c7f59c-d055-45a4-bb18-bd36e066360d,6,Hanging Leg Raises,Bodyweight,
a38bb4fd-9eaf-4599-860a-77f45c4f17f9,f80dbdb6-6a6d-48c6-8fc0-a68ad5a3fce9,1,Incline Bench Press,Barbell,
6190bd94-65ce-4ca5-af49-7f8a9757983f,f80dbdb6-6a6d-48c6-8fc0-a68ad5a3fce9,2,Bench Press,Dumbbells,
cc5f13cc-4c0c-4d63-b156-b4f7e0b06dbf,f80dbdb6-6a6d-48c6-8fc0-a68ad5a3fce9,3,Squats (Belt),Bodyweight,
b07f3333-65c6-48cf-93b3-d66c25b75328,f80dbdb6-6a6d-48c6-8fc0-a68ad5a3fce9,4,Hip Thrusts,Barbell,
5b8a262d-b658-411c-bb04-e22a77e06b47,f80dbdb6-6a6d-48c6-8fc0-a68ad5a3fce9,5,Seated Lateral Raises,Dumbbells,
efb255b5-779b-45a2-8245-d790be64f6fd,f80dbdb6-6a6d-48c6-8fc0-a68ad5a3fce9,6,Seated Shoulder Press with Close Grip,Dumbbells,
2b852f61-d40a-4312-b32d-c59601629f7f,387c409f-4f4f-4c35-8348-005e17b863aa,1,Deadlifts,Barbell,
9e041bc8-b76d-461b-adc8-b2ea14558419,387c409f-4f4f-4c35-8348-005e17b863aa,2,Bent-Over Rows,Barbell,
da748fa4-6825-4804-8818-bdd90699ba15,387c409f-4f4f-4c35-8348-005e17b863aa,3,Pullovers with Rope,Cable,
5619feb5-14a9-428e-83fd-efd9255d5c19,387c409f-4f4f-4c35-8348-005e17b863aa,4,Skull Crushers,EZ Curl Bar,
6dfcfd7d-126f-4cc4-926d-5eff884af94f,387c409f-4f4f-4c35-8348-005e17b863aa,5,Preacher Twist Curls,Dumbbells,
311fd48b-951f-4298-86fc-32f56accb03b,387c409f-4f4f-4c35-8348-005e17b863aa,6,Seated Calf Raises (BB),Barbell,
dd84ac8c-0657-46d2-9f51-964d4a3b0718,5029aa0e-414a-43eb-a565-1febf51fd3f7,1,Bench Press,Barbell,
2c2f05dd-a484-4026-8c4e-d52a2744b1a7,5029aa0e-414a-43eb-a565-1febf51fd3f7,2,Decline Bench Press,Barbell,
d1259f58-740f-4686-8a51-b9763fdfd231,5029aa0e-414a-43eb-a565-1febf51fd3f7,3,Leg Extensions,Machine,
8336e29e-f5e8-4dbc-8c99-72d93443b6e5,5029aa0e-414a-43eb-a565-1febf51fd3f7,4,Seated Leg Curls,Machine,
04db5034-3d9d-475f-b3a6-a42ae163cb95,5029aa0e-414a-43eb-a565-1febf51fd3f7,5,Curls,Barbell,
9f5798f5-ae40-48b7-a0bb-72bc5cace022,5029aa0e-414a-43eb-a565-1febf51fd3f7,6,Overhead Triceps Extensions,Dumbbells,
97c97a66-e9f8-4a3f-b465-e905116b95c6,5029aa0e-414a-43eb-a565-1febf51fd3f7,7,Kneeling Side Crunches,Cable,
f1574811-315b-4cf5-ba61-2b8a762db379,8e127066-d992-4c25-b598-8f03f95d907f,1,Walking Lunges,Dumbbells,
5b35e66d-beb7-4f14-a7d1-39fd0e7f8bfd,8e127066-d992-4c25-b598-8f03f95d907f,2,Leg Extensions,Machine,
4ecca676-fb0d-4a97-a112-06848e3125e9,8e127066-d992-4c25-b598-8f03f95d907f,3,Flys,Dumbbells,
2cbb2296-04b6-4b26-9d78-96cfc2a9d86c,8e127066-d992-4c25-b598-8f03f95d907f,4,Incline Bench Press,Dumbbells,
27500788-864f-4100-9b89-14e337cbaf6e,8e127066-d992-4c25-b598-8f03f95d907f,5,Lat Pulldowns with Close Overhand Grip,Cable,
fa954ed3-eff1-49da-9f2b-0fd1ac45fc34,8e127066-d992-4c25-b598-8f03f95d907f,6,Y Raises,Cable,
f964d237-095e-4d6f-8136-d0c851aa97f0,8e127066-d992-4c25-b598-8f03f95d907f,7,Face Pulls with Rope,Cable,
bbad6840-293d-472f-80ad-68335fba20a6,415516b3-72e2-4dc3-93ad-a2ec71434636,1,Lat Pulldowns with Wide Overhand Grip,Cable,
313acb24-c804-4a4f-b005-39f59992a97c,415516b3-72e2-4dc3-93ad-a2ec71434636,2,Rows with Close Grip,Cable,
8936e6c8-4f74-4a33-bfa0-deee35c91ff7,415516b3-72e2-4dc3-93ad-a2ec71434636,3,Hyperextensions on Roman Chair,Bodyweight,
716f6e74-595e-4fd5-b41b-3f0be05041f3,415516b3-72e2-4dc3-93ad-a2ec71434636,4,Curls,Cable,
38e9128b-338e-44ba-af40-1b70e612233b,415516b3-72e2-4dc3-93ad-a2ec71434636,5,Triceps Pushdowns with Rope,Cable,
84f71a6a-237c-4dfb-89a2-19ff68c5a938,415516b3-72e2-4dc3-93ad-a2ec71434636,6,Hanging Leg Raises,Bodyweight,
0342dd7b-592b-481b-9efb-0dd55c4bafc5,6cd57d4b-16a7-423a-90b7-f4a4d860ffb8,1,Incline Bench Press,Barbell,
57f895dc-c823-422b-95dc-104e2f8b1b60,6cd57d4b-16a7-423a-90b7-f4a4d860ffb8,2,Bench Press,Dumbbells,
53e7a6eb-0062-40cf-aa76-2dc2b32a6c7c,6cd57d4b-16a7-423a-90b7-f4a4d860ffb8,3,Squats (Belt),Bodyweight,
95b97f59-3939-4874-847f-0b6fdd592e23,6cd57d4b-16a7-423a-90b7-f4a4d860ffb8,4,Hip Thrusts,Barbell,
70f1f324-44b6-48ae-b498-9ad4f67657c8,6cd57d4b-16a7-423a-90b7-f4a4d860ffb8,5,Seated Lateral Raises,Dumbbells,
93432249-14a5-434d-9c98-8fac3fa16ca9,6cd57d4b-16a7-423a-90b7-f4a4d860ffb8,6,Seated Shoulder Press with Close Grip,Dumbbells,
f44c4cab-2b85-4a72-9293-03af85f494fb,6cd57d4b-16a7-423a-90b7-f4a4d860ffb8,7,Decline Side Crunches,Bodyweight,
9424cc73-5386-42a2-8226-02ddf40e4278,0e1c7a29-eafc-40b2-a58c-c76c6c27c110,1,Deadlifts,Barbell,
e81b2aeb-86d2-4f68-9d0b-a3d7d238f2ee,0e1c7a29-eafc-40b2-a58c-c76c6c27c110,2,Bent-Over Rows,Barbell,
0a393536-658b-42f4-b8f8-67ae921b1ef3,0e1c7a29-eafc-40b2-a58c-c76c6c27c110,3,Pullovers with Rope,Cable,
d16dba2e-96cb-4f1f-ab43-4e6c10e53cbe,0e1c7a29-eafc-40b2-a58c-c76c6c27c110,4,Skull Crushers,EZ Curl Bar,
d05f7fb2-b866-4ad4-87f3-521566332bca,0e1c7a29-eafc-40b2-a58c-c76c6c27c110,5,Preacher Twist Curls,Dumbbells,
5bc5c235-3b0b-4df7-8a5c-d0d902042daa,0e1c7a29-eafc-40b2-a58c-c76c6c27c110,6,Seated Calf Raises (BB),Barbell,
df33d930-888e-4202-81ca-01f3020eaaec,217c9182-e94b-4458-8e82-cdc00f648b44,1,Bench Press,Barbell,
38b2304f-3829-41bf-947a-6148a76523b2,217c9182-e94b-4458-8e82-cdc00f648b44,2,Decline Bench Press,Barbell,
d2c3802a-148e-454b-8010-1ce2a1d87811,217c9182-e94b-4458-8e82-cdc00f648b44,3,Leg Extensions,Machine,
1c6ffc67-9fea-48d8-a199-70f7bc79ccbf,217c9182-e94b-4458-8e82-cdc00f648b44,4,Seated Leg Curls,Machine,
f7b40c7c-0cbe-451b-afc6-317d4718a87c,217c9182-e94b-4458-8e82-cdc00f648b44,5,Curls,Barbell,
6579cd9f-f76d-4e09-ab55-9dab9fdebb70,217c9182-e94b-4458-8e82-cdc00f648b44,6,Overhead Triceps Extensions,Dumbbells,
dcdf60f9-535a-4101-94d5-9e7e20e6472b,217c9182-e94b-4458-8e82-cdc00f648b44,7,Russian Twists,Bodyweight,
c404ea09-3278-4a5b-98df-ed441db166fe,af80a909-baf6-42da-ad2e-6cc0d147d744,1,Walking Lunges,Dumbbells,
46cfcfef-537f-47a4-9f80-2d4e2b3bd5ce,af80a909-baf6-42da-ad2e-6cc0d147d744,2,Leg Extensions,Machine,
b902e67b-aea3-4428-8d0d-cade1054ea7d,af80a909-baf6-42da-ad2e-6cc0d147d744,3,Flys,Dumbbells,
5ef6d68f-e33f-469b-82ac-16c76867f2b0,af80a909-baf6-42da-ad2e-6cc0d147d744,4,Incline Bench Press,Dumbbells,
09331c8f-e45f-4dea-b430-8a550cc975f5,af80a909-baf6-42da-ad2e-6cc0d147d744,5,Lat Pulldowns with Close Overhand Grip,Cable,
095efc5e-5288-4a96-a4a0-f7e3e39207a0,af80a909-baf6-42da-ad2e-6cc0d147d744,6,Y Raises,Cable,
96d0c252-2da3-4ae2-b9ad-88bf8ac46c02,af80a909-baf6-42da-ad2e-6cc0d147d744,7,Face Pulls with Rope,Cable,
59ec6d95-e7ed-45c0-ba87-0a15f9aa510f,5c52d54a-383e-45ff-9189-677fccd0deeb,1,Lat Pulldowns with Wide Overhand Grip,Cable,
1f9523bc-fbd8-4250-a8c5-9e1d35052b0a,5c52d54a-383e-45ff-9189-677fccd0deeb,2,Rows with Close Grip,Cable,
847a40ec-0c7c-488e-8bdb-ce558c20d071,5c52d54a-383e-45ff-9189-677fccd0deeb,3,Hyperextensions on Roman Chair,Bodyweight,
ae46c578-91e0-45d8-b204-e75f490c407b,5c52d54a-383e-45ff-9189-677fccd0deeb,4,Curls,Cable,
00b6c777-e586-442e-b529-ac3974bf7ccb,5c52d54a-383e-45ff-9189-677fccd0deeb,5,Triceps Pushdowns with Rope,Cable,
82257e5f-0dbb-40a2-bfad-d4f604272924,5c52d54a-383e-45ff-9189-677fccd0deeb,6,Hanging Leg Raises,Bodyweight,
97cadcdb-9e72-423b-949b-866f9698af2f,ffef92d7-a182-488a-aeae-27b7472c2359,1,Incline Bench Press,Barbell,
b30573bc-ca9b-4ecd-84c4-fc79d0683b60,ffef92d7-a182-488a-aeae-27b7472c2359,2,Bench Press,Dumbbells,
099db782-22f7-4ed9-baa8-eda1eed8b568,ffef92d7-a182-488a-aeae-27b7472c2359,3,Squats (Belt),Bodyweight,
f2ad1573-311d-4cdf-867a-490e24420e88,ffef92d7-a182-488a-aeae-27b7472c2359,4,Hip Thrusts,Barbell,
d9699d5e-8e74-46fc-8d33-9589fc59aa61,ffef92d7-a182-488a-aeae-27b7472c2359,5,Seated Lateral Raises,Dumbbells,
3a8d9354-070c-40a4-9557-05cbaf4214f9,ffef92d7-a182-488a-aeae-27b7472c2359,6,Seated Shoulder Press with Close Grip,Dumbbells,
ee25d6c1-1955-4338-a05f-e336cb562eab,3cd5d873-bd00-436e-8c7a-b62ac466080c,1,Deadlifts,Barbell,
a11ba4c3-e695-4aba-b432-626689fc3d01,3cd5d873-bd00-436e-8c7a-b62ac466080c,2,Bent-Over Rows,Barbell,
abffeea2-907c-4023-8130-b43524e73d01,3cd5d873-bd00-436e-8c7a-b62ac466080c,3,Pullovers with Rope,Cable,
f9c65a8d-ebb5-49cc-af57-a172ee1e8a6a,3cd5d873-bd00-436e-8c7a-b62ac466080c,4,Skull Crushers,EZ Curl Bar,
d45dba5c-27d8-4fcc-83fc-257780f5be3b,3cd5d873-bd00-436e-8c7a-b62ac466080c,5,Preacher Twist Curls,Dumbbells,
4fdb61cd-229b-41ae-a4e9-b1a35202d8c5,3cd5d873-bd00-436e-8c7a-b62ac466080c,6,Seated Calf Raises (BB),Barbell,
15ecf417-5914-487f-bc98-28428bb197f7,4d3add12-ea2b-48ae-8a0a-c4e72b53c662,1,Bench Press,Barbell,
47670689-4152-4a73-ac34-fcece296eaa6,4d3add12-ea2b-48ae-8a0a-c4e72b53c662,2,Decline Bench Press,Barbell,
2f683d4e-505f-4195-9367-09c4644e906e,4d3add12-ea2b-48ae-8a0a-c4e72b53c662,3,Leg Extensions,Machine,
0d732c28-f6f5-4582-8e4a-830e46f3ae81,4d3add12-ea2b-48ae-8a0a-c4e72b53c662,4,Seated Leg Curls,Machine,
dc93ce2d-48f6-4af5-b3d1-c68c11506a0d,4d3add12-ea2b-48ae-8a0a-c4e72b53c662,5,Curls,Barbell,
981ca0fa-126c-4010-a9d6-9ec2af0a0277,4d3add12-ea2b-48ae-8a0a-c4e72b53c662,6,Overhead Triceps Extensions,Dumbbells,
5eb914f0-43f1-43e0-a4d2-37c476395d8f,4d3add12-ea2b-48ae-8a0a-c4e72b53c662,7,Russian Twists,Bodyweight,
a2eb392b-3793-4d35-8fb8-be237446c309,bf47a7f1-03c6-4dfb-9826-84183ae2070c,1,Walking Lunges,Dumbbells,
6cd2452f-17ac-47c3-b461-ff27b15862f2,bf47a7f1-03c6-4dfb-9826-84183ae2070c,2,Leg Extensions,Machine,
c7a38c7d-9ad1-4ba3-aedd-a3c2e94c6c1e,bf47a7f1-03c6-4dfb-9826-84183ae2070c,3,Flys,Dumbbells,
1a46dc5e-d2cd-423e-bd3f-d05b0da1a737,bf47a7f1-03c6-4dfb-9826-84183ae2070c,4,Incline Bench Press,Dumbbells,
faedce3e-cac0-469f-a444-1ca665da4981,bf47a7f1-03c6-4dfb-9826-84183ae2070c,5,Lat Pulldowns with Close Overhand Grip,Cable,
5f376722-bb44-4b6c-84bf-8244912e9403,bf47a7f1-03c6-4dfb-9826-84183ae2070c,6,Y Raises,Cable,
5df5d1e6-765d-4c12-814c-e4a63cc4b3ce,bf47a7f1-03c6-4dfb-9826-84183ae2070c,7,Face Pulls with Rope,Cable,
56b19192-fd4a-4f29-b0b0-ba74382c284e,3f22f70b-705d-4bf5-9dd3-119d8bda71a4,1,Lat Pulldowns with Wide Overhand Grip,Cable,
382c0555-f7ef-470d-b774-5395b5fdf3d8,3f22f70b-705d-4bf5-9dd3-119d8bda71a4,2,Rows with Close Grip,Cable,
05b82b55-bcb4-49f0-b27f-8f63ba0500ca,3f22f70b-705d-4bf5-9dd3-119d8bda71a4,3,Hyperextensions on Roman Chair,Bodyweight,
fc63b9e5-5cbe-4f64-bd85-c2fef275b62f,3f22f70b-705d-4bf5-9dd3-119d8bda71a4,4,Curls,Cable,
271e5b84-d124-4855-b2e3-99631116983e,3f22f70b-705d-4bf5-9dd3-119d8bda71a4,5,Triceps Pushdowns with Rope,Cable,
282fd6c7-445c-48de-8115-c0a8498ee145,3f22f70b-705d-4bf5-9dd3-119d8bda71a4,6,Hanging Leg Raises,Bodyweight,
959720cd-ec2f-4939-81dd-8893c70c7d9c,816829c9-b60f-43e1-95d1-1a7c16ddff97,1,Incline Bench Press,Barbell,
2bc0494c-debb-4ad9-98a2-790604e5cf04,816829c9-b60f-43e1-95d1-1a7c16ddff97,2,Bench Press,Dumbbells,
9e94066c-61c6-4831-a26b-fcdbbb672c07,816829c9-b60f-43e1-95d1-1a7c16ddff97,3,Squats (Belt),Bodyweight,
850fb739-dd8b-4203-bcbd-a6959883dc6f,816829c9-b60f-43e1-95d1-1a7c16ddff97,4,Hip Thrusts,Barbell,
c6c678be-f3c8-4d43-8c91-8cc4456830cd,816829c9-b60f-43e1-95d1-1a7c16ddff97,5,Seated Lateral Raises,Dumbbells,
b111351e-1b1f-4e0b-8ac8-6bec5b495763,816829c9-b60f-43e1-95d1-1a7c16ddff97,6,Seated Shoulder Press with Close Grip,Dumbbells,
5e6a698f-678e-47bc-8031-4e1ddd9592a9,816829c9-b60f-43e1-95d1-1a7c16ddff97,7,Decline Side Crunches,Bodyweight,
61c28379-f104-459c-9e72-7e7b175e69d3,f240c328-372f-4b69-97c1-540bc51660da,1,Deadlifts,Barbell,
26e0ba8f-7a57-4030-8564-6bd86309dac6,f240c328-372f-4b69-97c1-540bc51660da,2,Bent-Over Rows,Barbell,
562be022-7ab1-4134-bb6d-7d94211f8ad3,f240c328-372f-4b69-97c1-540bc51660da,3,Pullovers with Rope,Cable,
2a8a0e40-6a42-4c52-bff4-6c848105df55,f240c328-372f-4b69-97c1-540bc51660da,4,Skull Crushers,EZ Curl Bar,
cc48edca-1c40-4408-b8cf-4bd05b68d95a,f240c328-372f-4b69-97c1-540bc51660da,5,Preacher Twist Curls,Dumbbells,
38e37507-5040-4af2-9d80-ad6934b76268,f240c328-372f-4b69-97c1-540bc51660da,6,Seated Calf Raises (BB),Barbell,
f72ad5d4-1036-4adf-87ff-619d2dced45f,21504f91-d6a1-416c-bd47-e34dd1a45e6b,1,Bench Press,Barbell,
cbb49c64-9b80-4509-b0f2-09a094eddd23,21504f91-d6a1-416c-bd47-e34dd1a45e6b,2,Decline Bench Press,Barbell,
9f26e45c-8b80-42b0-893a-716033d2ddad,21504f91-d6a1-416c-bd47-e34dd1a45e6b,3,Leg Extensions,Machine,
9473cc91-7c9d-4fdd-844e-7044c3758800,21504f91-d6a1-416c-bd47-e34dd1a45e6b,4,Seated Leg Curls,Machine,
0902778a-cbfe-4af3-be00-607b0a869aa3,21504f91-d6a1-416c-bd47-e34dd1a45e6b,5,Curls,Barbell,
ec70661e-0a41-436d-bd77-ab5e6d779801,21504f91-d6a1-416c-bd47-e34dd1a45e6b,6,Overhead Triceps Extensions,Dumbbells,
16876fca-b25a-4728-86d9-8674d8b2b108,21504f91-d6a1-416c-bd47-e34dd1a45e6b,7,Russian Twists,Bodyweight,
2ec4c909-74a8-4a54-8dde-04ac4684aff0,a6fadea0-69f4-42c8-95e0-d5088540f1b3,1,Walking Lunges,Dumbbells,
a26fee7c-1c32-48ed-b4ee-96a0c23fab60,a6fadea0-69f4-42c8-95e0-d5088540f1b3,2,Leg Extensions,Machine,
a74089ca-2ae6-41b1-a895-316d2177178a,a6fadea0-69f4-42c8-95e0-d5088540f1b3,3,Flys,Dumbbells,
06626268-00d7-41bc-95f9-17f16f2d4cdd,a6fadea0-69f4-42c8-95e0-d5088540f1b3,4,Incline Bench Press,Dumbbells,
91c82d36-d944-444a-b6a6-8088c0472cd6,a6fadea0-69f4-42c8-95e0-d5088540f1b3,5,Lat Pulldowns with Close Overhand Grip,Cable,
abaa6cd6-1694-4bd0-b744-0d9ee1ed0b67,a6fadea0-69f4-42c8-95e0-d5088540f1b3,6,Y Raises,Cable,
f8b1cd8c-b875-4f43-9cad-a8fd88f84b8b,a6fadea0-69f4-42c8-95e0-d5088540f1b3,7,Face Pulls with Rope,Cable,
2d7becd8-85b1-44fe-bd8f-6057b43eadc2,51d58d2a-6c6e-4a4a-9ce7-09f7af5aed56,1,Lat Pulldowns with Wide Overhand Grip,Cable,
d2483ed2-6f91-4492-9a36-607fb23126b5,51d58d2a-6c6e-4a4a-9ce7-09f7af5aed56,2,Rows with Close Grip,Cable,
343682ce-4bfb-41a0-9354-585e207af61e,51d58d2a-6c6e-4a4a-9ce7-09f7af5aed56,3,Hyperextensions on Roman Chair,Bodyweight,
1479897b-7541-4c09-873e-f448fcf8fa46,51d58d2a-6c6e-4a4a-9ce7-09f7af5aed56,4,Curls,Cable,
243d1b3a-8b8e-4110-acd4-c4da31d3a03f,51d58d2a-6c6e-4a4a-9ce7-09f7af5aed56,5,Triceps Pushdowns with Rope,Cable,
05bb5457-4db5-430a-b782-7c6371673a6a,51d58d2a-6c6e-4a4a-9ce7-09f7af5aed56,6,Hanging Leg Raises,Bodyweight,
eea2c4ce-9839-4d40-8ac3-15bd2f4c8086,7eb88a65-2453-45b4-9bae-a999be164085,1,Incline Bench Press,Barbell,
5612b020-0417-4eb1-a2fa-3c1ea88d0fc7,7eb88a65-2453-45b4-9bae-a999be164085,2,Bench Press,Dumbbells,
63e80191-ac5e-4f2c-a3fb-951858ec5933,7eb88a65-2453-45b4-9bae-a999be164085,3,Squats (Belt),Bodyweight,
33244a77-e4e3-4718-97ce-92cf6826b5b8,7eb88a65-2453-45b4-9bae-a999be164085,4,Hip Thrusts,Barbell,
87392bf6-4daf-467f-891a-e29adfffaffa,7eb88a65-2453-45b4-9bae-a999be164085,5,Seated Lateral Raises,Dumbbells,
e935f3fb-2493-423f-aa73-74b5349f584e,7eb88a65-2453-45b4-9bae-a999be164085,6,Seated Shoulder Press with Close Grip,Dumbbells,
2f3745e9-dbf7-4beb-8bed-1566f9bbdb7e,7eb88a65-2453-45b4-9bae-a999be164085,7,Decline Side Crunches,Bodyweight,
290fd621-fea0-44a7-864a-4f75392e91b4,33eced88-749d-4937-85b3-a81a5d668eab,1,Deadlifts,Barbell,
db472877-521b-4102-9326-699036d726c3,33eced88-749d-4937-85b3-a81a5d668eab,2,Bent-Over Rows,Barbell,
789da611-a447-4dd3-b96e-339d6828e7e7,33eced88-749d-4937-85b3-a81a5d668eab,3,Pullovers with Rope,Cable,
7663e4a3-a394-4675-93a9-43be82b96b92,33eced88-749d-4937-85b3-a81a5d668eab,4,Skull Crushers,EZ Curl Bar,
aadda7df-1123-4831-b7f9-0bd815c333b5,33eced88-749d-4937-85b3-a81a5d668eab,5,Preacher Twist Curls,Dumbbells,
509f3285-c401-467e-bcf3-ef10e59e9672,33eced88-749d-4937-85b3-a81a5d668eab,6,Seated Calf Raises (BB),Barbell,
da2a7635-10dc-431b-ac74-c081125b0f8c,af905664-075b-4f6e-a8f3-2b3081fdfb0b,1,Bench Press,Barbell,
b6b2022a-8fa7-45be-ab13-ec32e8daa4a4,af905664-075b-4f6e-a8f3-2b3081fdfb0b,2,Decline Bench Press,Barbell,
fa9ee1a6-4395-4264-ab01-1e7059bb66e1,af905664-075b-4f6e-a8f3-2b3081fdfb0b,3,Leg Extensions,Machine,
6346fd79-678b-46fd-82aa-4f1a16f1c4be,af905664-075b-4f6e-a8f3-2b3081fdfb0b,4,Seated Leg Curls,Machine,
1261c278-c123-43c6-9e4a-ebf470fa30b9,af905664-075b-4f6e-a8f3-2b3081fdfb0b,5,Curls,Barbell,
0991573c-8b59-4c9f-ba4f-9c6cc28da8b0,af905664-075b-4f6e-a8f3-2b3081fdfb0b,6,Overhead Triceps Extensions,Dumbbells,
c45980dd-cefb-45c6-9f54-09c9c015fb18,af905664-075b-4f6e-a8f3-2b3081fdfb0b,7,Russian Twists,Bodyweight,
c5e11d96-71c8-40ae-9c9b-0a2cc044e175,26f478ea-7cee-4a1d-a3bb-27e94b026dda,1,Lat Pulldowns with Wide Overhand Grip,Cable,
16d19b55-ef3e-44ff-8814-7b299185953c,26f478ea-7cee-4a1d-a3bb-27e94b026dda,2,Rows with Wide Grip,Cable,
4ca4974a-19b9-4cb9-9911-9c61ba99c49d,26f478ea-7cee-4a1d-a3bb-27e94b026dda,3,Incline Flys,Dumbbells,
bf16dc13-6496-4fc3-b55f-68cae358b521,26f478ea-7cee-4a1d-a3bb-27e94b026dda,4,Hip Thrusts,Barbell,
2480c977-534e-4e7d-ba16-2d56a2172e49,26f478ea-7cee-4a1d-a3bb-27e94b026dda,5,Leg Extensions,Machine,
1a8f0e67-0acf-48dc-8ab2-3ffa1a654562,26f478ea-7cee-4a1d-a3bb-27e94b026dda,6,Twist Curls,Dumbbells,
9465763d-2f3c-4ef2-bceb-de5d4aba762c,26f478ea-7cee-4a1d-a3bb-27e94b026dda,7,Overhead Triceps Extensions,Dumbbells,
b0668ab2-894f-449f-955c-fd780048b663,0cae0c9f-c6f6-45e8-b626-04df35e37dc1,1,Standing Shoulder Press,Barbell,
1a531714-593f-4e22-a5fa-e5859365a99c,0cae0c9f-c6f6-45e8-b626-04df35e37dc1,2,One-Arm Rows,Dumbbells,
91333bc4-41bd-4f43-a136-ba179c9c44b7,0cae0c9f-c6f6-45e8-b626-04df35e37dc1,3,Romanian Deadlifts,Barbell,
7cea2062-341a-4e45-bde4-9e7fdaf562f5,0cae0c9f-c6f6-45e8-b626-04df35e37dc1,4,Incline Skull Crushers,Dumbbells,
bcdb6bfc-3e95-40a1-aad3-635935eb142c,0cae0c9f-c6f6-45e8-b626-04df35e37dc1,5,Incline Hammer Curls,Dumbbells,
852a9953-962a-4346-92dd-a8febe0b568c,0cae0c9f-c6f6-45e8-b626-04df35e37dc1,6,Decline Side Crunches,Bodyweight,
5f793ef3-97b6-4777-a5f2-38d653951b32,32d7d3ac-6722-4e64-9fb6-a8bfd86b3fac,1,Bench Press,Barbell,
1917a8e0-22d5-4695-a2df-4f5c2550e4a9,32d7d3ac-6722-4e64-9fb6-a8bfd86b3fac,2,Incline Bench Press 20°,Dumbbells,
49210797-eef3-4325-b01d-1f10fef03e9b,32d7d3ac-6722-4e64-9fb6-a8bfd86b3fac,3,Walking Lunges,Dumbbells,
bb892341-fd78-4fb1-8e86-38d17cdd2e1f,32d7d3ac-6722-4e64-9fb6-a8bfd86b3fac,4,Leg Extensions,Machine,
00c104bc-9e43-409b-aa92-f77f86210f5c,32d7d3ac-6722-4e64-9fb6-a8bfd86b3fac,5,Upright Rows,EZ Curl Bar,
c1d025f6-30a5-4770-b09a-842e60104475,32d7d3ac-6722-4e64-9fb6-a8bfd86b3fac,6,Bent-Over Shrugs,Barbell,
95d2d3ee-3806-4b95-9a7a-f05eb08fce8e,32d7d3ac-6722-4e64-9fb6-a8bfd86b3fac,7,Kneeling Crunches,Cable,
d25a05d6-cff4-4232-8da9-35743e20674c,5cfbdb2f-24f8-41b2-8272-80c64bd46139,1,Bulgarian Split Squats,Dumbbells,
ca33b84c-173e-437d-9ce9-5d567c42afa0,5cfbdb2f-24f8-41b2-8272-80c64bd46139,2,Lat Pulldowns with Wide Neutral Grip,Cable,
6a32a2cc-bb3b-49e6-8242-03f364092fda,5cfbdb2f-24f8-41b2-8272-80c64bd46139,3,Rows with Reverse Grip,Cable,
12a7f60d-4e81-4c23-87b3-0268710ace1f,5cfbdb2f-24f8-41b2-8272-80c64bd46139,4,Incline Bench Press with Close Grip,Barbell,
e4034e46-c73c-4635-90a0-7d5f805a1279,5cfbdb2f-24f8-41b2-8272-80c64bd46139,5,Concentration Twist Curls,Dumbbells,
4b60457d-caca-429a-b749-160a527f4142,5cfbdb2f-24f8-41b2-8272-80c64bd46139,6,Standing Calf Raises,Smith machine,
3d163836-a9c1-4c3c-9112-1aeb8a370424,9dee1c74-f0e0-4741-92fe-acf8ea387ea9,1,Incline Bench Press,Barbell,
9adba090-5988-49ef-9475-f6643a582c1d,9dee1c74-f0e0-4741-92fe-acf8ea387ea9,2,Bench Press,Dumbbells,
9157db3b-f069-465a-803e-fa6bc78f86ca,9dee1c74-f0e0-4741-92fe-acf8ea387ea9,3,Leg Extensions,Machine,
cc669f27-faa4-4a88-bc03-8f74c1fe36b6,9dee1c74-f0e0-4741-92fe-acf8ea387ea9,4,Seated Leg Curls,Machine,
89a8d35d-ca01-4df5-9d49-cb2caac88e80,9dee1c74-f0e0-4741-92fe-acf8ea387ea9,5,Lean Away Lateral Raises,Cable,
eabe4b42-c4b6-4369-9a31-fa6c8b1260f3,9dee1c74-f0e0-4741-92fe-acf8ea387ea9,6,Incline Reverse Flys,Dumbbells,
6a6d5a62-8762-4327-a51f-0d3f971c2759,9dee1c74-f0e0-4741-92fe-acf8ea387ea9,7,Crunches on Exercise Ball,Bodyweight,
6985a905-f8ed-4a2a-b677-c43ac8696b9a,0a46325e-17ce-4234-a6fd-7c431fbcb295,1,Lat Pulldowns with Wide Overhand Grip,Cable,
b4c28644-beb5-4f30-a8f9-642d9f2f3e0e,0a46325e-17ce-4234-a6fd-7c431fbcb295,2,Rows with Wide Grip,Cable,
46c591c2-6519-4bfd-869e-65eaa694e535,0a46325e-17ce-4234-a6fd-7c431fbcb295,3,Incline Flys,Dumbbells,
0176d112-63d2-499d-90c4-9256592d26af,0a46325e-17ce-4234-a6fd-7c431fbcb295,4,Hip Thrusts,Barbell,
91adf912-7feb-4a7a-910c-970bdbec5322,0a46325e-17ce-4234-a6fd-7c431fbcb295,5,Leg Extensions,Machine,
dffca179-8a3a-4180-8f6c-2c3dc63e2fe4,0a46325e-17ce-4234-a6fd-7c431fbcb295,6,Twist Curls,Dumbbells,
7a2de540-cb65-4232-a7a5-b281f0c670c2,0a46325e-17ce-4234-a6fd-7c431fbcb295,7,Overhead Triceps Extensions,Dumbbells,
1fc1d5bf-11c1-4419-b3cd-d2adba817a67,238492f3-42ec-445d-b40e-cade4944d35d,1,Standing Shoulder Press,Barbell,
65a31d4d-d12c-4b29-85fd-d830026f9dc6,238492f3-42ec-445d-b40e-cade4944d35d,2,One-Arm Rows,Dumbbells,
80fa3b7a-d5b4-4113-8b73-1173c8ba5c0e,238492f3-42ec-445d-b40e-cade4944d35d,3,Romanian Deadlifts,Barbell,
cabfd8cc-4d34-4d97-9848-dee87a37d80f,238492f3-42ec-445d-b40e-cade4944d35d,4,Incline Skull Crushers,Dumbbells,
5919ba7b-805b-4b86-9589-8730d0945aca,238492f3-42ec-445d-b40e-cade4944d35d,5,Incline Hammer Curls,Dumbbells,
f2deba17-b40b-4155-9973-98ce2a718072,238492f3-42ec-445d-b40e-cade4944d35d,6,Decline Side Crunches,Bodyweight,
60466d02-cef0-4afe-8bc7-c94c61cb0b19,532760e2-0dd2-4b59-bb90-4ae088391d60,1,Bench Press,Barbell,
0e0b29c0-fb4c-49e0-8fa8-b9d9504a2b5e,532760e2-0dd2-4b59-bb90-4ae088391d60,2,Incline Bench Press 20°,Dumbbells,
b7fc2085-bdf3-4928-9a85-d3358e6b6aed,532760e2-0dd2-4b59-bb90-4ae088391d60,3,Walking Lunges,Dumbbells,
36379b1d-4171-42fc-ac87-3642d682c306,532760e2-0dd2-4b59-bb90-4ae088391d60,4,Leg Extensions,Machine,
06a8f4ea-2df8-4255-b1d2-fb887b2519f2,532760e2-0dd2-4b59-bb90-4ae088391d60,5,Upright Rows,EZ Curl Bar,
97c4e613-ea32-4e82-874e-46f315cd81cd,532760e2-0dd2-4b59-bb90-4ae088391d60,6,Bent-Over Shrugs,Barbell,
e0f0671e-9592-4032-be7c-de1fdf706d45,532760e2-0dd2-4b59-bb90-4ae088391d60,7,Kneeling Crunches,Cable,
08580c82-2878-4477-b6c1-d45cc4d66bc1,8f6ccf2c-eeb8-45ee-8711-2d2b53b43ed7,1,Bulgarian Split Squats,Dumbbells,
d2b41400-cc4d-4b11-be10-0d8111095cc6,8f6ccf2c-eeb8-45ee-8711-2d2b53b43ed7,2,Lat Pulldowns with Wide Neutral Grip,Cable,
0dfbf77f-83cd-4982-906f-eda890826f88,8f6ccf2c-eeb8-45ee-8711-2d2b53b43ed7,3,Rows with Reverse Grip,Cable,
614e7912-b13f-41b4-bff3-153096f1eeac,8f6ccf2c-eeb8-45ee-8711-2d2b53b43ed7,4,Incline Bench Press with Close Grip,Barbell,
31b74e39-9654-4cf6-8647-ef9afe989b36,8f6ccf2c-eeb8-45ee-8711-2d2b53b43ed7,5,Concentration Twist Curls,Dumbbells,
5ae2c354-4719-4e16-ad74-4045e7890b12,fa9bd41d-95cc-4807-9d57-839601bda5aa,1,Incline Bench Press,Barbell,
4a375d0b-1412-416b-8000-53df63162bf4,fa9bd41d-95cc-4807-9d57-839601bda5aa,2,Bench Press,Dumbbells,
d2dfbdf1-6483-43df-856f-92ac96d59cba,fa9bd41d-95cc-4807-9d57-839601bda5aa,3,Leg Extensions,Machine,
b17a28d0-08e5-4ae5-b826-831ba33d8744,fa9bd41d-95cc-4807-9d57-839601bda5aa,4,Seated Leg Curls,Machine,
3f6a2698-638a-477a-9a33-aaee46561c93,fa9bd41d-95cc-4807-9d57-839601bda5aa,5,Lean Away Lateral Raises,Cable,
a67c4194-9a3a-4ce6-bd96-60ab7b046a44,fa9bd41d-95cc-4807-9d57-839601bda5aa,6,Incline Reverse Flys,Dumbbells,
5c1511a2-a9c8-454b-91bc-eaaeab2f2840,fa9bd41d-95cc-4807-9d57-839601bda5aa,7,Crunches on Exercise Ball,Bodyweight,
183baaa6-b103-41ba-a3eb-db6b7b1ac6e0,4ab602d2-3475-4703-9925-765f0abc6527,1,Lat Pulldowns with Wide Overhand Grip,Cable,
f5f1d7ba-f143-467f-8051-49b909bdd002,4ab602d2-3475-4703-9925-765f0abc6527,2,Rows with Wide Grip,Cable,
bee9b0ee-3545-417e-be1d-bce55e6dbf39,4ab602d2-3475-4703-9925-765f0abc6527,3,Incline Flys,Dumbbells,
295613c7-e64c-4a9a-8ff9-72c5e6d00697,4ab602d2-3475-4703-9925-765f0abc6527,4,Hip Thrusts,Barbell,
96e11c7f-8e4d-41d4-9137-5789a1272d27,4ab602d2-3475-4703-9925-765f0abc6527,5,Leg Extensions,Machine,
fb817ba4-0e45-4f4e-aa16-ec1af7fae79e,4ab602d2-3475-4703-9925-765f0abc6527,6,Twist Curls,Dumbbells,
f706bb71-69ed-441b-b41b-5e2e8a2caa80,4ab602d2-3475-4703-9925-765f0abc6527,7,Overhead Triceps Extensions,Dumbbells,
37b29fba-60fa-4f41-b999-b938e5f4efcd,bb08b400-a6b9-4202-bd40-8fb450ec9ea4,1,Standing Shoulder Press,Barbell,
39c45e1d-6cab-4d79-b17b-d4723f4cb96a,bb08b400-a6b9-4202-bd40-8fb450ec9ea4,2,One-Arm Rows,Dumbbells,
35b88294-6d77-473a-abb6-e30714cab93a,bb08b400-a6b9-4202-bd40-8fb450ec9ea4,3,Romanian Deadlifts,Barbell,
64fb5407-4ba7-4bd4-9532-17cab71a9cd6,bb08b400-a6b9-4202-bd40-8fb450ec9ea4,4,Incline Skull Crushers,Dumbbells,
8c3413de-f77b-4c8d-879a-d7711d80ac84,bb08b400-a6b9-4202-bd40-8fb450ec9ea4,5,Incline Hammer Curls,Dumbbells,
56c12f25-7300-457b-b590-daff4ca705c3,bb08b400-a6b9-4202-bd40-8fb450ec9ea4,6,Decline Side Crunches,Bodyweight,
a7b2606d-d312-42df-8350-c60841f49afe,6977f234-8d40-4b7b-8a5d-14dc10ab7d09,1,Bench Press,Barbell,
7e4f6c03-e2b5-4876-b05b-0e2f3aad4b1d,6977f234-8d40-4b7b-8a5d-14dc10ab7d09,2,Incline Bench Press 20°,Dumbbells,
261a4369-742a-42d5-8c7b-9fc2361224f3,6977f234-8d40-4b7b-8a5d-14dc10ab7d09,3,Walking Lunges,Dumbbells,
ebb22431-1f50-4231-9a76-85a235a63409,6977f234-8d40-4b7b-8a5d-14dc10ab7d09,4,Leg Extensions,Machine,
481212d8-cf9d-456a-b846-4f24fed18c92,6977f234-8d40-4b7b-8a5d-14dc10ab7d09,5,Upright Rows,EZ Curl Bar,
fb897ccb-5a9d-420a-96d3-bd29bc2a6885,6977f234-8d40-4b7b-8a5d-14dc10ab7d09,6,Bent-Over Shrugs,Barbell,
bd11fecc-5062-4dd9-888a-a6dcb21ec85b,6977f234-8d40-4b7b-8a5d-14dc10ab7d09,7,Kneeling Crunches,Cable,
3ab8c406-0a8e-4d56-aa17-3964470f8aad,8e00ac6d-83e3-4e97-8069-419279f0ced8,1,Bulgarian Split Squats,Dumbbells,
e2e262ef-9e44-4fca-b9e1-eef69754cbdd,8e00ac6d-83e3-4e97-8069-419279f0ced8,2,Lat Pulldowns with Wide Neutral Grip,Cable,
a5d84db0-9e5a-452d-a202-3d40638e6a4a,8e00ac6d-83e3-4e97-8069-419279f0ced8,3,Rows with Reverse Grip,Cable,
8b1c3cf3-a59e-4b1a-a21b-3139099766ba,8e00ac6d-83e3-4e97-8069-419279f0ced8,4,Incline Bench Press with Close Grip,Barbell,
589bfecc-0ed0-4061-8721-f74b72e77ffd,8e00ac6d-83e3-4e97-8069-419279f0ced8,5,Concentration Twist Curls,Dumbbells,
09517692-1ca3-4fb6-91c9-7497bc7fe867,8e00ac6d-83e3-4e97-8069-419279f0ced8,6,Standing Calf Raises,Smith machine,
78f015a6-6063-4c94-97a3-d8c8b4220693,05560449-8c9d-4e34-8322-b53a20108234,1,Incline Bench Press,Barbell,
5561fc2d-e3fa-4638-9ab7-4d0a35fece9b,05560449-8c9d-4e34-8322-b53a20108234,2,Incline Bench Press 20°,Dumbbells,
24d10225-8bf9-4f7b-af3c-35f5328e8025,05560449-8c9d-4e34-8322-b53a20108234,3,Leg Extensions,Machine,
3700d01e-6e37-4a12-bfe3-3c973af99fda,05560449-8c9d-4e34-8322-b53a20108234,4,Seated Leg Curls,Machine,
a8d12605-19fa-4a27-be57-8927a483afd4,05560449-8c9d-4e34-8322-b53a20108234,5,Lean Away Lateral Raises,Cable,
d41fc18f-c0fa-44e4-9d4c-7101002bb278,05560449-8c9d-4e34-8322-b53a20108234,6,Incline Reverse Flys,Dumbbells,
e83610f1-c31c-4479-9572-339187b62467,05560449-8c9d-4e34-8322-b53a20108234,7,Crunches on Exercise Ball,Bodyweight,
99fae47a-100d-4055-97c9-720aa71dfe69,30bef568-c25d-448c-a49c-4454d9b8c6ec,1,Lat Pulldowns with Wide Overhand Grip,Cable,
41522aad-082f-4d01-abbd-12a5a35f8fcf,30bef568-c25d-448c-a49c-4454d9b8c6ec,2,Rows with Wide Grip,Cable,
ad51b333-e971-4765-9700-8ecc2179b3cd,30bef568-c25d-448c-a49c-4454d9b8c6ec,3,Incline Flys,Dumbbells,
a44e2ff4-76d0-4d4d-85b2-4c5d9525ef94,30bef568-c25d-448c-a49c-4454d9b8c6ec,4,Hip Thrusts,Barbell,
5a12e94f-cc7a-4f74-a99c-cee03daf5d95,30bef568-c25d-448c-a49c-4454d9b8c6ec,5,Leg Extensions,Machine,
08ef3bf7-4f63-404b-a1b5-627876ca47ef,30bef568-c25d-448c-a49c-4454d9b8c6ec,6,Twist Curls,Dumbbells,
7e28b233-627b-49b5-9943-5ce5010a2a1f,30bef568-c25d-448c-a49c-4454d9b8c6ec,7,Overhead Triceps Extensions,Dumbbells,
d061849c-c905-4c97-8610-f5f273aa8e7b,de068c6d-529c-435d-a78e-9eb3188b9827,1,Standing Shoulder Press,Barbell,
97f11110-47be-4e72-adbc-6e5cdcfcac60,de068c6d-529c-435d-a78e-9eb3188b9827,2,One-Arm Rows,Dumbbells,
c8394ae7-dfbd-46fa-81ea-7de096af4a88,de068c6d-529c-435d-a78e-9eb3188b9827,3,Romanian Deadlifts,Barbell,
72176938-de70-46b5-bb7a-8c74c4358acc,de068c6d-529c-435d-a78e-9eb3188b9827,4,Incline Skull Crushers,Dumbbells,
c2787bf6-09b2-4f49-8aac-c59baea35ac0,de068c6d-529c-435d-a78e-9eb3188b9827,5,Incline Hammer Curls,Dumbbells,
a6e4809d-0697-4ca4-928c-bd0f8374bccc,de068c6d-529c-435d-a78e-9eb3188b9827,6,Decline Side Crunches,Bodyweight,
14d60f35-405d-402f-8232-1e97dab04157,1f2c6c83-6ee7-4ef6-954e-7d75a4df770a,1,Bench Press,Barbell,
0f629bf8-7eae-4b5d-bb33-fded202eacbd,1f2c6c83-6ee7-4ef6-954e-7d75a4df770a,2,Incline Bench Press 20°,Dumbbells,
ab2e7754-620b-4a4d-897a-c9b7a56f3fb6,1f2c6c83-6ee7-4ef6-954e-7d75a4df770a,3,Walking Lunges,Dumbbells,
f13c00b0-e7b5-4379-bc5f-2f7d2c0684bb,1f2c6c83-6ee7-4ef6-954e-7d75a4df770a,4,Leg Extensions,Machine,
5789e808-e54f-40f4-982d-68c8b598dd74,1f2c6c83-6ee7-4ef6-954e-7d75a4df770a,5,Upright Rows,EZ Curl Bar,
3de5e75b-e3d1-4508-b137-5c86d0f2b01b,1f2c6c83-6ee7-4ef6-954e-7d75a4df770a,6,Bent-Over Shrugs,Barbell,
221a3c89-5820-45ea-87e4-eba337730cab,1f2c6c83-6ee7-4ef6-954e-7d75a4df770a,7,Kneeling Crunches,Cable,
9be0fab1-1e3e-4ac0-b976-f8cadd4130df,2dfd1026-5920-4153-b9de-b6695c2bc231,1,Bulgarian Split Squats,Dumbbells,
16b023fa-8a48-43c9-b160-20f0f7f3fc15,2dfd1026-5920-4153-b9de-b6695c2bc231,2,Lat Pulldowns with Wide Neutral Grip,Cable,
6d32bb3b-9ffb-4626-bec1-08cee4dbb90c,2dfd1026-5920-4153-b9de-b6695c2bc231,3,Rows with Reverse Grip,Cable,
a18da2f6-2a18-4cae-951d-322bc66af7ad,2dfd1026-5920-4153-b9de-b6695c2bc231,4,Incline Bench Press with Close Grip,Barbell,
66588a28-d51f-4309-820f-7e0ad558f1f8,2dfd1026-5920-4153-b9de-b6695c2bc231,5,Concentration Twist Curls,Dumbbells,
4e565115-2695-4355-9f26-d79b24600149,2dfd1026-5920-4153-b9de-b6695c2bc231,6,Standing Calf Raises,Smith machine,
79e4a5a2-8168-4e5a-a90e-ac497dbf3b89,db86371a-6068-4479-8cf5-cc1834e1a83f,1,Incline Bench Press,Barbell,
77f4b527-cfc7-4d41-9415-34593d99eba6,db86371a-6068-4479-8cf5-cc1834e1a83f,2,Bench Press,Dumbbells,
288a7fae-e242-4e7b-844c-f14df1826303,db86371a-6068-4479-8cf5-cc1834e1a83f,3,Leg Extensions,Machine,
4c51c958-35b3-4286-bea0-9ab0077f8961,db86371a-6068-4479-8cf5-cc1834e1a83f,4,Seated Leg Curls,Machine,
ecf53c1f-e2ba-44cf-86a0-dfe60efc8068,db86371a-6068-4479-8cf5-cc1834e1a83f,5,Lean Away Lateral Raises,Cable,
80954428-ad82-4f8f-8ca9-fee3d1145c16,db86371a-6068-4479-8cf5-cc1834e1a83f,6,Incline Reverse Flys,Dumbbells,
57cba437-1d91-402b-8f7f-09b498a6f4ad,db86371a-6068-4479-8cf5-cc1834e1a83f,7,Crunches on Exercise Ball,Bodyweight,
41d62bee-553f-400b-bfff-366b792fba69,e6fc7a4c-7e52-4a79-991f-2ac5bd869108,1,Lat Pulldowns with Wide Overhand Grip,Cable,
ec54658a-c1d5-43cb-af0c-2d38c99c57c5,e6fc7a4c-7e52-4a79-991f-2ac5bd869108,2,Rows with Wide Grip,Cable,
6ed19fcb-bf35-44cb-85a3-616cb5bc19df,e6fc7a4c-7e52-4a79-991f-2ac5bd869108,3,Incline Flys,Dumbbells,
f1a3cee6-2e20-47ce-8fce-5732823d4535,e6fc7a4c-7e52-4a79-991f-2ac5bd869108,4,Hip Thrusts,Barbell,
3bd543c1-bf97-43fc-af0a-b1236b2f5a8d,e6fc7a4c-7e52-4a79-991f-2ac5bd869108,5,Leg Extensions,Machine,
88ba2d5c-8381-4e4c-a428-43c58a5df1da,e6fc7a4c-7e52-4a79-991f-2ac5bd869108,6,Twist Curls,Dumbbells,
0b14e732-02a0-4dd7-964d-f0b0096e905c,e6fc7a4c-7e52-4a79-991f-2ac5bd869108,7,Overhead Triceps Extensions,Dumbbells,
0ac8a66d-fc38-47b8-b9ec-bc3231920efc,90ce0e93-1eb0-4375-bf26-68fc79ff2809,1,Standing Shoulder Press,Barbell,
c0627743-3d0d-48bf-a395-dede529281fd,90ce0e93-1eb0-4375-bf26-68fc79ff2809,2,One-Arm Rows,Dumbbells,
8b8a5003-8603-492b-88bf-7d68ed799c47,90ce0e93-1eb0-4375-bf26-68fc79ff2809,3,Romanian Deadlifts,Barbell,
e9ec5a1d-6602-4bb4-849e-ffa36fcc993b,90ce0e93-1eb0-4375-bf26-68fc79ff2809,4,Incline Skull Crushers,Dumbbells,
86f93b45-5fdb-4266-8e2a-097b8f0b2987,90ce0e93-1eb0-4375-bf26-68fc79ff2809,5,Incline Hammer Curls,Dumbbells,
3c34fe7c-1e85-45ac-a0c6-04e41da80a11,90ce0e93-1eb0-4375-bf26-68fc79ff2809,6,Decline Side Crunches,Bodyweight,
3f54dac8-27e5-4a0d-86bc-144650a94454,96b473eb-c660-45f1-a4fb-1572ccf0afc8,1,Bench Press,Barbell,
1162c572-8f8c-44d7-9a67-32afd250d186,96b473eb-c660-45f1-a4fb-1572ccf0afc8,2,Incline Bench Press 20°,Dumbbells,
84814dda-22dc-4407-a726-dcacfe374ae2,96b473eb-c660-45f1-a4fb-1572ccf0afc8,3,Walking Lunges,Dumbbells,
779716bc-3785-4d1a-91d2-7e369f8375fc,96b473eb-c660-45f1-a4fb-1572ccf0afc8,4,Leg Extensions,Machine,
0e1a9b5f-164e-4710-8516-b018e4d4c151,96b473eb-c660-45f1-a4fb-1572ccf0afc8,5,Upright Rows,EZ Curl Bar,
1a434b0d-9ee6-4a7b-8171-e7ba223685d4,96b473eb-c660-45f1-a4fb-1572ccf0afc8,6,Bent-Over Shrugs,Barbell,
bbec86dc-2c65-49ba-996a-b490c4f3cf5d,96b473eb-c660-45f1-a4fb-1572ccf0afc8,7,Crunches,Bodyweight,
0065d268-d4fb-415b-ad7d-3374e635a84c,7e163050-f241-4e3f-8231-57be51d67810,1,Bulgarian Split Squats,Dumbbells,
2f5d37e0-9331-4339-b9b4-156de28a79e2,7e163050-f241-4e3f-8231-57be51d67810,2,Lat Pulldowns with Wide Neutral Grip,Cable,
30b9ac08-031b-4c49-b988-feda59b73cf3,7e163050-f241-4e3f-8231-57be51d67810,3,Rows with Reverse Grip,Cable,
e1ea51d2-707a-4a64-aea0-59ca0e887ce7,7e163050-f241-4e3f-8231-57be51d67810,4,Incline Bench Press with Close Grip,Barbell,
9116bef4-c6a4-4bc2-8421-fc6534a025db,7e163050-f241-4e3f-8231-57be51d67810,5,Concentration Twist Curls,Dumbbells,
ce4cbdea-3020-4bfe-a6d1-6602dd19c4a7,7e163050-f241-4e3f-8231-57be51d67810,6,Standing Calf Raises,Smith machine,
2c574679-cdb5-4217-864b-fa643990ef06,bfa29c65-9c49-4793-ae81-8ff73344cb7a,1,Incline Bench Press,Barbell,
3f5b8d91-456d-4a6f-8037-0bde01f9e453,bfa29c65-9c49-4793-ae81-8ff73344cb7a,2,Bench Press,Dumbbells,
a6311cba-3492-4d13-ae08-9e5e38f917cb,bfa29c65-9c49-4793-ae81-8ff73344cb7a,3,Leg Extensions,Machine,
b04b56f8-39e5-4d64-9869-a25ff7353b90,bfa29c65-9c49-4793-ae81-8ff73344cb7a,4,Seated Leg Curls,Machine,
e9479bb4-a37d-41e6-94ce-1460ec64cfad,bfa29c65-9c49-4793-ae81-8ff73344cb7a,5,Lean Away Lateral Raises,Cable,
8edcaf2d-bc45-4859-84ab-945562f4bc67,bfa29c65-9c49-4793-ae81-8ff73344cb7a,6,Incline Reverse Flys,Dumbbells,
f329d2e2-f472-4ba5-8a93-b8a9ac2d39da,bfa29c65-9c49-4793-ae81-8ff73344cb7a,7,Crunches on Exercise Ball,Bodyweight,
bf30072f-371a-481f-96f5-5dbb5bff37d4,78e7f82b-17bb-48a6-9f28-7f4d5e00d5e5,1,Lat Pulldowns with Wide Overhand Grip,Cable,
25fe7dc1-1153-418b-bf4a-6d1f3916d258,78e7f82b-17bb-48a6-9f28-7f4d5e00d5e5,2,Rows with Wide Grip,Cable,
43e0c304-501e-40d0-abad-76f0d27a3b83,78e7f82b-17bb-48a6-9f28-7f4d5e00d5e5,3,Incline Flys,Dumbbells,
7e13dd3d-c695-4eaa-974a-ac456d9c2843,78e7f82b-17bb-48a6-9f28-7f4d5e00d5e5,4,Hip Thrusts,Barbell,
0b0782db-7783-4978-8c8b-d67679b4f913,78e7f82b-17bb-48a6-9f28-7f4d5e00d5e5,5,Leg Extensions,Machine,
4b8e1ecf-ee8a-4936-a01a-69980daca4f9,78e7f82b-17bb-48a6-9f28-7f4d5e00d5e5,6,Twist Curls,Dumbbells,
4c5b9e5d-26e8-4f69-b028-8230344a0d1c,78e7f82b-17bb-48a6-9f28-7f4d5e00d5e5,7,Overhead Triceps Extensions,Dumbbells,
b59f8758-9df8-4ca8-ac4d-9d3964164e20,8795322a-66ca-4909-a74b-addd55dd3458,1,Standing Shoulder Press,Barbell,
ac0155f5-8d95-46f5-bf22-be425c52d46f,8795322a-66ca-4909-a74b-addd55dd3458,2,One-Arm Rows,Dumbbells,
c277e2c6-df52-4642-8154-a54262cf874b,8795322a-66ca-4909-a74b-addd55dd3458,3,Romanian Deadlifts,Barbell,
39a35689-0da5-4627-bf2b-d51ba3ccb6fe,8795322a-66ca-4909-a74b-addd55dd3458,4,Incline Skull Crushers,Dumbbells,
fcc04a3f-a653-40a0-9c00-3e1689c64189,8795322a-66ca-4909-a74b-addd55dd3458,5,Incline Hammer Curls,Dumbbells,
d5a77506-059e-486b-81aa-7ff5980b1875,8795322a-66ca-4909-a74b-addd55dd3458,6,Decline Side Crunches,Bodyweight,
4ae9f33b-cbf7-4a1f-895f-27d7a9b103e8,48b04da0-1646-40ed-b240-7c13ef99bd3f,1,Bench Press,Barbell,
6f3d1d76-c00e-4c5b-a712-be7cbf7a1c9c,48b04da0-1646-40ed-b240-7c13ef99bd3f,2,Incline Bench Press 20°,Dumbbells,
6a0095c4-4140-41e9-ad21-50ef0762ec25,48b04da0-1646-40ed-b240-7c13ef99bd3f,3,Walking Lunges,Dumbbells,
c4dd2b82-e12f-4bcc-ba7a-d13e0b457bdf,48b04da0-1646-40ed-b240-7c13ef99bd3f,4,Leg Extensions,Machine,
6345c150-f9db-4b9a-b0af-fbf10030a1c3,48b04da0-1646-40ed-b240-7c13ef99bd3f,5,Upright Rows,EZ Curl Bar,
6bd829d1-0734-4b19-8f74-82214aa765c7,48b04da0-1646-40ed-b240-7c13ef99bd3f,6,Bent-Over Shrugs,Barbell,
e7e03235-fad9-410d-a886-12660955ea47,48b04da0-1646-40ed-b240-7c13ef99bd3f,7,Crunches,Bodyweight,
4e6dd41a-7e99-44b2-b013-eba0bcf36d9b,47e98c54-86a6-4543-961b-12772f186718,1,Bulgarian Split Squats,Dumbbells,
d5e1786a-4bf8-4167-baa0-851abf778658,47e98c54-86a6-4543-961b-12772f186718,2,Lat Pulldowns with Wide Neutral Grip,Cable,
ebc584b7-a0a4-46cb-9240-e1332b671323,47e98c54-86a6-4543-961b-12772f186718,3,Rows with Reverse Grip,Cable,
bfbeb26a-9e7b-462b-9b71-e74e8528d872,47e98c54-86a6-4543-961b-12772f186718,4,Incline Bench Press with Close Grip,Barbell,
c0cfb6c3-a247-4511-a950-fd3786c3734c,47e98c54-86a6-4543-961b-12772f186718,5,Concentration Twist Curls,Dumbbells,
92eaf4d1-c86c-449f-92f2-ef0f447bcdec,47e98c54-86a6-4543-961b-12772f186718,6,Standing Calf Raises,Smith machine,
cf095c18-e91d-485b-b8b8-a271d0b4f9ba,4990e817-b493-46d7-9ca3-de8a525b3f3d,1,Incline Bench Press,Barbell,
e2f58932-64cb-4c99-812e-433041552699,4990e817-b493-46d7-9ca3-de8a525b3f3d,2,Bench Press,Dumbbells,
1aa77ccf-a435-4e13-ae2d-3865c6905666,4990e817-b493-46d7-9ca3-de8a525b3f3d,3,Leg Extensions,Machine,
4e08dbf0-8f70-4603-95b2-9b1d1fc39f6b,4990e817-b493-46d7-9ca3-de8a525b3f3d,4,Seated Leg Curls,Machine,
9676c2c2-8d15-4ec6-8221-c39ea63319b7,4990e817-b493-46d7-9ca3-de8a525b3f3d,5,Lean Away Lateral Raises,Cable,
44ff11b3-a48c-402b-a227-c8f347c7614d,4990e817-b493-46d7-9ca3-de8a525b3f3d,6,Incline Reverse Flys,Dumbbells,
a043e871-bfb0-491a-aa09-a6ff057cf432,4990e817-b493-46d7-9ca3-de8a525b3f3d,7,Crunches on Exercise Ball,Bodyweight,
dc40e249-feaa-4add-9f68-9e35a334e05a,527b4e04-5370-4586-8118-e5a9fbd9c861,1,Seated Shoulder Press,Barbell,
238e0a22-b466-49f8-8637-0c18ecf618b8,527b4e04-5370-4586-8118-e5a9fbd9c861,2,T-Bar Rows with Wide Grip,Landmine,
ef9de8d5-01cf-414a-92c9-af689cc01e9c,527b4e04-5370-4586-8118-e5a9fbd9c861,3,Forward Lunges,Dumbbells,
b72b2c6c-a3fb-4dc2-892d-8c4b383475f1,527b4e04-5370-4586-8118-e5a9fbd9c861,4,Flys,Dumbbells,
261d6cbe-e751-4334-b072-9c6f8ebd8c73,527b4e04-5370-4586-8118-e5a9fbd9c861,5,Behind-the-Back Curls,Cable,
1770add3-517b-45ab-8129-af6fcde755a7,527b4e04-5370-4586-8118-e5a9fbd9c861,6,Overhead Triceps Extensions,EZ Curl Bar,
cfafcc8e-25b8-4391-8091-ac421f68e8e2,527b4e04-5370-4586-8118-e5a9fbd9c861,7,Decline Side Sit-Ups,Bodyweight,
ad04e07b-2cc2-4d5e-bfc1-56cd640a926a,207ec0f3-49ee-4aaf-9b46-8e1c5c7d6b9d,1,Bench Press,Barbell,
e7632188-0d7e-4084-9efc-b33e84a490f3,207ec0f3-49ee-4aaf-9b46-8e1c5c7d6b9d,2,Decline Bench Press,Dumbbells,
08868dfb-a2f0-49a0-8d22-b6fde096bb66,207ec0f3-49ee-4aaf-9b46-8e1c5c7d6b9d,3,Bulgarian Split Squats,Dumbbells,
4eb6822c-1ffd-4d92-8588-1c0c4eaeaf43,207ec0f3-49ee-4aaf-9b46-8e1c5c7d6b9d,4,Upright Rows,Dumbbells,
bdfddb00-02b5-4d87-800a-fbb928cfbb57,207ec0f3-49ee-4aaf-9b46-8e1c5c7d6b9d,5,Shrugs,Barbell,
01840d1e-779c-4d16-918c-a8f8fa2a22d0,207ec0f3-49ee-4aaf-9b46-8e1c5c7d6b9d,6,Side Crunches,Bodyweight,
4bba4d8e-05e0-46af-ae4b-7f56a0b6da34,d64f3d8b-5f0e-4a66-8ea7-214bfc4f166d,1,Romanian Deadlifts,Barbell,
611624f9-c15c-451f-a29d-db853515dce8,d64f3d8b-5f0e-4a66-8ea7-214bfc4f166d,2,Zercher Squats,Barbell,
87243f2a-ff2e-4c35-a106-da525ab45ad6,d64f3d8b-5f0e-4a66-8ea7-214bfc4f166d,3,Incline Bench Press 60°,Dumbbells,
4e0cd845-adbb-4efb-8c78-2d6ad7c8affe,d64f3d8b-5f0e-4a66-8ea7-214bfc4f166d,4,Rows with Close Grip,Cable,
939ba064-6d3d-41d5-80f3-374d3d860e20,d64f3d8b-5f0e-4a66-8ea7-214bfc4f166d,5,Incline Bench Press with Close Grip,Barbell,
c5c63eaf-4c0c-407a-a113-7a658815a515,d64f3d8b-5f0e-4a66-8ea7-214bfc4f166d,6,Spider Curls,Barbell,
d3c837ef-9935-4622-863c-77c406a4c12b,d64f3d8b-5f0e-4a66-8ea7-214bfc4f166d,7,Standing Calf Raises,Smith machine,
a018e681-40f8-481d-adcd-62a0dc22b6cd,fc08505f-3754-4dd7-a11d-6c7c056efcd4,1,Incline Bench Press,Barbell,
74ac00e2-940e-4766-9e72-f236b5aaf164,fc08505f-3754-4dd7-a11d-6c7c056efcd4,2,Lat Pulldowns with Reverse Grip,Cable,
a6985a23-f848-48f4-9ce3-a4fa1784470d,fc08505f-3754-4dd7-a11d-6c7c056efcd4,3,Squats (Belt),Bodyweight,
011da9d7-2c92-4451-8ed3-35fa9d5ac387,fc08505f-3754-4dd7-a11d-6c7c056efcd4,4,Seated Leg Curls,Machine,
89c3c128-afb8-45cc-bbcb-5413156d2825,fc08505f-3754-4dd7-a11d-6c7c056efcd4,5,Twist Curls,Dumbbells,
cced244d-0f7f-4cb0-8b89-3012bb1903ee,fc08505f-3754-4dd7-a11d-6c7c056efcd4,6,Skull Crushers,Dumbbells,
6b5d7be3-ae92-4b6f-a783-d2c659336009,fc08505f-3754-4dd7-a11d-6c7c056efcd4,7,Crunches,Bodyweight,
e28ddeab-d6e5-4c37-8b4c-0f3239598409,559a8c26-4564-4c2d-a519-16614eb36fab,1,Bench Press,Dumbbells,
cebd84c8-c74b-4a13-980b-cdc0f66dbe8a,559a8c26-4564-4c2d-a519-16614eb36fab,2,Lat Pulldowns with Wide Overhand Grip,Cable,
140291d3-eb8d-4ecf-8524-4ac1c0e5b7ed,559a8c26-4564-4c2d-a519-16614eb36fab,3,Squats (Belt),Bodyweight,
8fe797eb-ac6e-4aef-883b-6a72ece0fdb4,559a8c26-4564-4c2d-a519-16614eb36fab,4,Seated Leg Curls,Machine,
a7a184e0-8c29-49a7-b7ef-a6c7a8f2d766,559a8c26-4564-4c2d-a519-16614eb36fab,5,Lateral Raises,Dumbbells,
5fdc86dc-aff9-49a2-9535-4b916a7d4177,559a8c26-4564-4c2d-a519-16614eb36fab,6,Incline Reverse Flys,Dumbbells,
042022b0-eb22-4418-b061-ce678a49481b,559a8c26-4564-4c2d-a519-16614eb36fab,7,Hammer Curls (Tri bar),EZ Curl Bar,Superset 1
77c2304d-fea0-4297-a497-02062ebfaa99,559a8c26-4564-4c2d-a519-16614eb36fab,8,Triceps Pushdowns,Cable,Superset 1
16955fd6-f36f-48d9-b0ec-d215f8099087,7760161a-0b48-45aa-962b-f43374514ca6,1,Seated Shoulder Press,Barbell,
4b79d834-91eb-421b-a028-6120e4ae5875,7760161a-0b48-45aa-962b-f43374514ca6,2,T-Bar Rows with Wide Grip,Landmine,
abb22786-7542-44bb-a1fb-7d1e45a9d090,7760161a-0b48-45aa-962b-f43374514ca6,3,Leg Extensions,Machine,
dba103f9-c8ab-48d8-9446-0de50f4cd0da,7760161a-0b48-45aa-962b-f43374514ca6,4,Flys,Dumbbells,
2442ec90-6ed0-43d1-82c3-c55bee4b0dc1,7760161a-0b48-45aa-962b-f43374514ca6,5,Seated Leg Curls,Machine,
5ea827b9-5a24-4d83-99a7-0221fb754055,7760161a-0b48-45aa-962b-f43374514ca6,6,Behind-the-Back Curls,Cable,Superset 1
f0dad6b9-b366-425a-a75d-f2a2c1acea96,7760161a-0b48-45aa-962b-f43374514ca6,7,Overhead Triceps Extensions,EZ Curl Bar,Superset 1
1297ed12-2fac-4e0f-b7f3-2a894ee9ec51,7760161a-0b48-45aa-962b-f43374514ca6,8,Kneeling Side Crunches,Cable,
5a464a5e-9a88-4125-9b1f-df3f8310a50c,88b0d683-37c4-4249-834d-4b83026e4894,1,Bench Press,Barbell,
8fbfbc02-0e3a-40b0-9028-4dfe7f4317af,88b0d683-37c4-4249-834d-4b83026e4894,2,Decline Bench Press,Dumbbells,
37f7d21a-cf8f-494b-ae3c-3cff62835f66,88b0d683-37c4-4249-834d-4b83026e4894,3,Standing Calf Raises,Smith machine,
e0b1a79c-75c2-49a5-b667-8881e325ab70,88b0d683-37c4-4249-834d-4b83026e4894,4,Upright Rows,Dumbbells,
ddf62ad6-be37-4b5a-bcc5-690dd2f14eea,88b0d683-37c4-4249-834d-4b83026e4894,5,Shrugs,Barbell,
c72817f6-c5dc-410e-8239-09e464eca058,88b0d683-37c4-4249-834d-4b83026e4894,6,Side Crunches,Bodyweight,
3d49df34-b6a3-4e96-8537-c3892d8cb149,259eb82b-7f86-4543-b4f1-3fdc58e0a040,1,Romanian Deadlifts,Barbell,
b9d5c762-14fc-482f-87c3-0a4af29f03ab,259eb82b-7f86-4543-b4f1-3fdc58e0a040,2,Zercher Squats,Barbell,
7b18fa5f-0496-4a98-b2f1-a6a151ba3bc8,259eb82b-7f86-4543-b4f1-3fdc58e0a040,3,Incline Bench Press 60°,Dumbbells,
38a71ed9-ff8a-43eb-bfb3-9014dc7982ba,259eb82b-7f86-4543-b4f1-3fdc58e0a040,4,Rows with Close Grip,Cable,
fc93d284-d60b-4968-8fe2-c03e47e3ad1e,259eb82b-7f86-4543-b4f1-3fdc58e0a040,5,Incline Bench Press with Close Grip,Barbell,
9e6dac80-5ec5-4f96-8c05-09653da7adf3,259eb82b-7f86-4543-b4f1-3fdc58e0a040,6,Spider Curls,Barbell,
5410bcea-35c6-4039-a611-c32faf8b7ee0,d8f0ba77-7f9c-46a6-ac66-31f31afaac68,1,Incline Bench Press,Barbell,
9acc4081-41f0-4eb8-a073-a67894e33f78,d8f0ba77-7f9c-46a6-ac66-31f31afaac68,2,Lat Pulldowns with Reverse Grip,Cable,
05552446-65b9-41aa-b56a-847ea8ded501,d8f0ba77-7f9c-46a6-ac66-31f31afaac68,3,Squats (Belt),Bodyweight,
f1730e15-efb9-47f2-9e26-8ba3f7ca35a8,d8f0ba77-7f9c-46a6-ac66-31f31afaac68,4,Seated Leg Curls,Machine,
01a3bdda-7f0b-4ab0-85c8-7ad7e04e5590,d8f0ba77-7f9c-46a6-ac66-31f31afaac68,5,Twist Curls,Dumbbells,
5ef3ea70-08d3-4a27-a395-8a7506636692,d8f0ba77-7f9c-46a6-ac66-31f31afaac68,6,Skull Crushers,Dumbbells,
cee4480d-cf6f-4ed3-88b0-d628ae22a939,d8f0ba77-7f9c-46a6-ac66-31f31afaac68,7,Crunches,Bodyweight,
9ae2f88c-7ac9-4426-a039-5902f43e6b76,2e2c4474-2a67-4b8c-a16f-23222f8fcb64,1,Bench Press,Dumbbells,
34652879-6e20-4097-8a30-87d12f66295b,2e2c4474-2a67-4b8c-a16f-23222f8fcb64,2,Lat Pulldowns with Wide Overhand Grip,Cable,
4a6a9efa-a01f-481b-a103-194b969a9736,2e2c4474-2a67-4b8c-a16f-23222f8fcb64,3,Squats (Belt),Bodyweight,
3f34df29-65d8-4ab2-bc8e-7abdbc4f1ae1,2e2c4474-2a67-4b8c-a16f-23222f8fcb64,4,Reverse Lunges,Dumbbells,
65bf6f12-e48a-48c3-9b29-217a3897417a,2e2c4474-2a67-4b8c-a16f-23222f8fcb64,5,Lateral Raises,Dumbbells,
a0c40b70-c8cc-4b48-80a7-00d4cae745cf,2e2c4474-2a67-4b8c-a16f-23222f8fcb64,6,Incline Reverse Flys,Dumbbells,
87669fab-2fbe-45c1-a470-41934b7995ad,2e2c4474-2a67-4b8c-a16f-23222f8fcb64,7,Kneeling Crunches,Cable,
721a83b4-b3a5-4109-802d-130a89db6108,5de90a17-d4d3-4797-acae-b29fa5140889,1,Seated Shoulder Press,Barbell,
bd32710c-e091-42eb-bc99-88ebc80c8748,5de90a17-d4d3-4797-acae-b29fa5140889,2,T-Bar Rows with Wide Grip,Landmine,
7f23c0b1-052a-4e34-8bca-326111908bf1,5de90a17-d4d3-4797-acae-b29fa5140889,3,Forward Lunges,Dumbbells,
e4e00ebc-9885-4dcf-846f-d76db8f2e083,5de90a17-d4d3-4797-acae-b29fa5140889,4,Flys,Dumbbells,
15e383a6-06c0-4227-9241-44e14cd492dd,5de90a17-d4d3-4797-acae-b29fa5140889,5,Behind-the-Back Curls,Cable,
ce3941df-6d1c-4516-8117-a36501fa0d3f,5de90a17-d4d3-4797-acae-b29fa5140889,6,Overhead Triceps Extensions,EZ Curl Bar,
ed1152a9-3d81-41d4-a00c-612e1c3d55ad,5de90a17-d4d3-4797-acae-b29fa5140889,7,Decline Side Sit-Ups,Bodyweight,
ab9f4323-78a5-4491-b935-de8dfadba34a,042626df-2e55-489e-a68e-5d12ab36f2fd,1,Bench Press,Barbell,
5d035a45-aee1-4e7d-ab56-d6937b92e853,042626df-2e55-489e-a68e-5d12ab36f2fd,2,Decline Bench Press,Dumbbells,
4a456c84-3774-462c-b10f-f0f332412d27,042626df-2e55-489e-a68e-5d12ab36f2fd,3,Bulgarian Split Squats,Dumbbells,
97b1651d-bddb-41a4-8770-4b07773e7ee2,042626df-2e55-489e-a68e-5d12ab36f2fd,4,Upright Rows,Dumbbells,
12b9e89b-3a40-46ae-a495-f235e04035ac,042626df-2e55-489e-a68e-5d12ab36f2fd,5,Shrugs,Barbell,
c0e89a54-8539-41f8-9d04-b90f9f510b26,042626df-2e55-489e-a68e-5d12ab36f2fd,6,Side Crunches,Bodyweight,
59884025-09f4-4ba2-acb3-a4e65f57edf7,59ec85cf-79a6-4373-a800-335dd4ba1136,1,Romanian Deadlifts,Barbell,
3bb69e5f-dc63-45f5-b932-8563e5de57eb,59ec85cf-79a6-4373-a800-335dd4ba1136,2,Zercher Squats,Barbell,
bc4c270f-7b92-4eb9-a75f-b70b85c216a3,59ec85cf-79a6-4373-a800-335dd4ba1136,3,Incline Bench Press 60°,Dumbbells,
1c630b42-6342-444d-892f-235399de5ffc,59ec85cf-79a6-4373-a800-335dd4ba1136,4,Rows with Close Grip,Cable,
5d911892-8bff-4602-bec2-20d293e735a0,59ec85cf-79a6-4373-a800-335dd4ba1136,5,Incline Bench Press with Close Grip,Barbell,
7c612d9d-d97a-4609-8908-5ab8842def16,59ec85cf-79a6-4373-a800-335dd4ba1136,6,Spider Curls,Barbell,
0f477f1c-f24c-400f-9ca6-317f131fe641,59ec85cf-79a6-4373-a800-335dd4ba1136,7,Standing Calf Raises,Smith machine,
ad841278-8f13-4a47-9ca8-b7acca99c6e2,86cf4add-f4f2-4f91-b784-f560f02c4ed5,1,Incline Bench Press,Barbell,
2bf5987a-4ce2-475d-81e1-8b425c67e1e6,86cf4add-f4f2-4f91-b784-f560f02c4ed5,2,Lat Pulldowns with Reverse Grip,Cable,
78db830a-b91e-4a96-b969-79e402b07eb5,86cf4add-f4f2-4f91-b784-f560f02c4ed5,3,Squats (Belt),Bodyweight,
5408297f-21e0-4cee-802c-f4a7f06f44c3,86cf4add-f4f2-4f91-b784-f560f02c4ed5,4,Seated Leg Curls,Machine,
aff599f5-c0f8-45eb-ae6a-4dce8ae21c3c,86cf4add-f4f2-4f91-b784-f560f02c4ed5,5,Twist Curls,Dumbbells,
cb25d034-3ac5-468d-b323-c1a7a3ea7638,86cf4add-f4f2-4f91-b784-f560f02c4ed5,6,Skull Crushers,Dumbbells,
f967cc31-f828-4d39-bd2c-303ef97b597d,86cf4add-f4f2-4f91-b784-f560f02c4ed5,7,Crunches,Bodyweight,
1e99d24b-548a-432d-812b-36c5b7d193ac,f0165a9d-ca28-4c5b-b07b-6e43700dd8f2,1,Bench Press,Dumbbells,
a9e61819-2125-4c74-888c-c502ac6c5bd6,f0165a9d-ca28-4c5b-b07b-6e43700dd8f2,2,Lat Pulldowns with Wide Overhand Grip,Cable,
a8631ae9-5e1f-4cc4-91b2-c01b42d9fdb2,f0165a9d-ca28-4c5b-b07b-6e43700dd8f2,3,Squats (Belt),Bodyweight,
0d0d0857-6d8a-4680-ad01-e669ab6aad93,f0165a9d-ca28-4c5b-b07b-6e43700dd8f2,4,Reverse Lunges,Dumbbells,
cf286897-f973-44d0-babb-56c21f46d18b,f0165a9d-ca28-4c5b-b07b-6e43700dd8f2,5,Lateral Raises,Dumbbells,
3981c35b-262b-4609-aeaa-577974df9c1e,f0165a9d-ca28-4c5b-b07b-6e43700dd8f2,6,Incline Reverse Flys,Dumbbells,
04e3e3a1-b856-468b-8020-75b2734f6a78,f0165a9d-ca28-4c5b-b07b-6e43700dd8f2,7,Kneeling Crunches,Cable,
8068e6cb-e6bd-4945-8c8f-c7884eceeb49,c143953a-9d78-4c34-9b03-eb5629dbde55,1,Seated Shoulder Press,Barbell,
af93ca33-d69f-4ae7-a62d-fd5dd22e943c,c143953a-9d78-4c34-9b03-eb5629dbde55,2,T-Bar Rows with Wide Grip,Landmine,
a30c2987-9427-4ff7-97ef-2feefc1845ad,c143953a-9d78-4c34-9b03-eb5629dbde55,3,Forward Lunges,Dumbbells,
9681dd5c-dca8-4f89-853e-6faf4420895a,c143953a-9d78-4c34-9b03-eb5629dbde55,4,Flys,Dumbbells,
366a530c-ac34-4c8c-aff6-bc69230bd702,c143953a-9d78-4c34-9b03-eb5629dbde55,5,Behind-the-Back Curls,Cable,
22d5baa9-c71d-4733-afe7-da271a3d22ef,c143953a-9d78-4c34-9b03-eb5629dbde55,6,Overhead Triceps Extensions,EZ Curl Bar,
519557e8-2aec-4be3-bf37-1fb9f7a690f8,c143953a-9d78-4c34-9b03-eb5629dbde55,7,Decline Side Sit-Ups,Bodyweight,
7b8d3fb6-9568-46cf-8089-244b2e29f896,fd597468-3de3-44b3-982e-037845db5876,1,Bench Press,Barbell,
25c29c71-ed58-4146-9b20-e017b1418ba3,fd597468-3de3-44b3-982e-037845db5876,2,Decline Bench Press,Dumbbells,
db223b47-c58e-47db-a3e2-26f38ea7b062,fd597468-3de3-44b3-982e-037845db5876,3,Bulgarian Split Squats,Dumbbells,
3c5f1ab6-0316-4103-be76-58988b10478d,fd597468-3de3-44b3-982e-037845db5876,4,Upright Rows,Dumbbells,
5d23cc7d-781a-486d-bccb-0e217eea6886,fd597468-3de3-44b3-982e-037845db5876,5,Shrugs,Barbell,
f9ba32ad-1c41-4620-a913-d0c43a9aa0e9,fd597468-3de3-44b3-982e-037845db5876,6,Side Crunches,Bodyweight,
2d3f32ed-d892-4e0d-99bf-3aa29b73e0b0,44e74ce2-c0cd-456d-aa19-725ae6ee7f25,1,Romanian Deadlifts,Barbell,
9d11d128-c2f1-4810-9c2a-0065fc5b7d4c,44e74ce2-c0cd-456d-aa19-725ae6ee7f25,2,Zercher Squats,Barbell,
f1363b96-09a8-4163-98fe-755e290b1d34,44e74ce2-c0cd-456d-aa19-725ae6ee7f25,3,Incline Bench Press 60°,Dumbbells,
9ad276ed-68b6-4a96-91f7-f8a2055eaed9,44e74ce2-c0cd-456d-aa19-725ae6ee7f25,4,Rows with Close Grip,Cable,
7b66bd62-c5ec-4e89-a9fc-43b6853df228,44e74ce2-c0cd-456d-aa19-725ae6ee7f25,5,Incline Bench Press with Close Grip,Barbell,
dd06ca48-7986-4b0c-ae14-b09b41c22a37,44e74ce2-c0cd-456d-aa19-725ae6ee7f25,6,Spider Curls,Barbell,
68cc8cb4-c0bf-4a74-aa12-a20141559791,44e74ce2-c0cd-456d-aa19-725ae6ee7f25,7,Standing Calf Raises,Smith machine,
7d3b984d-5b1b-4db9-89d0-59399a5395df,ddd34103-934f-439d-a4af-8c0567beab2c,1,Incline Bench Press,Barbell,
c1359b47-53e0-4bea-a03d-9a4a3f115e66,ddd34103-934f-439d-a4af-8c0567beab2c,2,Lat Pulldowns with Reverse Grip,Cable,
0e5e2caf-ec06-4cf0-8453-17af823d7697,ddd34103-934f-439d-a4af-8c0567beab2c,3,Squats (Belt),Bodyweight,
e26b8fbd-6836-4050-8a1f-67157f9a4aec,ddd34103-934f-439d-a4af-8c0567beab2c,4,Standing Leg Curls,Cable,
79152cdf-3711-4e24-b421-311aee4e3e29,ddd34103-934f-439d-a4af-8c0567beab2c,5,Twist Curls,Dumbbells,
2bdb588a-24c4-4296-81ac-01f67554b15c,ddd34103-934f-439d-a4af-8c0567beab2c,6,Skull Crushers,Dumbbells,
caccfb82-1709-4b36-8c04-0d210be48787,ddd34103-934f-439d-a4af-8c0567beab2c,7,Crunches,Bodyweight,
c62ac577-c9c5-4fce-9924-dfa39c11f568,0b6ec2b3-1c45-4f09-8ae0-80dcbdb92e09,1,Bench Press,Dumbbells,
a72bd398-2524-4026-a01c-0d1a0d4e01d1,0b6ec2b3-1c45-4f09-8ae0-80dcbdb92e09,2,Lat Pulldowns with Wide Overhand Grip,Cable,
8c161f6d-8034-418c-8756-fd96dcb17945,0b6ec2b3-1c45-4f09-8ae0-80dcbdb92e09,3,Squats (Belt),Bodyweight,
4fb3ae24-2fd2-431f-b888-dc500ea81b5d,0b6ec2b3-1c45-4f09-8ae0-80dcbdb92e09,4,Reverse Lunges,Dumbbells,
2dc69d52-2505-4d45-9b50-23edfb9ebf91,0b6ec2b3-1c45-4f09-8ae0-80dcbdb92e09,5,Lateral Raises,Dumbbells,
e22c5aca-0161-4caf-a243-21ec3130480c,0b6ec2b3-1c45-4f09-8ae0-80dcbdb92e09,6,Incline Reverse Flys,Dumbbells,
ed44f051-762b-44d4-94be-53a1cc4499bc,0b6ec2b3-1c45-4f09-8ae0-80dcbdb92e09,7,Kneeling Crunches,Cable,
5a9dbbdc-9e27-4c2d-bc10-ac6bb1b0fa07,42e13f3b-ba4b-4b48-910c-9d25de2ef18f,1,Seated Shoulder Press,Barbell,
e61f22e7-b223-4ede-bcf7-a4d94106359c,42e13f3b-ba4b-4b48-910c-9d25de2ef18f,2,T-Bar Rows with Wide Grip,Landmine,
253540ed-be08-48c8-891b-5d8ec3ea4823,42e13f3b-ba4b-4b48-910c-9d25de2ef18f,3,Forward Lunges,Dumbbells,
66fbdcf6-c276-498a-b65c-34ce033abe05,42e13f3b-ba4b-4b48-910c-9d25de2ef18f,4,Flys,Dumbbells,
20a52230-abb5-44c9-ad76-edd3bc2679c8,42e13f3b-ba4b-4b48-910c-9d25de2ef18f,5,Behind-the-Back Curls,Cable,
24df414a-0596-4958-a6ec-d0debbbeacd5,42e13f3b-ba4b-4b48-910c-9d25de2ef18f,6,Overhead Triceps Extensions,EZ Curl Bar,
360c6c7c-d6ea-4437-bee2-b1b0ca2388dd,42e13f3b-ba4b-4b48-910c-9d25de2ef18f,7,Decline Side Sit-Ups,Bodyweight,
1e5120a5-2543-42ca-9dcf-7db87859fc9a,dc819410-8da3-49d0-bedb-0f11ab5a64cb,1,Bench Press,Barbell,
f7afedef-cee3-49f3-997f-a5d8b2f8ccfa,dc819410-8da3-49d0-bedb-0f11ab5a64cb,2,Decline Bench Press,Dumbbells,
c1fd8c92-62b7-45b3-8e79-ef77a65c859d,dc819410-8da3-49d0-bedb-0f11ab5a64cb,3,Bulgarian Split Squats,Dumbbells,
3de692f5-ed6d-4d1e-9843-30572820cfb6,dc819410-8da3-49d0-bedb-0f11ab5a64cb,4,Upright Rows,Dumbbells,
bd8b3974-0d53-44d5-bb5d-45f86f99b174,dc819410-8da3-49d0-bedb-0f11ab5a64cb,5,Shrugs,Barbell,
fef667c8-2d5f-4520-8cdb-3906871167de,dc819410-8da3-49d0-bedb-0f11ab5a64cb,6,Side Crunches,Bodyweight,
da802143-19f6-47c8-aaaf-474829c86e7d,71f7bee0-458d-4bb0-bf2c-9c4bc9f59c5f,1,Romanian Deadlifts,Barbell,
908274cd-9ea6-44b5-b4f2-dfe6e9f4387a,71f7bee0-458d-4bb0-bf2c-9c4bc9f59c5f,2,Zercher Squats,Barbell,
e9265c80-81f9-4dca-a3a9-d4790fe02789,71f7bee0-458d-4bb0-bf2c-9c4bc9f59c5f,3,Incline Bench Press 60°,Dumbbells,
1897fc9d-f8d3-4a61-a11d-7787812fbb6a,71f7bee0-458d-4bb0-bf2c-9c4bc9f59c5f,4,Rows with Close Grip,Cable,
bfbaf409-63bf-4ab5-b325-23e7ef3de2ac,71f7bee0-458d-4bb0-bf2c-9c4bc9f59c5f,5,Incline Bench Press with Close Grip,Barbell,
27252066-7c95-41c4-a157-67822c08be2c,71f7bee0-458d-4bb0-bf2c-9c4bc9f59c5f,6,Spider Curls,Barbell,
e060a5ed-e268-437d-b85b-e486c55b5f86,71f7bee0-458d-4bb0-bf2c-9c4bc9f59c5f,7,Standing Calf Raises,Smith machine,
d2cfc1f0-fb0b-4a67-94f5-5e042fdcfb5a,0258a7e5-b0be-413b-bcfc-fea63f4d5791,1,Incline Bench Press,Barbell,
ea1555e5-0f4e-4dd7-b0ae-8fe9f8964cd9,0258a7e5-b0be-413b-bcfc-fea63f4d5791,2,Lat Pulldowns with Reverse Grip,Cable,
eaf69df9-d82a-4e68-91a2-1d23084e7655,0258a7e5-b0be-413b-bcfc-fea63f4d5791,3,Squats (Belt),Bodyweight,
3dbe42a3-dcfa-4f09-93ba-9b95b7900dda,0258a7e5-b0be-413b-bcfc-fea63f4d5791,4,Romanian Deadlifts,Barbell,
d9cab440-d13b-4919-8274-f4ee88de2f94,0258a7e5-b0be-413b-bcfc-fea63f4d5791,5,Twist Curls,Dumbbells,
116f8936-3ff4-4367-bf6b-73af40ab9b4a,0258a7e5-b0be-413b-bcfc-fea63f4d5791,6,Skull Crushers,Dumbbells,
359e2dbf-73b6-4f53-acad-324b7e3f5012,0258a7e5-b0be-413b-bcfc-fea63f4d5791,7,Crunches,Bodyweight,
f6589901-bba8-48d3-a56b-107806838f22,1304f0c5-2517-4593-8369-85bd3525dbaa,1,Bench Press,Dumbbells,
0e09ac60-53c4-4fe7-aaed-5853fc06f7ba,1304f0c5-2517-4593-8369-85bd3525dbaa,2,Lat Pulldowns with Close Overhand Grip,Cable,
9230b6a9-457b-47a4-a236-f2486ab892a6,1304f0c5-2517-4593-8369-85bd3525dbaa,3,Squats,Barbell,
71913203-2d27-4a4e-8ce6-3903be144308,1304f0c5-2517-4593-8369-85bd3525dbaa,4,Hip Thrusts,Barbell,
1710a79f-d89b-4b60-b5b6-56c99934ba3f,1304f0c5-2517-4593-8369-85bd3525dbaa,5,Upright Rows,EZ Curl Bar,
002bcad3-5a50-442e-8d7d-49860e49cd5f,1304f0c5-2517-4593-8369-85bd3525dbaa,6,Decline Side Crunches,Bodyweight,
35223caf-f8a8-4059-b4fb-2b38d98e1ed8,00ff62b2-0258-4a05-b081-3ed0f18eb0db,1,Standing Shoulder Press,Barbell,
4deb24ec-e111-46e2-b679-f329a3f3bc2d,00ff62b2-0258-4a05-b081-3ed0f18eb0db,2,Rows with Close Grip,Cable,
fae6be99-c186-423d-b049-f879f5520e9a,00ff62b2-0258-4a05-b081-3ed0f18eb0db,3,Bulgarian Split Squats,Dumbbells,
59616fb5-d1b0-41f3-98b7-288dd88c9b72,00ff62b2-0258-4a05-b081-3ed0f18eb0db,4,Reverse Spider Curls,EZ Curl Bar,
5fb1e8c8-de34-4dae-81d2-41fb4de762df,00ff62b2-0258-4a05-b081-3ed0f18eb0db,5,Shrugs,Barbell,
0cc5a546-8acf-41f5-a657-d4c6c42ba9ee,00ff62b2-0258-4a05-b081-3ed0f18eb0db,6,Standing Calf Raises,Smith machine,
57cc8cd5-0c83-46b3-ae61-e51019209705,00ff62b2-0258-4a05-b081-3ed0f18eb0db,7,Kneeling Crunches,Cable,
ab92f9ff-2817-4cf4-b0fe-46d9b24d79a0,54c1e3dc-4bd1-4967-8a97-c2767aaf1d1f,1,Incline Bench Press,Barbell,
4c65bc0f-2ff4-43f4-a35d-0a48e5864b1d,54c1e3dc-4bd1-4967-8a97-c2767aaf1d1f,2,Lat Pulldowns with Wide Neutral Grip,Cable,
1a0f161c-52e9-49c6-8c04-b0ad6657e297,54c1e3dc-4bd1-4967-8a97-c2767aaf1d1f,3,Reverse Lunges,Dumbbells,
cd956a26-f07d-4f83-8f76-6cec85274469,54c1e3dc-4bd1-4967-8a97-c2767aaf1d1f,4,Triceps Pushdowns (Vbar),Cable,
2d30e371-4f54-469d-8721-5e69803666dd,54c1e3dc-4bd1-4967-8a97-c2767aaf1d1f,5,Incline Lateral Raises,Dumbbells,
6e9ef313-4437-49af-8970-a28a7ab6c605,54c1e3dc-4bd1-4967-8a97-c2767aaf1d1f,6,Hanging Leg Raises,Bodyweight,
c19dbfda-23de-4a52-83cc-e765d94fab92,dc5556cd-7c8a-4294-a542-34d3cf552741,1,Good Mornings,Barbell,
26aa68dc-6f38-4783-8e76-f066f0731583,dc5556cd-7c8a-4294-a542-34d3cf552741,2,Zercher Squats,Barbell,
b3c820c4-ea34-4715-8d9d-818a116f6856,dc5556cd-7c8a-4294-a542-34d3cf552741,3,Incline Bench Press,Dumbbells,
5e642eb1-60c3-4303-961b-975bab2a4d36,dc5556cd-7c8a-4294-a542-34d3cf552741,4,One-Arm Rows,Dumbbells,
10aa9d3c-7c4e-4602-9fa2-6c02a471eb52,dc5556cd-7c8a-4294-a542-34d3cf552741,5,Incline Reverse Flys,Dumbbells,
f3ce14d3-f36d-45d8-97f1-53585ddfca90,dc5556cd-7c8a-4294-a542-34d3cf552741,6,Incline Curls,Dumbbells,
56b00e51-c35e-4a19-b647-76dafec76c0d,dc5556cd-7c8a-4294-a542-34d3cf552741,7,Standing Calf Raises,Bodyweight,
f5bf51d7-c0e6-4083-9573-0d2982393a79,f2916a7f-c61b-4681-a91d-788ddb7ec10c,1,Bench Press,Barbell,
dafb1755-ee42-408a-a2b1-271c3fe611af,f2916a7f-c61b-4681-a91d-788ddb7ec10c,2,Rows with Wide Neutral Grip,Cable,
aa19dd87-aa73-4154-95c1-7b2c6e226082,f2916a7f-c61b-4681-a91d-788ddb7ec10c,3,Squats,Barbell,
3568b529-4fc1-465b-9ace-1a6c0af080c7,f2916a7f-c61b-4681-a91d-788ddb7ec10c,4,Romanian Deadlifts,Barbell,
da7d860a-753f-4923-a57f-b481d1e647b5,f2916a7f-c61b-4681-a91d-788ddb7ec10c,5,JM Press,Barbell,
e222a01d-ce3a-465c-832c-b28ceb47a6bf,f2916a7f-c61b-4681-a91d-788ddb7ec10c,6,Concentration Hammer Curls,Dumbbells,
a110e52e-60a9-4786-b61c-099f22c4ce4c,f2916a7f-c61b-4681-a91d-788ddb7ec10c,7,Standing Calf Raises,Smith machine,
1f7923ef-6df8-4aed-bf3b-6d2dddb15b6e,591e4285-9a75-4695-bcab-cf954af4024f,1,Bench Press,Dumbbells,
05e8d5ab-dc12-407b-9e9a-f9fac1546760,591e4285-9a75-4695-bcab-cf954af4024f,2,Lat Pulldowns with Close Overhand Grip,Cable,
9a570b36-f2c3-4fc9-962e-9cb9ea21a350,591e4285-9a75-4695-bcab-cf954af4024f,3,Squats,Barbell,
2f4e1d79-f3a0-486d-8f0b-91b8b0e7ddb8,591e4285-9a75-4695-bcab-cf954af4024f,4,Hip Thrusts,Barbell,
3618a272-afb7-401b-be97-15562b2409f8,591e4285-9a75-4695-bcab-cf954af4024f,5,Upright Rows,EZ Curl Bar,
2b375e28-ac16-40a0-b450-9c0b9015fc5b,591e4285-9a75-4695-bcab-cf954af4024f,6,Decline Side Crunches,Bodyweight,
d61f79a8-e9ae-44d3-8e64-26a3e58ffd64,bfc15d66-5af9-46dd-8bd6-03d8ae58402f,1,Standing Shoulder Press,Barbell,
2e360298-3bff-416a-8bfe-a0a861cb1a09,bfc15d66-5af9-46dd-8bd6-03d8ae58402f,2,Rows with Close Grip,Cable,
d214d48c-f2a5-44d3-ada7-01d7be169fa3,bfc15d66-5af9-46dd-8bd6-03d8ae58402f,3,Bulgarian Split Squats,Dumbbells,
0e02a754-fe66-406d-9575-48716fa23ad3,bfc15d66-5af9-46dd-8bd6-03d8ae58402f,4,Reverse Spider Curls,EZ Curl Bar,
e185e15c-2149-4e64-b000-986b3d56dbac,bfc15d66-5af9-46dd-8bd6-03d8ae58402f,5,Shrugs,Barbell,
349b7ebc-0443-446e-8cf8-0389e668c256,bfc15d66-5af9-46dd-8bd6-03d8ae58402f,6,Standing Calf Raises,Smith machine,
03dd578b-feb9-4a20-a570-a1bbe0122508,bfc15d66-5af9-46dd-8bd6-03d8ae58402f,7,Kneeling Crunches,Cable,
a1717202-dc0d-4713-9764-9a94499c11b8,44838df7-cab6-41bb-9b80-c02ffdba8f48,1,Incline Bench Press,Barbell,
6a589794-9bb4-45a4-acd9-24ddb00aa0bd,44838df7-cab6-41bb-9b80-c02ffdba8f48,2,Lat Pulldowns with Wide Neutral Grip,Cable,
a5235947-30b1-4890-a0d9-5ddcf6466c79,44838df7-cab6-41bb-9b80-c02ffdba8f48,3,Reverse Lunges,Dumbbells,
e894448a-3d81-4fa5-925e-b16acc1546cf,44838df7-cab6-41bb-9b80-c02ffdba8f48,4,Triceps Pushdowns (Vbar),Cable,
0b45fc00-add9-48b6-8d13-3b2717ecccd0,44838df7-cab6-41bb-9b80-c02ffdba8f48,5,Incline Lateral Raises,Dumbbells,
7a210207-74f4-4f3a-bdf0-1c52754dd1bc,44838df7-cab6-41bb-9b80-c02ffdba8f48,6,Hanging Leg Raises,Bodyweight,
fb34fb6a-e820-49e7-bebe-0144ca522f85,d3158976-5acd-4053-91b0-6a8144156d78,1,Good Mornings,Barbell,
3c194f43-ca4c-4bf1-9b68-0cd002da3d22,d3158976-5acd-4053-91b0-6a8144156d78,2,Zercher Squats,Barbell,
e193adf9-ac9b-489e-bc45-6197fede15b0,d3158976-5acd-4053-91b0-6a8144156d78,3,Incline Bench Press,Dumbbells,
bb1603d4-b811-42cb-969d-2567f438eb79,d3158976-5acd-4053-91b0-6a8144156d78,4,One-Arm Rows,Dumbbells,
1ba047c8-4ab6-4505-b933-b2c96c0981c9,d3158976-5acd-4053-91b0-6a8144156d78,5,Incline Reverse Flys,Dumbbells,
97a6f364-d919-4e94-9ee5-c818ddceb1c7,d3158976-5acd-4053-91b0-6a8144156d78,6,Incline Curls,Dumbbells,
62f40360-b93f-49f9-a792-e9e36805786b,04572cbf-e9c0-4f0c-97d1-24dc838afbc7,1,Bench Press,Barbell,
d80554dd-57d5-43a2-b14a-7b76588ddc5b,04572cbf-e9c0-4f0c-97d1-24dc838afbc7,2,Rows with Wide Neutral Grip,Cable,
499ec35d-9b94-41e8-8e85-d1fe2cab9cba,04572cbf-e9c0-4f0c-97d1-24dc838afbc7,3,Squats,Barbell,
827212a7-f601-4ab8-8103-1de2a28c4d35,04572cbf-e9c0-4f0c-97d1-24dc838afbc7,4,Romanian Deadlifts,Dumbbells,
ee6f35dd-1c95-4efa-87cb-16a5b4f4a7ca,04572cbf-e9c0-4f0c-97d1-24dc838afbc7,5,JM Press,Barbell,
3da2c38f-3b6e-4726-b8f5-78d15a8f63e4,04572cbf-e9c0-4f0c-97d1-24dc838afbc7,6,Concentration Hammer Curls,Dumbbells,
5c895da4-ca1a-452b-95d4-fc54ecc57bb6,04572cbf-e9c0-4f0c-97d1-24dc838afbc7,7,Standing Calf Raises,Smith machine,
5996a0ab-817f-452f-9146-c4cc36c3d758,f9bcc211-afa9-49dd-bd7a-38a324183896,1,Bench Press,Dumbbells,
3b117c26-c72c-4c68-bc6c-daaee148cfac,f9bcc211-afa9-49dd-bd7a-38a324183896,2,Lat Pulldowns with Close Overhand Grip,Cable,
92037b31-bdc4-4a07-b834-947afcb3f209,f9bcc211-afa9-49dd-bd7a-38a324183896,3,Squats,Barbell,
25dae263-4b20-4c33-bfb8-24c49b1eed47,f9bcc211-afa9-49dd-bd7a-38a324183896,4,Hip Thrusts,Barbell,
a3a77a24-f146-4802-b497-3e876c075808,f9bcc211-afa9-49dd-bd7a-38a324183896,5,Upright Rows,EZ Curl Bar,
772e1581-fece-407c-a12f-f9cc7470a11c,f9bcc211-afa9-49dd-bd7a-38a324183896,6,Decline Side Crunches,Bodyweight,
79827a18-244c-4b8c-884c-571bb6ca4097,2e998fe7-7418-42b6-a7d0-7c8e05f9ea4a,1,Standing Shoulder Press,Barbell,
2aa434e6-e230-4c20-99e9-4de01f74010b,2e998fe7-7418-42b6-a7d0-7c8e05f9ea4a,2,Rows with Close Grip,Cable,
30394db1-66ac-4b4b-ab26-f8397fb1ab78,2e998fe7-7418-42b6-a7d0-7c8e05f9ea4a,3,Bulgarian Split Squats,Dumbbells,
d7738497-70e2-4014-a8dc-2534b078638d,2e998fe7-7418-42b6-a7d0-7c8e05f9ea4a,4,Reverse Spider Curls,EZ Curl Bar,
f681bb66-c3c8-4634-ae93-2e9f59309360,2e998fe7-7418-42b6-a7d0-7c8e05f9ea4a,5,Shrugs,Barbell,
b6d90e60-385d-493a-b9b2-a7aa587056b1,2e998fe7-7418-42b6-a7d0-7c8e05f9ea4a,6,Standing Calf Raises,Smith machine,
72cbd638-ae1d-43e8-8528-634b453e003f,2e998fe7-7418-42b6-a7d0-7c8e05f9ea4a,7,Kneeling Crunches,Cable,
48d00724-a51a-4207-a4db-1d1f53c12497,429da531-6f9d-4845-9980-ee3b997b5bf7,1,Incline Bench Press,Barbell,
1fd1b18b-ad5d-4132-a9f9-14c3f2c16dfd,429da531-6f9d-4845-9980-ee3b997b5bf7,2,Lat Pulldowns with Wide Neutral Grip,Cable,
2be9122d-9c7c-4730-ba80-d95b295cd4d0,429da531-6f9d-4845-9980-ee3b997b5bf7,3,Reverse Lunges,Dumbbells,
07dedc10-dffe-406d-b37a-de317fc653cd,429da531-6f9d-4845-9980-ee3b997b5bf7,4,Triceps Pushdowns (Vbar),Cable,
e29ecb63-615d-4744-9f88-82df8ada35fc,429da531-6f9d-4845-9980-ee3b997b5bf7,5,Incline Lateral Raises,Dumbbells,
a94f8054-dd80-4d8c-b51c-d7b484d887a1,429da531-6f9d-4845-9980-ee3b997b5bf7,6,Hanging Leg Raises,Bodyweight,
5dc0498e-ded1-462a-9e86-418467798127,fc07f6b1-60d6-409d-a05d-2912074f4114,1,Good Mornings,Barbell,
77aacb1c-7daf-4d18-8b97-ec267d70e7b1,fc07f6b1-60d6-409d-a05d-2912074f4114,2,Front Squats,Barbell,
347304f4-bf47-42bf-9710-c005b6d6a0e4,fc07f6b1-60d6-409d-a05d-2912074f4114,3,Incline Bench Press,Dumbbells,
b418829a-1bf3-47fc-9009-ba88025bc971,fc07f6b1-60d6-409d-a05d-2912074f4114,4,One-Arm Rows,Dumbbells,
d28ac3f0-1670-42dc-ab07-e7d7453cf70a,fc07f6b1-60d6-409d-a05d-2912074f4114,5,Incline Reverse Flys,Dumbbells,
9c681ae3-48a4-4e88-8068-b01f065608fb,fc07f6b1-60d6-409d-a05d-2912074f4114,6,Incline Curls,Dumbbells,
78b1b8e8-588e-482a-9209-3ca506342d06,fc07f6b1-60d6-409d-a05d-2912074f4114,7,Crunches,Bodyweight,
14e07842-e4af-4908-8ae4-6dc97ebd032b,e41ca3d5-4bbe-4b6f-8a89-a63687dc6fe4,1,Bench Press,Barbell,
2da381e3-7b85-41cb-b4db-b5ad9b38a8eb,e41ca3d5-4bbe-4b6f-8a89-a63687dc6fe4,2,Rows with Wide Neutral Grip,Cable,
bfea0c09-2fbf-4c75-a498-642a5dd030df,e41ca3d5-4bbe-4b6f-8a89-a63687dc6fe4,3,Squats,Barbell,
65b1dc75-3810-43f5-84de-2c88fe30beb8,e41ca3d5-4bbe-4b6f-8a89-a63687dc6fe4,4,Romanian Deadlifts,Dumbbells,
b8a98c26-857c-4582-a59f-0bcd511d30af,e41ca3d5-4bbe-4b6f-8a89-a63687dc6fe4,5,JM Press,Barbell,
effd03be-1c93-4054-a038-1041b3f6b4d2,e41ca3d5-4bbe-4b6f-8a89-a63687dc6fe4,6,Concentration Hammer Curls,Dumbbells,
cd096993-0aa8-439a-979d-e05a978db2a8,e41ca3d5-4bbe-4b6f-8a89-a63687dc6fe4,7,Standing Calf Raises,Smith machine,
c63613cd-5119-4a78-9e5d-ba3d982cb448,95f99454-e8d9-4455-8d64-35fd30c5159d,1,Bench Press,Dumbbells,
7c02cb16-81b0-43ce-9407-6d90b337fd64,95f99454-e8d9-4455-8d64-35fd30c5159d,2,Lat Pulldowns with Close Overhand Grip,Cable,
a575c5ce-ea41-454c-a396-81d70a5e1789,95f99454-e8d9-4455-8d64-35fd30c5159d,3,Squats,Barbell,
cb5d137c-fe6a-4598-b507-2bd72c2acd1d,95f99454-e8d9-4455-8d64-35fd30c5159d,4,Hip Thrusts,Barbell,
c255bed2-61ee-470b-aed0-0a3fcf017fa1,95f99454-e8d9-4455-8d64-35fd30c5159d,5,Upright Rows,EZ Curl Bar,
05630b87-80b7-4f42-ae18-59135bae5c8c,95f99454-e8d9-4455-8d64-35fd30c5159d,6,Decline Side Crunches,Bodyweight,
4dd99714-9dd6-4d25-a52e-938081d9a948,cf564116-a39b-4ad1-9dc6-ddd769d1e02d,1,Standing Shoulder Press,Barbell,
fb0209fe-9edc-44cb-aea0-fb5c127efd01,cf564116-a39b-4ad1-9dc6-ddd769d1e02d,2,Rows with Close Grip,Cable,
946e0a9a-94e9-4373-b576-1c5a7d87663a,cf564116-a39b-4ad1-9dc6-ddd769d1e02d,3,Bulgarian Split Squats,Dumbbells,
bcb5b9de-8eac-4e23-b2d9-48c2c71edaa8,cf564116-a39b-4ad1-9dc6-ddd769d1e02d,4,Reverse Spider Curls,EZ Curl Bar,
0e164424-819e-45f5-b24a-7639b7f455cf,cf564116-a39b-4ad1-9dc6-ddd769d1e02d,5,Shrugs,Barbell,
856e6bda-c73c-424c-8abe-4a3a76134a3a,cf564116-a39b-4ad1-9dc6-ddd769d1e02d,6,Standing Calf Raises,Smith machine,
e25b5e10-1b08-4a63-aff8-e2804e717ebf,cf564116-a39b-4ad1-9dc6-ddd769d1e02d,7,Kneeling Crunches,Cable,
133067e8-901f-421f-b7b4-fc6c759c7704,c09d7cdb-f881-456b-8cb0-f33b2c492501,1,Incline Bench Press,Barbell,
061499cb-81a6-42b9-a419-b14e19f66b12,c09d7cdb-f881-456b-8cb0-f33b2c492501,2,Lat Pulldowns with Wide Neutral Grip,Cable,
8f5b5972-96be-4fec-8eed-5efbf6bf33b3,c09d7cdb-f881-456b-8cb0-f33b2c492501,3,Reverse Lunges,Dumbbells,
484faa6d-19a3-4fc3-b92f-d3ef4e327526,c09d7cdb-f881-456b-8cb0-f33b2c492501,4,Triceps Pushdowns (Vbar),Cable,
aae4244c-bc80-43c4-96ef-285f2c3b2b5b,c09d7cdb-f881-456b-8cb0-f33b2c492501,5,Incline Lateral Raises,Dumbbells,
ffb30e30-27f8-4536-a798-0849e35caa63,c09d7cdb-f881-456b-8cb0-f33b2c492501,6,Hanging Leg Raises,Bodyweight,
46aa46de-ca3a-43a5-a921-0ba6f37be575,b2f24d4e-bb52-4494-85c9-79729d97e7bc,1,Good Mornings,Barbell,
29d9bbb5-52b3-4f00-a0cd-41c25a5a1a4a,b2f24d4e-bb52-4494-85c9-79729d97e7bc,2,Front Squats,Barbell,
915f949d-6e70-4933-83de-27f6f15abb03,b2f24d4e-bb52-4494-85c9-79729d97e7bc,3,Incline Bench Press,Dumbbells,
14ddfb67-8dd5-466b-a367-70434a6ef2ff,b2f24d4e-bb52-4494-85c9-79729d97e7bc,4,One-Arm Rows,Dumbbells,
877c1d39-c1b9-4446-bb4e-b629aaa9d4f1,b2f24d4e-bb52-4494-85c9-79729d97e7bc,5,Incline Reverse Flys,Dumbbells,
f75f0f9a-4126-4d3a-8456-454c5440fa76,b2f24d4e-bb52-4494-85c9-79729d97e7bc,6,Incline Curls,Dumbbells,
aaacc3ce-a5af-4d7d-af8b-749e593cf294,b89ee8db-f529-49f1-88ca-71e7cbf0a755,1,Bench Press,Barbell,
a4cfd7b5-ba2a-409f-a181-7e3108eb5978,b89ee8db-f529-49f1-88ca-71e7cbf0a755,2,Rows with Wide Neutral Grip,Cable,
8150bd3d-5bf4-4b21-8f4d-bc5ee7e0dc59,b89ee8db-f529-49f1-88ca-71e7cbf0a755,3,Squats,Barbell,
188be072-115b-4ef8-a70f-1323000358ee,b89ee8db-f529-49f1-88ca-71e7cbf0a755,4,Romanian Deadlifts,Dumbbells,
a63b5acd-3971-40ef-9e0a-585285779ec4,b89ee8db-f529-49f1-88ca-71e7cbf0a755,5,JM Press,Barbell,
4b289f4b-2e47-40ed-adeb-9ad3ce35b7ea,b89ee8db-f529-49f1-88ca-71e7cbf0a755,6,Concentration Hammer Curls,Dumbbells,
d423e19d-7bc6-467c-88a9-01c481e3f0d6,b89ee8db-f529-49f1-88ca-71e7cbf0a755,7,Standing Calf Raises,Smith machine,
5e3439c1-f395-422c-b8e7-6450ffd69194,af71e8aa-641f-45a1-be7b-5fd7f36f584a,1,Bench Press,Dumbbells,
09202686-abe4-426d-99e8-d5171b34ebd9,af71e8aa-641f-45a1-be7b-5fd7f36f584a,2,Lat Pulldowns with Close Overhand Grip,Cable,
5bacffba-ec8c-4cf8-b9b7-51b81c2d684f,af71e8aa-641f-45a1-be7b-5fd7f36f584a,3,Squats,Barbell,
02af82c6-d8f6-474c-8351-f944680bfff0,af71e8aa-641f-45a1-be7b-5fd7f36f584a,4,Hip Thrusts,Barbell,
d444581b-a4fe-42b4-816a-5c902f9b5d5e,af71e8aa-641f-45a1-be7b-5fd7f36f584a,5,Upright Rows,EZ Curl Bar,
948af83b-bfb5-4cac-acea-d80bd4fb1d64,af71e8aa-641f-45a1-be7b-5fd7f36f584a,6,Decline Side Crunches,Bodyweight,
84c1efbc-e25a-49c0-9999-dd9893e3348a,ad3381c4-1842-4f1f-b24d-6c21fc465d20,1,Standing Shoulder Press,Barbell,
ae714791-324b-4af1-8762-00a628f28358,ad3381c4-1842-4f1f-b24d-6c21fc465d20,2,Rows with Close Grip,Cable,
e4099755-99b1-4150-b4f0-9314c06b07ec,ad3381c4-1842-4f1f-b24d-6c21fc465d20,3,Bulgarian Split Squats,Dumbbells,
e0a355d3-ec43-4faf-aa46-a05c3445359c,ad3381c4-1842-4f1f-b24d-6c21fc465d20,4,Reverse Spider Curls,EZ Curl Bar,
07917e57-0b5c-4ef1-a2f7-c1b1899bd6df,ad3381c4-1842-4f1f-b24d-6c21fc465d20,5,Shrugs,Barbell,
025ed033-3cdd-4490-9b0e-f702aa2a91c4,ad3381c4-1842-4f1f-b24d-6c21fc465d20,6,Standing Calf Raises,Smith machine,
ec2bc207-be1c-41d8-a6d7-c8b8d6a33300,ad3381c4-1842-4f1f-b24d-6c21fc465d20,7,Kneeling Crunches,Cable,
0038346f-dd91-4db3-aa5f-f5c5f8108dda,4272a94e-8364-4997-8dba-bc2627cc2aee,1,Incline Bench Press,Barbell,
22cb78cc-bef8-4a03-84b3-d547fe2479e5,4272a94e-8364-4997-8dba-bc2627cc2aee,2,Lat Pulldowns with Wide Neutral Grip,Cable,
ee52e14b-5ce7-41c9-abe1-012b488211a9,4272a94e-8364-4997-8dba-bc2627cc2aee,3,Reverse Lunges,Dumbbells,
bbb052f9-ae67-415d-b5b0-005439fbc624,4272a94e-8364-4997-8dba-bc2627cc2aee,4,Triceps Pushdowns (Vbar),Cable,
44e9649c-cbc2-4f55-959a-cb9f067e59cd,4272a94e-8364-4997-8dba-bc2627cc2aee,5,Incline Lateral Raises,Dumbbells,
f8625c60-8b5f-4e17-ae88-aaa8837939a2,4272a94e-8364-4997-8dba-bc2627cc2aee,6,Hanging Leg Raises,Bodyweight,
9f837fba-85b7-4ae1-a048-1db321361755,cc24367c-a1c7-44bf-9db0-ad8d50e16999,1,Good Mornings,Barbell,
e62a803a-52a4-406d-9277-fa94d0980f06,cc24367c-a1c7-44bf-9db0-ad8d50e16999,2,Front Squats,Barbell,
6499f101-6280-42a4-bca6-62b1326d79e1,cc24367c-a1c7-44bf-9db0-ad8d50e16999,3,Incline Bench Press,Dumbbells,
f315fc7e-8a58-4b56-b22f-30df0f624ecb,cc24367c-a1c7-44bf-9db0-ad8d50e16999,4,One-Arm Rows,Dumbbells,
a091af17-939b-4428-9932-0a51d81fcffc,cc24367c-a1c7-44bf-9db0-ad8d50e16999,5,Incline Reverse Flys,Dumbbells,
222e6203-7fec-443a-b54e-4cd1f274a25b,cc24367c-a1c7-44bf-9db0-ad8d50e16999,6,Incline Curls,Dumbbells,
d35f9472-80cc-48b0-9057-5d9f4fb2d3c2,cc24367c-a1c7-44bf-9db0-ad8d50e16999,7,Standing Calf Raises,Bodyweight,
a3578892-6bf1-44f1-a292-c43dc40fdc84,3089c3f3-5d54-4050-aa2a-c3e2cef4b245,1,Bench Press,Barbell,
ae348f48-a7b1-4e62-a5d3-92271db41534,3089c3f3-5d54-4050-aa2a-c3e2cef4b245,2,Rows with Wide Neutral Grip,Cable,
669fffa5-523e-4544-8937-49b8d7eb697f,3089c3f3-5d54-4050-aa2a-c3e2cef4b245,3,Squats,Barbell,
6f655008-5581-41e7-bff5-400693ac50a6,3089c3f3-5d54-4050-aa2a-c3e2cef4b245,4,Romanian Deadlifts,Dumbbells,
ad80d276-655f-4df6-9cd9-46a40ff07cdb,3089c3f3-5d54-4050-aa2a-c3e2cef4b245,5,JM Press,Barbell,
cbadee8d-055c-4214-a735-cc41b17fb04c,3089c3f3-5d54-4050-aa2a-c3e2cef4b245,6,Concentration Hammer Curls,Dumbbells,
9018e04b-9170-46cc-b8b0-9a1a27276e6a,3089c3f3-5d54-4050-aa2a-c3e2cef4b245,7,Standing Calf Raises,Smith machine,
bb6151df-7299-4b36-94b4-1adeec4d7c78,fd52bbf6-3aa5-4c84-8a07-7f9e514feb8b,1,Bench Press,Dumbbells,
fa379fca-3e16-4b85-9cfb-fd28ac9094c6,fd52bbf6-3aa5-4c84-8a07-7f9e514feb8b,2,Lat Pulldowns with Close Overhand Grip,Cable,
f1e1cb32-2795-473e-a502-ed8dc313e0c5,fd52bbf6-3aa5-4c84-8a07-7f9e514feb8b,3,Squats,Barbell,
ee826dae-540a-4782-88f1-027df2983d3f,fd52bbf6-3aa5-4c84-8a07-7f9e514feb8b,4,Hip Thrusts,Barbell,
ab0ce451-491a-49a1-8c29-6a9f0593768e,fd52bbf6-3aa5-4c84-8a07-7f9e514feb8b,5,Upright Rows,EZ Curl Bar,
27b574aa-7a0e-4a62-bd10-fa7957a4eb10,fd52bbf6-3aa5-4c84-8a07-7f9e514feb8b,6,Decline Side Crunches,Bodyweight,
d49786f0-f3f5-4f64-86d7-ce2dc9c4a7fa,dbacad06-f344-4351-972f-106b0ca9f090,1,Standing Shoulder Press,Barbell,
25d152cb-100a-42d7-b617-75e11a07d8b2,dbacad06-f344-4351-972f-106b0ca9f090,2,Rows with Close Grip,Cable,
8d3acf95-64a3-410e-bff4-a353e7052a9c,dbacad06-f344-4351-972f-106b0ca9f090,3,Bulgarian Split Squats,Dumbbells,
3d3ec36a-c5b9-4191-82cd-a257e166994c,dbacad06-f344-4351-972f-106b0ca9f090,4,Reverse Spider Curls,EZ Curl Bar,
3b8d945d-4e70-4e2d-8449-24c349910087,dbacad06-f344-4351-972f-106b0ca9f090,5,Shrugs,Barbell,
946c8429-36ea-4db7-aad9-7cdff633ffc4,dbacad06-f344-4351-972f-106b0ca9f090,6,Standing Calf Raises,Smith machine,
afbeb6a2-6571-4909-8bd4-87728710a934,7ee89775-b1d1-45ec-8c5b-7558d89568f5,1,Incline Bench Press,Barbell,
ba0b7469-0fc2-4b85-bf27-896580998838,7ee89775-b1d1-45ec-8c5b-7558d89568f5,2,Lat Pulldowns with Wide Neutral Grip,Cable,
1897bc71-6958-4a66-a0cc-b955d9f45910,7ee89775-b1d1-45ec-8c5b-7558d89568f5,3,Reverse Lunges,Dumbbells,
34830794-cc43-4371-a6e1-c5382f1624c5,7ee89775-b1d1-45ec-8c5b-7558d89568f5,4,Triceps Pushdowns (Vbar),Cable,
3b92cd3f-1b26-44f5-a93d-2ec7d869eaea,7ee89775-b1d1-45ec-8c5b-7558d89568f5,5,Incline Lateral Raises,Dumbbells,
0ff6459e-96ba-4569-b76a-056a0ae87975,7ee89775-b1d1-45ec-8c5b-7558d89568f5,6,Hanging Leg Raises,Bodyweight,
2ec954cc-3ba3-48d3-9f98-3062bd49fc12,9b5986a9-d1c6-4499-8855-51ed43c4c9f8,1,Good Mornings,Barbell,
54edd6fe-1363-41e3-bb44-63dd355ae678,9b5986a9-d1c6-4499-8855-51ed43c4c9f8,2,Front Squats,Barbell,
30d8c1cf-d7c1-47e0-a5c5-a4d0776b4640,9b5986a9-d1c6-4499-8855-51ed43c4c9f8,3,Incline Bench Press,Dumbbells,
7fb14f20-9735-4b55-b981-cc022fb712d3,9b5986a9-d1c6-4499-8855-51ed43c4c9f8,4,One-Arm Rows,Dumbbells,
dadf0ea8-ccd0-49a4-8d8c-127bbc6cb999,9b5986a9-d1c6-4499-8855-51ed43c4c9f8,5,Incline Reverse Flys,Dumbbells,
86fb3289-b385-4e7b-9019-79f708bd46e8,9b5986a9-d1c6-4499-8855-51ed43c4c9f8,6,Incline Curls,Dumbbells,
30bf9acc-7d74-4504-8ee9-ae1b71a6f155,9b5986a9-d1c6-4499-8855-51ed43c4c9f8,7,Standing Calf Raises,Bodyweight,
6dde688c-4eca-4fba-9d1a-806089b76d9d,ca1dce37-ad6b-4a7b-800b-05313896d392,1,Bench Press,Barbell,
1f017139-be45-4609-a37a-77005295ed2a,ca1dce37-ad6b-4a7b-800b-05313896d392,2,Rows with Wide Neutral Grip,Cable,
9c765567-7d7d-4342-a30c-5fcaf2623b0d,ca1dce37-ad6b-4a7b-800b-05313896d392,3,Squats,Barbell,
5f85245c-ca2b-4e47-a74e-62fd6172df18,ca1dce37-ad6b-4a7b-800b-05313896d392,4,Romanian Deadlifts,Dumbbells,
16ed7e0e-2628-4835-ad47-9be5f094de5c,ca1dce37-ad6b-4a7b-800b-05313896d392,5,JM Press,Barbell,
adaffa8c-05e9-419d-adea-c146cb391fd7,ca1dce37-ad6b-4a7b-800b-05313896d392,6,Concentration Hammer Curls,Dumbbells,
c39607da-441b-40c6-a816-83d88aedd0ae,ca1dce37-ad6b-4a7b-800b-05313896d392,7,Standing Calf Raises,Smith machine,
af02b70b-4646-4f08-8983-29f720abcced,37574ddd-4311-48cf-acd5-5583b6b957ef,1,Pull-Ups with Close Overhand Grip,Bodyweight,
a508682e-46c0-4094-9bce-f96b3d7e19bd,37574ddd-4311-48cf-acd5-5583b6b957ef,2,Incline Rows,Dumbbells,
453d8ff9-213d-49d4-917f-aeff4bf99199,37574ddd-4311-48cf-acd5-5583b6b957ef,3,Deficit Deadlifts,Trap bar,
779fa8f9-91d6-450b-aece-bd7800311037,37574ddd-4311-48cf-acd5-5583b6b957ef,4,Hammer Curls (Tri bar),EZ Curl Bar,
c89cd19d-0c91-4238-871b-ee8eb945cd6d,37574ddd-4311-48cf-acd5-5583b6b957ef,5,One-Arm Lateral Raises at Hip Height,Cable,
7b334f69-b798-4aee-bf85-cc99709605aa,37574ddd-4311-48cf-acd5-5583b6b957ef,6,Bent-Over Lateral Raises,Dumbbells,
4a89a49f-93a9-42dc-9ba2-f97eea06942b,37574ddd-4311-48cf-acd5-5583b6b957ef,7,Shrugs,Trap bar,
1ee798cc-e51b-423c-9a8b-1cae2fc5d1b6,b10544eb-898b-49ac-8506-1e0564432dc6,1,Incline Bench Press 20°,Dumbbells,
5f5d7f7a-0c5b-4926-a1a9-bf648f16e4d8,b10544eb-898b-49ac-8506-1e0564432dc6,2,Flys,Dumbbells,
5665d5ef-7837-456c-b5e9-8e035c1a30f7,b10544eb-898b-49ac-8506-1e0564432dc6,3,Sumo Deadlifts,Barbell,
25e571bc-51d1-4560-b235-1a83a12df0e7,b10544eb-898b-49ac-8506-1e0564432dc6,4,Goblet Squats,Dumbbells,
00a3b9b5-345b-49d9-af42-9ba2d6bdee5d,b10544eb-898b-49ac-8506-1e0564432dc6,5,Triceps Pushdowns with Rope,Cable,
891cb3f0-94a4-4d0c-84e1-c2f965d3a52d,b10544eb-898b-49ac-8506-1e0564432dc6,6,Standing Calf Raises,Smith machine,
0653b6d6-12a6-4b5f-a96f-91b49d36681f,b10544eb-898b-49ac-8506-1e0564432dc6,7,Hanging Leg Raises,Bodyweight,
fffe601a-0dcc-4ab7-a868-c8229103124a,383a6bc1-28d3-4e50-b847-d387cd787acc,1,Romanian Deadlifts,Barbell,
432bafb1-923d-4209-bdf7-0a829f106921,383a6bc1-28d3-4e50-b847-d387cd787acc,2,Romanian Deadlifts,Trap bar,
ff17de92-52f5-40f2-8e81-cb40fd12cb6c,383a6bc1-28d3-4e50-b847-d387cd787acc,3,Rows with Wide Neutral Grip,Cable,
ce3ab1d5-dd3b-413f-92c9-dcf7ba3f2ea2,383a6bc1-28d3-4e50-b847-d387cd787acc,4,Pullovers with Rope,Cable,
bb50123b-3417-4e3a-b464-68cf75581254,383a6bc1-28d3-4e50-b847-d387cd787acc,5,Curls,Barbell,
e7686179-2c66-4b8c-a2f4-a58e0f965f47,383a6bc1-28d3-4e50-b847-d387cd787acc,6,Lateral Raises,Dumbbells,
41a2842d-ca7e-453e-87d0-eece8490b1cc,383a6bc1-28d3-4e50-b847-d387cd787acc,7,Incline Reverse Flys,Dumbbells,
61b2c3e0-bab1-4fa5-bb19-974b1f6ac314,8e4988cb-2e3b-448e-a859-96eb7d567046,1,Bench Press,Barbell,
3647a8e7-bbd6-4cc6-8be1-95e8339908aa,8e4988cb-2e3b-448e-a859-96eb7d567046,2,Incline Flys,Dumbbells,
a0754f65-6c15-4998-a647-fe0654638355,8e4988cb-2e3b-448e-a859-96eb7d567046,3,Squats,Barbell,
60b06c82-1d80-4164-94ff-5298edf582b6,8e4988cb-2e3b-448e-a859-96eb7d567046,4,Hip Thrusts,Barbell,
3c7acb88-a279-47be-b963-b8d2bc4365c0,8e4988cb-2e3b-448e-a859-96eb7d567046,5,Bench Press with Close Grip,Barbell,
fcd95ddb-7938-4c28-95eb-8e1316734ba8,8e4988cb-2e3b-448e-a859-96eb7d567046,6,Arnold Press,Dumbbells,
d9926c68-ca1c-49eb-86b1-d2d0ae62cab0,8e4988cb-2e3b-448e-a859-96eb7d567046,7,Kneeling Side Crunches,Cable,
6dc8cd5c-7f6b-494c-92f7-f566480bef31,3e25f0c3-b2d6-4c55-9c40-480db3507c15,1,Pull-Ups with Close Overhand Grip,Bodyweight,
5062ed2b-218f-48be-b40a-5cf12f50ea63,3e25f0c3-b2d6-4c55-9c40-480db3507c15,2,Incline Rows,Dumbbells,
70b414fb-c7df-49ce-b99c-2321778cbcb1,3e25f0c3-b2d6-4c55-9c40-480db3507c15,3,Deficit Deadlifts,Trap bar,
99d75a91-2d4c-4ce9-8132-11db2f01679d,3e25f0c3-b2d6-4c55-9c40-480db3507c15,4,Hammer Curls (Tri bar),EZ Curl Bar,
f31e5548-08dd-4f7c-a3dd-0bbea32a5a8b,3e25f0c3-b2d6-4c55-9c40-480db3507c15,5,One-Arm Lateral Raises at Hip Height,Cable,
b88e06fa-48f8-4644-8bca-6edbbbe879b1,3e25f0c3-b2d6-4c55-9c40-480db3507c15,6,Bent-Over Lateral Raises,Dumbbells,
761b9213-a694-4d28-a0ba-2478072ab00f,3e25f0c3-b2d6-4c55-9c40-480db3507c15,7,Shrugs,Trap bar,
57821d11-e4b1-41b8-a4ff-d87ef6a64978,836f3786-40b7-4a84-9419-255fe71698aa,1,Incline Bench Press 20°,Dumbbells,
f455f3ff-f639-48b2-9338-ee96bd9832e8,836f3786-40b7-4a84-9419-255fe71698aa,2,Flys,Dumbbells,
1ba020ef-568a-4053-aa8c-07e2e9738c00,836f3786-40b7-4a84-9419-255fe71698aa,3,Sumo Deadlifts,Barbell,
cf1c1f97-d254-4e41-aad1-7cbd35eef331,836f3786-40b7-4a84-9419-255fe71698aa,4,Goblet Squats,Dumbbells,
3efd2de5-f3dd-4fae-a427-c348d1f77f9a,836f3786-40b7-4a84-9419-255fe71698aa,5,Triceps Pushdowns with Rope,Cable,
2acdc198-f0e0-4d58-a4b8-eae704eae196,836f3786-40b7-4a84-9419-255fe71698aa,6,Hanging Leg Raises,Bodyweight,
ffc3674f-bd90-4f4c-9aff-97657abf4a96,836f3786-40b7-4a84-9419-255fe71698aa,7,Standing Calf Raises,Smith machine,
50eee70a-3f94-4b76-8fcc-32f446d5f6bf,282e7869-330c-4a4b-b3bc-703c9af29a34,1,Romanian Deadlifts,Barbell,
37b9bcf0-a421-44a4-8c1c-f6d75af5a4a3,282e7869-330c-4a4b-b3bc-703c9af29a34,2,Romanian Deadlifts,Trap bar,
5fcd58a2-57ec-41f4-a8fc-447c5bd7a00a,282e7869-330c-4a4b-b3bc-703c9af29a34,3,Rows with Wide Neutral Grip,Cable,
19c8abda-961f-4da5-9ca0-1b75029d5c0a,282e7869-330c-4a4b-b3bc-703c9af29a34,4,Pullovers with Rope,Cable,
df38dd62-6700-4d57-8407-fa35ce82aeec,282e7869-330c-4a4b-b3bc-703c9af29a34,5,Curls,Barbell,
aede3ba0-eab6-4bfc-8a24-3577c7d166f4,282e7869-330c-4a4b-b3bc-703c9af29a34,6,Lateral Raises,Dumbbells,
b328656d-17e5-49ab-809d-babeb86b8823,282e7869-330c-4a4b-b3bc-703c9af29a34,7,Incline Reverse Flys,Dumbbells,
3001a3c9-2379-403f-9338-f140dd1de5a8,98992d5c-869e-4db2-b295-c638c8d617c8,1,Bench Press,Barbell,
9237425d-8915-4b3b-b4f2-f739b09e1a70,98992d5c-869e-4db2-b295-c638c8d617c8,2,Decline Bench Press,Barbell,
5fafd8bf-affa-4132-951f-04d9af44a8f8,98992d5c-869e-4db2-b295-c638c8d617c8,3,Bench Press with Close Grip,Barbell,
5c0d8438-f931-4a20-8d7d-60e43eab73d8,98992d5c-869e-4db2-b295-c638c8d617c8,4,Arnold Press,Dumbbells,
27b6ffe9-5b86-4c7c-8dcb-191b4bb3ac63,98992d5c-869e-4db2-b295-c638c8d617c8,5,Kneeling Side Crunches,Cable,
bc650540-9082-43de-b796-a7e95f0fdd52,db314812-c03e-4973-9745-15127c38e4bc,1,Romanian Deadlifts,Barbell,
eed0fd98-841b-4bd3-aa38-90d026deb0f5,db314812-c03e-4973-9745-15127c38e4bc,2,Rows with Wide Neutral Grip,Cable,
bc6ab398-b447-469c-aeb5-6123a51b6d89,db314812-c03e-4973-9745-15127c38e4bc,3,Pullovers with Rope,Cable,
515b9a99-bc69-432d-a689-d727a3db18fd,db314812-c03e-4973-9745-15127c38e4bc,4,Curls,Barbell,
2f0cfa52-aad1-4085-81a9-fc1c9504e57f,db314812-c03e-4973-9745-15127c38e4bc,5,Lateral Raises,Dumbbells,
f43502ba-034c-4726-9163-b86c4a37793f,db314812-c03e-4973-9745-15127c38e4bc,6,Incline Reverse Flys,Dumbbells,
8703ad0a-5c23-4f39-a88f-c2e0e48220b8,957cc436-549e-4d22-b307-28889b802435,1,Incline Bench Press 20°,Dumbbells,
2bcd5214-bd81-46e8-9669-1e57ac5d30cb,957cc436-549e-4d22-b307-28889b802435,2,Flys,Dumbbells,
eb7edcf6-c34b-457c-9bb5-7e64a7a28a8a,957cc436-549e-4d22-b307-28889b802435,3,Forward Lunges,Dumbbells,
076115a0-c4af-495e-85cd-9e1b333586fd,957cc436-549e-4d22-b307-28889b802435,4,Goblet Squats,Dumbbells,
c774ef90-4d85-4fd6-a6b9-652821e7c00b,957cc436-549e-4d22-b307-28889b802435,5,Triceps Pushdowns with Rope,Cable,
af68f466-4957-418a-a14d-8c79155a102a,957cc436-549e-4d22-b307-28889b802435,6,Hanging Leg Raises,Bodyweight,
33b77c80-ec93-419c-b24c-f2b978413b2f,b67b8ce1-dd14-4776-93fe-db79a8f47968,1,Pull-Ups with Close Overhand Grip,Bodyweight,
785d9b98-aa4f-4ab8-a0bf-862b8267a693,b67b8ce1-dd14-4776-93fe-db79a8f47968,2,Incline Rows,Dumbbells,
719330cd-3190-47f1-9b88-71f109083a5e,b67b8ce1-dd14-4776-93fe-db79a8f47968,3,Deficit Deadlifts,Trap bar,
8397ae0d-f214-44ea-8f1b-ab4a0e4c95aa,b67b8ce1-dd14-4776-93fe-db79a8f47968,4,Hammer Curls,Dumbbells,
20c83c74-abcf-4afa-a073-edb224b30fac,b67b8ce1-dd14-4776-93fe-db79a8f47968,5,Upright Rows,EZ Curl Bar,
8a3258ea-4aef-429f-9d64-9080439dc9a4,b67b8ce1-dd14-4776-93fe-db79a8f47968,6,Bent-Over Lateral Raises,Dumbbells,
2a4198e3-8f41-4cca-a887-86c1611b9fa0,b67b8ce1-dd14-4776-93fe-db79a8f47968,7,Kneeling Side Crunches,Cable,
bbb941d7-0297-448d-af7c-f01d80f4d1fc,6e1a9d48-ff5f-446b-a47a-5008989f0dab,1,Squats,Barbell,
f8a06444-38d9-466a-ad09-e0e6eae44624,6e1a9d48-ff5f-446b-a47a-5008989f0dab,2,Romanian Deadlifts,Barbell,
e93b10d6-bf1b-4ae5-8c0a-c6e88c827ff0,6e1a9d48-ff5f-446b-a47a-5008989f0dab,3,Bench Press,Barbell,
0173e3ed-ab9d-4bdd-bef5-27265e61c288,6e1a9d48-ff5f-446b-a47a-5008989f0dab,4,Incline Bench Press,Dumbbells,
dbf91811-ac51-434e-8da4-22fba87294ff,6e1a9d48-ff5f-446b-a47a-5008989f0dab,5,Lat Pulldowns with Wide Overhand Grip,Cable,
d662b027-8037-4c74-8ace-7898fc98f69f,6e1a9d48-ff5f-446b-a47a-5008989f0dab,6,Lateral Raises,Dumbbells,
a7779396-b4ad-49fe-94b6-dfe8b9cc081b,6e1a9d48-ff5f-446b-a47a-5008989f0dab,7,Twist Curls,Dumbbells,
12d2e7cc-0516-4d55-9542-c90e471c6e26,6e1a9d48-ff5f-446b-a47a-5008989f0dab,8,Overhead Triceps Extensions,Dumbbells,
ff9a8022-4a50-4690-a6c4-c2520008df9f,6e1a9d48-ff5f-446b-a47a-5008989f0dab,9,Crunches,Bodyweight,
e0f1ff39-bd4e-44cb-b924-0e715ae1823a,ed192902-e8c1-4c07-869e-b7eecf6b038e,1,Bench Press,Barbell,
1e13fcd7-07ba-4631-aeb7-fbb2c59a81e4,ed192902-e8c1-4c07-869e-b7eecf6b038e,2,Incline Flys,Dumbbells,
6974ef72-2f61-4bff-98cf-79cf59ebf939,ed192902-e8c1-4c07-869e-b7eecf6b038e,3,Squats,Barbell,
f667fa07-e0dd-4545-87ee-0e6c1098bf0d,ed192902-e8c1-4c07-869e-b7eecf6b038e,4,Hip Thrusts,Barbell,
12fa9ae5-ae8f-4e51-bdd7-8e7b3271f23b,ed192902-e8c1-4c07-869e-b7eecf6b038e,5,Bench Press with Close Grip,Barbell,
1fc83b14-8975-4cd3-b930-36996a3e5db0,ed192902-e8c1-4c07-869e-b7eecf6b038e,6,Arnold Press,Dumbbells,
336270a5-f943-40e3-a617-6b01f373b1ca,19cc651e-7e36-45a6-8214-022587b25b2d,1,Pull-Ups with Close Overhand Grip,Bodyweight,
eb46256e-7285-4684-8a9d-2c3f184c35f3,19cc651e-7e36-45a6-8214-022587b25b2d,2,Incline Rows,Dumbbells,
3e9d9707-9540-4cbb-b02a-406c771acaaf,19cc651e-7e36-45a6-8214-022587b25b2d,3,Deficit Deadlifts,Trap bar,
c76c866e-72e4-4d1d-9f0a-1082b6ed9c1c,19cc651e-7e36-45a6-8214-022587b25b2d,4,Hammer Curls,Dumbbells,
5de12c6c-d4bd-4822-b664-1e46e72b2573,19cc651e-7e36-45a6-8214-022587b25b2d,5,One-Arm Lateral Raises at Hip Height,Cable,
e705cb44-04fc-4296-8316-46ca9175bddb,19cc651e-7e36-45a6-8214-022587b25b2d,6,Bent-Over Lateral Raises,Dumbbells,
b6bf0e7b-258a-4275-a360-4f2adb764298,19cc651e-7e36-45a6-8214-022587b25b2d,7,Shrugs,Barbell,
f0b0b0e0-42c7-427f-9645-da135e6b3da4,5997eb39-304f-4ff6-8c03-019fba936ed9,1,Incline Bench Press 20°,Dumbbells,
665b5311-41b9-4017-acef-b0c43b06bda8,5997eb39-304f-4ff6-8c03-019fba936ed9,2,Flys,Dumbbells,
7affe98a-2202-4cee-8fae-3ada32333f9e,5997eb39-304f-4ff6-8c03-019fba936ed9,3,Forward Lunges,Dumbbells,
375da895-46dc-4ce7-8e31-11d003047be9,5997eb39-304f-4ff6-8c03-019fba936ed9,4,Goblet Squats,Dumbbells,
464c54e2-17f9-49e5-8ecb-46430af77fe5,5997eb39-304f-4ff6-8c03-019fba936ed9,5,Triceps Pushdowns with Rope,Cable,
da8609d6-ca12-4bf5-89f3-b3209545bf97,5997eb39-304f-4ff6-8c03-019fba936ed9,6,Hanging Leg Raises,Bodyweight,
a71d3cf5-61ee-44e7-af04-74b5f0efe9e0,5997eb39-304f-4ff6-8c03-019fba936ed9,7,Standing Calf Raises,Smith machine,
b9c413a0-5f8e-4e97-94ca-aac7610a4c60,5b0e852f-07f8-4e4e-a0ca-80f4f5eb1091,1,Romanian Deadlifts,Barbell,
b2790cf1-4fec-4eaf-960a-8d2578e78989,5b0e852f-07f8-4e4e-a0ca-80f4f5eb1091,2,Romanian Deadlifts,Trap bar,
2a8d13d6-d4f1-4032-af51-81e58a7a5e28,5b0e852f-07f8-4e4e-a0ca-80f4f5eb1091,3,Rows with Wide Neutral Grip,Cable,
a9a0642d-8a18-4a51-a309-bc7ad1e8723e,5b0e852f-07f8-4e4e-a0ca-80f4f5eb1091,4,Pullovers with Rope,Cable,
d075c528-442d-4589-a766-72f0818d7d72,5b0e852f-07f8-4e4e-a0ca-80f4f5eb1091,5,Curls,Barbell,
d5d58a13-21fe-4790-ab1e-d3c6a149dad0,5b0e852f-07f8-4e4e-a0ca-80f4f5eb1091,6,Lateral Raises,Dumbbells,
c3526ad3-ff96-4c0f-9aa6-fb483319c7de,5b0e852f-07f8-4e4e-a0ca-80f4f5eb1091,7,Incline Reverse Flys,Dumbbells,
4a7b2652-ac96-4c76-895f-02603c13ff91,e79740a5-330e-4ed0-87f5-af45650b5b4c,1,Bench Press,Barbell,
8e1dd998-5b9e-438b-b155-f03b4825b924,e79740a5-330e-4ed0-87f5-af45650b5b4c,2,Incline Flys,Dumbbells,
eadea110-4e6a-42c2-983b-57f1b3b99131,e79740a5-330e-4ed0-87f5-af45650b5b4c,3,Squats,Barbell,
2bbca39a-47fb-4ce0-9692-220110936497,e79740a5-330e-4ed0-87f5-af45650b5b4c,4,Hip Thrusts,Barbell,
32186fc8-83d7-4a58-86fe-2fe9247f53c4,e79740a5-330e-4ed0-87f5-af45650b5b4c,5,Bench Press with Close Grip,Barbell,
4028e88c-6b32-45e0-843f-8a07ca7b5c5b,e79740a5-330e-4ed0-87f5-af45650b5b4c,6,Arnold Press,Dumbbells,
c2c3e751-cbc0-4180-8045-ccdc2c5a2bc9,e79740a5-330e-4ed0-87f5-af45650b5b4c,7,Side Sit-Ups,Bodyweight,
263d6705-dde1-42eb-b131-8c1eb51dda0b,8469a391-25dc-4f34-b45d-1e331119a629,1,Incline Bench Press,Barbell,
23fd98f4-6360-4bed-ad56-fbd327aad734,8469a391-25dc-4f34-b45d-1e331119a629,2,Bench Press,Dumbbells,
158fcae6-db89-40c3-a39f-4646f3dbad15,8469a391-25dc-4f34-b45d-1e331119a629,3,Rows with Wide Grip,Cable,
b2597fde-7107-4828-a554-a2abca4cfc5d,8469a391-25dc-4f34-b45d-1e331119a629,4,One-Arm Rows with Reverse Grip,Dumbbells,
9bd0db87-ff96-4918-9666-08c480813a37,8469a391-25dc-4f34-b45d-1e331119a629,5,Lateral Raises,Dumbbells,
6f9691ff-68ed-4510-8370-22d656c9a56f,8469a391-25dc-4f34-b45d-1e331119a629,6,Bent-Over Lateral Raises,Dumbbells,
43adf23f-08a1-4e50-863a-51593e806151,8469a391-25dc-4f34-b45d-1e331119a629,7,Hammer Curls,Dumbbells,
f39c1ffa-54b6-4d80-a599-8aa2685ebc66,d31e4516-54d4-4e26-b4a2-53deeca3b4c9,1,Incline Bench Press 20°,Dumbbells,
d8b6cb25-ec43-4a10-aaae-ff416f8c92c5,d31e4516-54d4-4e26-b4a2-53deeca3b4c9,2,Lat Pulldowns with Wide Overhand Grip,Cable,
0cf4433f-97e6-4edb-9ee6-c5d76dab3fcf,d31e4516-54d4-4e26-b4a2-53deeca3b4c9,3,Deadlifts,Trap bar,
ccdde9f3-f711-40b4-b034-96865e8dcfa1,d31e4516-54d4-4e26-b4a2-53deeca3b4c9,4,Good Mornings,Barbell,
b985e0c5-d551-45f4-b9ae-6e80640a5180,d31e4516-54d4-4e26-b4a2-53deeca3b4c9,5,Triceps Kickbacks,Cable,
cede46ec-2822-4a1d-aa32-504f3b42e93a,d31e4516-54d4-4e26-b4a2-53deeca3b4c9,6,Twist Curls,Dumbbells,
3757e5f7-a78c-4d81-9428-ad625f58f8de,d31e4516-54d4-4e26-b4a2-53deeca3b4c9,7,Crunches,Bodyweight,
0d5c2602-9690-48d9-af59-f421d062f3ab,fcc41645-2b74-481c-b5d0-f7043210ac27,1,Bench Press,Barbell,
ccff1e99-e8ff-48e0-8376-32fb273fe456,fcc41645-2b74-481c-b5d0-f7043210ac27,2,Incline Bench Press,Dumbbells,
7c6d8efa-9892-44b4-8ab9-6120b80e4dc4,fcc41645-2b74-481c-b5d0-f7043210ac27,3,Lat Pulldowns with Close Overhand Grip,Cable,
0fb9c3b8-bb21-4b9b-a8ca-584be9cf1c48,fcc41645-2b74-481c-b5d0-f7043210ac27,4,Rows with Close Grip,Cable,
73b18c04-c2d2-4c7c-b5cf-bb7c8cb7fb38,fcc41645-2b74-481c-b5d0-f7043210ac27,5,Triceps Pushdowns,Cable,
93adce05-7309-4429-a2c8-a7b1ab9c06c0,fcc41645-2b74-481c-b5d0-f7043210ac27,6,Upright Rows,EZ Curl Bar,
0fa7f20e-961a-40cc-bf58-ed1332d342c1,fcc41645-2b74-481c-b5d0-f7043210ac27,7,Curls,Dumbbells,
fedbbfd4-8c6f-42d4-b532-2d58e7b6c481,5dfc5a57-e592-4d5f-94b4-92230ac014e6,1,Deadlifts,Barbell,
a049e6ae-32e6-4591-94d2-51ab2917f82f,5dfc5a57-e592-4d5f-94b4-92230ac014e6,2,Squats,Barbell,
b8799647-8b43-4c27-8e3f-c438ed5835ab,5dfc5a57-e592-4d5f-94b4-92230ac014e6,3,Standing Calf Raises,Bodyweight,
8a560f18-4924-4fce-897e-14f086dc7833,5dfc5a57-e592-4d5f-94b4-92230ac014e6,4,Side Sit-Ups,Bodyweight,
45dc710c-95fc-4df8-b9e5-7b081ce8e44f,5dfc5a57-e592-4d5f-94b4-92230ac014e6,5,Hanging Leg Raises,Bodyweight,
e12803b4-bf9d-47c2-a8d9-5c742d2e8710,11946410-3d44-4c2f-b06d-da3bf96c1d41,1,Incline Bench Press,Barbell,
b1c7546b-b6aa-40dd-8f6c-ef87dc77d72c,11946410-3d44-4c2f-b06d-da3bf96c1d41,2,Bench Press,Dumbbells,
8caada1a-b275-449f-bf0f-6fd43323b25e,11946410-3d44-4c2f-b06d-da3bf96c1d41,3,Rows with Wide Grip,Cable,
fb5693cc-4fec-462a-bfe2-422e9b4f8ca7,11946410-3d44-4c2f-b06d-da3bf96c1d41,4,One-Arm Rows with Reverse Grip,Dumbbells,
0d23982a-c06c-40d0-914c-5a45bf22912d,11946410-3d44-4c2f-b06d-da3bf96c1d41,5,Lateral Raises,Dumbbells,
8d0ff8f8-52b7-4b69-9377-e38835522267,11946410-3d44-4c2f-b06d-da3bf96c1d41,6,Bent-Over Lateral Raises,Dumbbells,
7a69f667-c490-49dc-9c04-007ca51c65d7,11946410-3d44-4c2f-b06d-da3bf96c1d41,7,Hammer Curls,Dumbbells,Superset 1
441b3ee5-915a-48ba-9498-eb54863fe43a,11946410-3d44-4c2f-b06d-da3bf96c1d41,8,Push-Ups with Close Grip,Bodyweight,Superset 1
7ec63e6c-3bdc-4751-a127-4a1ebe0b3605,efd82230-f55e-4c2c-a453-72488e9d42f5,1,Incline Bench Press 20°,Dumbbells,
62d4e371-cbfc-4533-a83b-d6583742722b,efd82230-f55e-4c2c-a453-72488e9d42f5,2,Lat Pulldowns with Wide Overhand Grip,Cable,
51dd8cdc-dfde-43e6-accd-8c2eb7afcf53,efd82230-f55e-4c2c-a453-72488e9d42f5,3,Deadlifts,Trap bar,
c35b3931-827b-424c-848f-269ec5c4b132,efd82230-f55e-4c2c-a453-72488e9d42f5,4,Good Mornings,Barbell,
5b11df67-6429-455e-9def-23d6107a906f,efd82230-f55e-4c2c-a453-72488e9d42f5,5,Triceps Kickbacks,Cable,
776a57c2-6ab3-45c5-a339-0982c597e2b2,efd82230-f55e-4c2c-a453-72488e9d42f5,6,Concentration Twist Curls,Dumbbells,
9034ac21-0dde-4503-8221-adab80d40833,efd82230-f55e-4c2c-a453-72488e9d42f5,7,Crunches,Bodyweight,
277747bf-ee2c-4316-99b2-a90bcd0116b5,6de50466-c753-4e54-bf16-37d2318da13c,1,Bench Press,Barbell,
5f9fd5c1-4d37-4baf-868d-dcbd3f5a709f,6de50466-c753-4e54-bf16-37d2318da13c,2,Incline Bench Press,Dumbbells,
a80ee7bf-63a1-476b-94bf-2141fc012df4,6de50466-c753-4e54-bf16-37d2318da13c,3,Lat Pulldowns with Close Overhand Grip,Cable,
1766cd00-2994-4de6-8ec6-b2a2f398c0da,6de50466-c753-4e54-bf16-37d2318da13c,4,Rows with Close Grip,Cable,
38f555ee-c589-43ad-8c27-471bb53d9ea7,6de50466-c753-4e54-bf16-37d2318da13c,5,Triceps Pushdowns,Cable,
7e5e0912-4a84-4c4a-8519-f9842fcbf5d7,6de50466-c753-4e54-bf16-37d2318da13c,6,Upright Rows,EZ Curl Bar,
eb8f44ea-3ec8-40f8-af9a-14183ca25a83,6de50466-c753-4e54-bf16-37d2318da13c,7,Curls,Dumbbells,
4f7b3066-f9ac-4459-ac2b-024ae16ac71e,23eda734-6fb5-490f-adb2-4b86c7eaacc2,1,Deadlifts,Barbell,
dae7a277-17c1-449f-a42f-c24828ae7fdf,23eda734-6fb5-490f-adb2-4b86c7eaacc2,2,Reverse Lunges,Dumbbells,
dacd9b14-4370-4a7b-99c3-7dd891a3bd3a,23eda734-6fb5-490f-adb2-4b86c7eaacc2,3,Squats,Barbell,
eb13aeba-2961-4353-991e-628d43a779b8,23eda734-6fb5-490f-adb2-4b86c7eaacc2,4,Side Sit-Ups,Bodyweight,
a80ba188-b505-40df-960d-04b123dec065,23eda734-6fb5-490f-adb2-4b86c7eaacc2,5,Hanging Leg Raises,Bodyweight,
86627a32-9785-4fc2-8445-39bb2b161509,65d985c3-25d7-436d-84bf-e595ea6f149d,1,Incline Bench Press,Barbell,
13ac22bc-6246-4e2a-aaa0-da4353d0b62d,65d985c3-25d7-436d-84bf-e595ea6f149d,2,Bench Press,Dumbbells,
78e71cd9-eb73-45c0-ae55-246039bbd76d,65d985c3-25d7-436d-84bf-e595ea6f149d,3,Rows with Wide Grip,Cable,
3a71bc5f-2f16-4566-9ace-bab02cef25f4,65d985c3-25d7-436d-84bf-e595ea6f149d,4,One-Arm Rows with Reverse Grip,Dumbbells,
c82c80cb-2905-4073-a5a7-232d447f6ff9,65d985c3-25d7-436d-84bf-e595ea6f149d,5,Lateral Raises,Dumbbells,
f3ce48e0-42de-42b4-8b95-9ffa199e1096,65d985c3-25d7-436d-84bf-e595ea6f149d,6,Bent-Over Lateral Raises,Dumbbells,
3638970d-19a4-4503-be3f-d0b922ea6ab3,65d985c3-25d7-436d-84bf-e595ea6f149d,7,Hammer Curls,Dumbbells,Superset 1
1be1e15e-9a60-4685-88f7-b557ba089cd0,65d985c3-25d7-436d-84bf-e595ea6f149d,8,Push-Ups with Close Grip,Bodyweight,Superset 1
00f7ef5c-cdad-4db6-b7bb-bdc9ed6a0b78,af21fffa-34ad-4cfc-9aec-7fd9d5852176,1,Incline Bench Press 20°,Dumbbells,
5a0bfbf9-2555-4772-9eff-fde01ab0e8d8,af21fffa-34ad-4cfc-9aec-7fd9d5852176,2,Lat Pulldowns with Wide Overhand Grip,Cable,
5acae7d1-84fd-468b-b1e0-4bcd0dd4a38d,af21fffa-34ad-4cfc-9aec-7fd9d5852176,3,Deadlifts,Trap bar,
00c78c6f-f3e1-4058-9643-16beb201dc63,af21fffa-34ad-4cfc-9aec-7fd9d5852176,4,Good Mornings,Barbell,
24f0a670-e384-4105-92d8-23505a446437,af21fffa-34ad-4cfc-9aec-7fd9d5852176,5,Triceps Kickbacks,Cable,
27289c0e-d7d1-4428-af03-1788bf703c52,af21fffa-34ad-4cfc-9aec-7fd9d5852176,6,Concentration Twist Curls,Dumbbells,
3cde1d0b-df8b-43b2-b34b-300d1392a40a,af21fffa-34ad-4cfc-9aec-7fd9d5852176,7,Crunches,Bodyweight,
7a1cecb8-afec-4894-a535-c8b16b6a30e2,a3d9541c-37ac-4955-b0d8-f20773ff7459,1,Bench Press,Barbell,
fc92e640-9e54-4baa-b656-6627119dfc37,a3d9541c-37ac-4955-b0d8-f20773ff7459,2,Incline Bench Press,Dumbbells,
3170c055-e04e-45e6-9928-fd5423e2b505,a3d9541c-37ac-4955-b0d8-f20773ff7459,3,Lat Pulldowns with Close Overhand Grip,Cable,
f812c58e-377d-452d-bf41-705714ee542e,a3d9541c-37ac-4955-b0d8-f20773ff7459,4,Rows with Close Grip,Cable,
09d11f20-6722-48aa-a7d6-1ca1b86c0cfe,a3d9541c-37ac-4955-b0d8-f20773ff7459,5,Triceps Pushdowns,Cable,
214f2be0-e18b-4f8a-b4c0-264b11cfe73e,a3d9541c-37ac-4955-b0d8-f20773ff7459,6,Upright Rows,EZ Curl Bar,
5f727ea9-7c04-40b9-9ec2-01e2e87ce4dd,a3d9541c-37ac-4955-b0d8-f20773ff7459,7,Curls,Dumbbells,
8c63e699-ac8d-42bb-b632-642b862feea4,d45d232b-cbff-49de-b145-31352250d179,1,Deadlifts,Barbell,
431f39ce-52c6-44fe-9752-4dee9a30b1e9,d45d232b-cbff-49de-b145-31352250d179,2,Reverse Lunges,Dumbbells,
49932998-53c8-4ad8-bc8f-6e234bb315a4,d45d232b-cbff-49de-b145-31352250d179,3,Squats,Barbell,
7c5c039e-0fad-49bc-a3a5-9dc9fff90cf7,d45d232b-cbff-49de-b145-31352250d179,4,Standing Calf Raises,Bodyweight,
5ba00cf0-15f3-48a2-b15d-b5393ce19ac2,d45d232b-cbff-49de-b145-31352250d179,5,Side Sit-Ups,Bodyweight,
6eebead9-f571-48e4-8c51-8f04c21a5a81,d45d232b-cbff-49de-b145-31352250d179,6,Hanging Leg Raises,Bodyweight,
cda4bd70-bdee-43b9-9a4c-b88783012d3d,c5c06b3a-ab1f-439c-bf7c-a345ce191796,1,Incline Bench Press,Barbell,
ba67e73f-2fd3-4085-9d8a-54d0b3f51a7d,c5c06b3a-ab1f-439c-bf7c-a345ce191796,2,Bench Press,Dumbbells,
1312b4de-6f36-4342-bc23-c7dcee20b7fb,c5c06b3a-ab1f-439c-bf7c-a345ce191796,3,Rows with Wide Grip,Cable,
f6dc1150-3543-45d6-8348-b5a4fba97c61,c5c06b3a-ab1f-439c-bf7c-a345ce191796,4,One-Arm Rows with Reverse Grip,Dumbbells,
a08e2663-c1ea-4e4d-a0d1-9840c71bc562,c5c06b3a-ab1f-439c-bf7c-a345ce191796,5,Lateral Raises,Dumbbells,
644c3631-98eb-491f-9767-938684734284,c5c06b3a-ab1f-439c-bf7c-a345ce191796,6,Bent-Over Lateral Raises,Dumbbells,
25f26c52-b5ca-4f19-9b7c-530a5088a88f,c5c06b3a-ab1f-439c-bf7c-a345ce191796,7,Hammer Curls,Dumbbells,Superset 1
f34a1fa5-27aa-417b-bdd9-c597e8173a73,c5c06b3a-ab1f-439c-bf7c-a345ce191796,8,Push-Ups with Close Grip,Bodyweight,Superset 1
b0effc53-f20b-43b9-a28c-3803d7edb77e,1abf1ecc-9bec-41dd-8cd0-238608040a19,1,Incline Bench Press 20°,Dumbbells,
123e5843-3527-49ee-b548-0877a84d98ed,1abf1ecc-9bec-41dd-8cd0-238608040a19,2,Lat Pulldowns with Wide Overhand Grip,Cable,
9fd4b01b-e0da-4200-be39-417596352d50,1abf1ecc-9bec-41dd-8cd0-238608040a19,3,Deadlifts,Trap bar,
f2362119-0928-4fe4-9c06-984b32fb5e52,1abf1ecc-9bec-41dd-8cd0-238608040a19,4,Good Mornings,Barbell,
9e276546-1f0b-4d86-a94b-dae5ecb5e288,1abf1ecc-9bec-41dd-8cd0-238608040a19,5,Triceps Kickbacks,Cable,
31495f93-9218-4bbb-8f22-936f18a8b002,1abf1ecc-9bec-41dd-8cd0-238608040a19,6,Concentration Twist Curls,Dumbbells,
b62a5866-c055-443d-9c7f-cf57b6fe1e3c,1abf1ecc-9bec-41dd-8cd0-238608040a19,7,Crunches,Bodyweight,
e3e11401-80fe-46e5-8f5f-9a33c32018b4,7b175d92-7e20-4f7f-ba35-921d9013ca49,1,Bench Press,Barbell,
7b5d6f6a-f125-44df-83a5-222261c9bff3,7b175d92-7e20-4f7f-ba35-921d9013ca49,2,Incline Bench Press,Dumbbells,
f1a219c2-3d14-48bf-93f7-8c19840a5f85,7b175d92-7e20-4f7f-ba35-921d9013ca49,3,Lat Pulldowns with Close Overhand Grip,Cable,
867f3ae4-3e46-466f-b46b-e0311b95a6a5,7b175d92-7e20-4f7f-ba35-921d9013ca49,4,Rows with Close Grip,Cable,
f8885fb1-26fc-4e75-b620-4891866bc519,7b175d92-7e20-4f7f-ba35-921d9013ca49,5,Triceps Pushdowns,Cable,
6982d706-5716-4c0b-a624-ab76e4e255eb,7b175d92-7e20-4f7f-ba35-921d9013ca49,6,Upright Rows,EZ Curl Bar,
426f652b-77be-47ac-b2cb-307ea36d3870,7b175d92-7e20-4f7f-ba35-921d9013ca49,7,Concentration Curls,Dumbbells,
149535c5-e1c8-48cd-96a3-e2abda35cc42,dd843119-5ee7-4dd7-9144-827444467afb,1,Deadlifts,Barbell,
d424ef79-8d07-4548-88da-48f39c36551f,dd843119-5ee7-4dd7-9144-827444467afb,2,Reverse Lunges,Dumbbells,
7f2bd6c9-93b3-4d80-b67a-75ec4237f7a4,dd843119-5ee7-4dd7-9144-827444467afb,3,Squats,Barbell,
2e397813-a3a2-40a8-88fb-240377f9e346,dd843119-5ee7-4dd7-9144-827444467afb,4,Standing Calf Raises,Bodyweight,
889479c0-da77-472a-9bd0-11d632378183,dd843119-5ee7-4dd7-9144-827444467afb,5,Side Sit-Ups,Bodyweight,
036f668b-e448-485b-bb09-146d63acda5b,dd843119-5ee7-4dd7-9144-827444467afb,6,Hanging Leg Raises,Bodyweight,
850c842b-1d11-4c91-a57c-4f37a460d0c1,42e69e3e-6d0a-4951-8cd4-81c420f921e9,1,Incline Bench Press,Barbell,
4c757922-cad5-4cb7-9752-a0c4e01bff7a,42e69e3e-6d0a-4951-8cd4-81c420f921e9,2,Bench Press,Dumbbells,
56aada42-1726-4cac-be35-21e8a71a77d0,42e69e3e-6d0a-4951-8cd4-81c420f921e9,3,Rows with Wide Grip,Cable,
391af732-72f9-4a14-abb2-f072161e52ab,42e69e3e-6d0a-4951-8cd4-81c420f921e9,4,One-Arm Rows with Reverse Grip,Dumbbells,
86244879-287e-481a-8fff-789b8f62a813,42e69e3e-6d0a-4951-8cd4-81c420f921e9,5,Lateral Raises,Dumbbells,
80e52b22-bdcc-407e-8743-4c7693a8d1d0,42e69e3e-6d0a-4951-8cd4-81c420f921e9,6,Bent-Over Lateral Raises,Dumbbells,
adb55aa1-ccac-4a58-a2c1-6815417a6779,42e69e3e-6d0a-4951-8cd4-81c420f921e9,7,Twist Curls,Dumbbells,Superset 1
de7615d4-7d56-4d11-9c42-bbcb394bb2a8,42e69e3e-6d0a-4951-8cd4-81c420f921e9,8,Push-Ups with Close Grip,Bodyweight,Superset 1
fb34745c-41fa-47da-a047-3c31fddba681,5a2d99cd-f93f-4417-abe2-9ea042d2b05f,1,Incline Bench Press 20°,Dumbbells,
8db2c963-c6f5-4236-8160-2945080f614a,5a2d99cd-f93f-4417-abe2-9ea042d2b05f,2,Lat Pulldowns with Wide Overhand Grip,Cable,
c3114e7e-b30b-4547-ae41-26702713d6df,5a2d99cd-f93f-4417-abe2-9ea042d2b05f,3,Deadlifts,Trap bar,
c1c12b45-e7e1-4388-805b-9ddada38e225,5a2d99cd-f93f-4417-abe2-9ea042d2b05f,4,Good Mornings,Barbell,
92bf584c-8562-4073-892c-dbf4abe31e9d,5a2d99cd-f93f-4417-abe2-9ea042d2b05f,5,Triceps Kickbacks,Cable,
f73c8889-a612-46a5-9f32-527465ead0b4,5a2d99cd-f93f-4417-abe2-9ea042d2b05f,6,Concentration Twist Curls,Dumbbells,
217e9784-5a8b-48da-8f0f-0b26808629d8,5a2d99cd-f93f-4417-abe2-9ea042d2b05f,7,Crunches,Bodyweight,
0163c6c7-20cf-4e7a-8dd5-cbc782a1ca3d,0dea1b6e-339a-44f4-8e56-f9d4f1d9828f,1,Bench Press,Barbell,
c4a3d2df-f84a-4058-b94a-8ca2a5249573,0dea1b6e-339a-44f4-8e56-f9d4f1d9828f,2,Incline Bench Press,Dumbbells,
11c41e0d-dab9-40c2-aac5-365a47ce4f5d,0dea1b6e-339a-44f4-8e56-f9d4f1d9828f,3,Lat Pulldowns with Close Overhand Grip,Cable,
96902379-7735-49e2-83b3-2676fb841954,0dea1b6e-339a-44f4-8e56-f9d4f1d9828f,4,Rows with Close Grip,Cable,
f50c204d-a2f5-48e6-a793-07c63efb0d3d,0dea1b6e-339a-44f4-8e56-f9d4f1d9828f,5,Triceps Pushdowns,Cable,
fd28fe11-2f47-48c4-be2a-62d6273361c8,0dea1b6e-339a-44f4-8e56-f9d4f1d9828f,6,Upright Rows,EZ Curl Bar,
a13c65a4-70b8-4238-9ee5-3de6b1cb9780,0dea1b6e-339a-44f4-8e56-f9d4f1d9828f,7,Concentration Curls,Dumbbells,
dfa49e0e-d0ad-4d91-ac13-955b76b89dc6,f5905eda-659d-4678-9901-6d5e0e7c3259,1,Deadlifts,Barbell,
6a15bfe2-072f-43f6-9d08-ada8fd849b2f,f5905eda-659d-4678-9901-6d5e0e7c3259,2,Reverse Lunges,Dumbbells,
c6616dcb-d216-4d0a-9fdf-cd803188dc9b,f5905eda-659d-4678-9901-6d5e0e7c3259,3,Squats,Barbell,
183f95f9-a9ed-4452-b8c5-2cf3246ebc25,f5905eda-659d-4678-9901-6d5e0e7c3259,4,Standing Calf Raises,Bodyweight,
1dd799d0-dfd7-468f-bbd7-e20f7247ed6c,f5905eda-659d-4678-9901-6d5e0e7c3259,5,Side Sit-Ups,Bodyweight,
d49037f1-bb50-4306-b0fb-9e8c783d266d,f5905eda-659d-4678-9901-6d5e0e7c3259,6,Hanging Leg Raises,Bodyweight,
064a370c-4f46-4aad-82f5-632d8df5ff85,a850b38a-138c-4664-9463-3887869184d7,1,Incline Bench Press,Barbell,
8f614d99-2222-4ee0-8ef5-fbffd5994a1e,a850b38a-138c-4664-9463-3887869184d7,2,Bench Press,Dumbbells,
5b6d643f-45b4-4303-a9f8-14c6456c29ec,a850b38a-138c-4664-9463-3887869184d7,3,Rows with Wide Grip,Cable,
4348f7a3-4039-4798-ae6c-27fff9a42d50,a850b38a-138c-4664-9463-3887869184d7,4,One-Arm Rows with Reverse Grip,Dumbbells,
cc722029-9708-48f7-acb8-17284822d3d4,a850b38a-138c-4664-9463-3887869184d7,5,Lateral Raises,Dumbbells,
fa0bfac8-1f3d-4649-ab55-46541c712714,a850b38a-138c-4664-9463-3887869184d7,6,Bent-Over Lateral Raises,Dumbbells,
90bbda0d-e02a-46cf-a3d8-62b0fe8c723f,a850b38a-138c-4664-9463-3887869184d7,7,Twist Curls,Dumbbells,Superset 1
3046b234-8be7-445d-a478-a2a0cf432ea7,a850b38a-138c-4664-9463-3887869184d7,8,Push-Ups with Close Grip,Bodyweight,Superset 1
7706c23f-d575-40d8-8152-833b0739e76a,fcf58673-517c-4b4f-b631-5944ebe152f3,1,Bench Press,Dumbbells,
8d77e557-5ee6-453b-a133-63ad3eb020b7,fcf58673-517c-4b4f-b631-5944ebe152f3,2,One-Arm Rows with Wide Grip,Dumbbells,
8283df82-c8a6-486a-94b4-5b3b2497dc43,fcf58673-517c-4b4f-b631-5944ebe152f3,3,Squats,Barbell,
d8d2f99f-a358-4fa5-871a-0e0549b8a523,fcf58673-517c-4b4f-b631-5944ebe152f3,4,Romanian Deadlifts,Barbell,
923c0710-6c31-4d25-a8e4-9df3baaf3f55,fcf58673-517c-4b4f-b631-5944ebe152f3,5,Twist Curls,Dumbbells,
24bfa991-891f-4c8c-a0dd-5cd931a9c72c,fcf58673-517c-4b4f-b631-5944ebe152f3,6,JM Press,Barbell,
1f4b7641-394b-4876-a245-a6ee126d9a93,fcf58673-517c-4b4f-b631-5944ebe152f3,7,Decline Sit-Ups,Bodyweight,
ed16608d-2f65-4e6e-b49b-fbc4cd2f23d8,bf98cb13-f0b0-46e8-b60b-31620b0ec65a,1,Bench Press,Barbell,
84e4e6d6-680f-42e3-8078-535e2df6bc17,bf98cb13-f0b0-46e8-b60b-31620b0ec65a,2,Incline Flys,Dumbbells,
f34e7eac-9448-41f3-a4ba-8f21ab4a521c,bf98cb13-f0b0-46e8-b60b-31620b0ec65a,3,Rows with Wide Neutral Grip,Cable,
cb5561b2-f0a2-47e5-b21d-c9504999b5d4,bf98cb13-f0b0-46e8-b60b-31620b0ec65a,4,Lat Pulldowns with Close Overhand Grip,Cable,
855c5c55-b983-4154-a388-e882773949c0,bf98cb13-f0b0-46e8-b60b-31620b0ec65a,5,Curls,Dumbbells,
9ff148a3-d758-4094-b05d-d45ba2769aaf,bf98cb13-f0b0-46e8-b60b-31620b0ec65a,6,Upright Rows,Dumbbells,
213710be-ba90-4413-be76-de2966893551,bf98cb13-f0b0-46e8-b60b-31620b0ec65a,7,Skull Crushers,EZ Curl Bar,
3e57620d-a16e-45ae-86a5-7353438db924,37faaadf-fe26-4afc-8248-e8f5dc766a7f,1,Deadlifts,Barbell,
1b8c8336-8d55-48fb-8b28-e5228b007354,37faaadf-fe26-4afc-8248-e8f5dc766a7f,2,Hip Thrusts,Barbell,
75ac1f3b-da52-4845-968b-e689e57305f9,37faaadf-fe26-4afc-8248-e8f5dc766a7f,3,Front Squats,Barbell,
cdbf3aad-f443-4fa6-9f97-ef58a33416d2,37faaadf-fe26-4afc-8248-e8f5dc766a7f,4,Romanian Deadlifts,Barbell,
5f21696a-6b83-491d-b95e-1ec46f810138,37faaadf-fe26-4afc-8248-e8f5dc766a7f,5,Standing Calf Raises,Smith machine,
87f0a065-8004-4dd5-b6bb-bf12858a7e20,37faaadf-fe26-4afc-8248-e8f5dc766a7f,6,Kneeling Side Crunches,Cable,
c46c9de6-c170-4460-989a-ae16e4a95ec5,37faaadf-fe26-4afc-8248-e8f5dc766a7f,7,Hanging Leg Raises,Bodyweight,
7679e77a-ea03-4774-b6fe-aa6ed09167be,3053aa36-14ac-41ba-ba72-45699dad40fe,1,Incline Bench Press,Barbell,
58fcdd40-a0d3-4dad-a4e6-ea2e96f92b1f,3053aa36-14ac-41ba-ba72-45699dad40fe,2,Decline Bench Press,Dumbbells,
893f2829-5abb-4901-b4f7-eeb34f8a8fbe,3053aa36-14ac-41ba-ba72-45699dad40fe,3,Lat Pulldowns with Wide Overhand Grip,Cable,
80416493-daab-453e-a02f-90f00fa8abce,3053aa36-14ac-41ba-ba72-45699dad40fe,4,Pullovers with Rope,Cable,
aae1df5a-e110-4c2a-ba52-1dbd6341cd3e,3053aa36-14ac-41ba-ba72-45699dad40fe,5,Standing Shoulder Press,Barbell,
567fc21f-55a2-43cb-a725-30caa0e9929d,3053aa36-14ac-41ba-ba72-45699dad40fe,6,Incline Reverse Flys,Dumbbells,
f529ad50-5c4d-438f-82d3-cafd04774dea,3053aa36-14ac-41ba-ba72-45699dad40fe,7,Curls,Cable,Superset 1
64a1769d-bb35-41e2-b373-ddba130cc13f,3053aa36-14ac-41ba-ba72-45699dad40fe,8,Triceps Pushdowns with Rope,Cable,Superset 1
11cf18bb-022e-42a1-9b07-7f296631dd07,3f0c9e3d-33a2-40ee-b79e-5cba6720cb66,1,Bench Press,Dumbbells,
b521cdf7-63bf-4a07-966b-1870a56cfaee,3f0c9e3d-33a2-40ee-b79e-5cba6720cb66,2,One-Arm Rows with Wide Grip,Dumbbells,
dbc701fd-5d44-4bd6-ba6a-54a4af0b1286,3f0c9e3d-33a2-40ee-b79e-5cba6720cb66,3,Squats,Barbell,
cf1a2494-2bf0-41db-a931-251e7c96ad8a,3f0c9e3d-33a2-40ee-b79e-5cba6720cb66,4,Romanian Deadlifts,Barbell,
566d813f-26c5-48c6-b468-089e1d2c3c1d,3f0c9e3d-33a2-40ee-b79e-5cba6720cb66,5,Twist Curls,Dumbbells,
ef233f57-3b41-48a4-be08-abd0443aa6cc,3f0c9e3d-33a2-40ee-b79e-5cba6720cb66,6,JM Press,Barbell,
bf9621f2-0e4b-4527-a87b-eb3890a6b37e,3f0c9e3d-33a2-40ee-b79e-5cba6720cb66,7,Decline Sit-Ups,Bodyweight,
5e7dc106-74c5-47cb-87fb-9e9139390d44,b3165a99-3628-4518-afa0-fb30d05d5696,1,Bench Press,Barbell,
3f1e866a-57df-4e5d-b4d9-7680f68db7a0,b3165a99-3628-4518-afa0-fb30d05d5696,2,Incline Flys,Dumbbells,
69a1692f-f774-4cfb-9e49-07aa0b09d3d8,b3165a99-3628-4518-afa0-fb30d05d5696,3,Rows with Wide Neutral Grip,Cable,
f337488e-327f-46e6-a944-4f68a769ca43,b3165a99-3628-4518-afa0-fb30d05d5696,4,Lat Pulldowns with Close Overhand Grip,Cable,
336f4288-727e-4c93-8442-a79a598024d6,b3165a99-3628-4518-afa0-fb30d05d5696,5,Curls,Dumbbells,
da8f7eb5-08bb-4158-82e6-bc49f49e5bd0,b3165a99-3628-4518-afa0-fb30d05d5696,6,Upright Rows,Dumbbells,
3953f747-4178-478b-bd85-152c0ee55339,b3165a99-3628-4518-afa0-fb30d05d5696,7,Skull Crushers,EZ Curl Bar,
cbff612e-4ce4-40cb-8dde-cfb2198edea4,90e36f8e-ed7d-4169-a476-5151f137442b,1,Deadlifts,Barbell,
bcec46d6-c8de-4155-84d4-e9306ea2a8ff,90e36f8e-ed7d-4169-a476-5151f137442b,2,Hip Thrusts,Barbell,
e165c763-d68d-4e6e-869c-d3bb20aae527,90e36f8e-ed7d-4169-a476-5151f137442b,3,Front Squats,Barbell,
bbdefb8d-aa7d-4cd1-8ed1-6f7195800577,90e36f8e-ed7d-4169-a476-5151f137442b,4,Romanian Deadlifts,Barbell,
2a2b535c-0ae3-48e8-83aa-c01f3a093866,90e36f8e-ed7d-4169-a476-5151f137442b,5,Standing Calf Raises,Smith machine,
42fd012d-1f02-4e66-91ad-225d9457bbc0,90e36f8e-ed7d-4169-a476-5151f137442b,6,Kneeling Side Crunches,Cable,
473ef55a-6e1f-47c0-8fd3-01fb1c672f1c,bc304db9-1cda-41f4-b13b-dd3a25153136,1,Incline Bench Press,Barbell,
bef6237c-c25b-45da-a8e0-238122b69243,bc304db9-1cda-41f4-b13b-dd3a25153136,2,Decline Bench Press,Dumbbells,
253abe98-39e7-42d8-8d54-0d2641836fff,bc304db9-1cda-41f4-b13b-dd3a25153136,3,Lat Pulldowns with Wide Overhand Grip,Cable,
11ab592a-db59-4b3a-afff-5a0dede7cae7,bc304db9-1cda-41f4-b13b-dd3a25153136,4,Pullovers with Rope,Cable,
0e26f05f-fa69-43eb-9219-adcbfd7d1dd6,bc304db9-1cda-41f4-b13b-dd3a25153136,5,Standing Shoulder Press,Barbell,
b77ca9a0-0847-454b-ac3d-d05387392576,bc304db9-1cda-41f4-b13b-dd3a25153136,6,Incline Reverse Flys,Dumbbells,
6961fbe3-4312-4cb5-b01d-77da8fe46d01,bc304db9-1cda-41f4-b13b-dd3a25153136,7,Curls,Cable,Superset 1
cf7d1d4b-86bc-4c2d-a41f-38f2e3c049b6,bc304db9-1cda-41f4-b13b-dd3a25153136,8,Triceps Pushdowns with Rope,Cable,Superset 1
8c3c4e03-0999-4dbe-b88b-c2dce73a3674,9165d3f9-4d4a-4b5e-abea-45d6c5d3658b,1,Bench Press,Dumbbells,
51b02b61-228d-4b37-a23b-97e75e92ec59,9165d3f9-4d4a-4b5e-abea-45d6c5d3658b,2,One-Arm Rows with Wide Grip,Dumbbells,
537e9732-90fa-4fff-bd0f-f63971d426c0,9165d3f9-4d4a-4b5e-abea-45d6c5d3658b,3,Squats,Barbell,
6dd162c4-98bf-403e-8028-5d9073c0d459,9165d3f9-4d4a-4b5e-abea-45d6c5d3658b,4,Romanian Deadlifts,Barbell,
f667a3d5-16d0-4dbc-af0a-102e029f59d7,9165d3f9-4d4a-4b5e-abea-45d6c5d3658b,5,Twist Curls,Dumbbells,
1c45047b-5a31-433c-bea3-a9fdd9525cb7,9165d3f9-4d4a-4b5e-abea-45d6c5d3658b,6,JM Press,Barbell,
366866b8-9437-4ba5-be64-0ee898dc1467,9165d3f9-4d4a-4b5e-abea-45d6c5d3658b,7,Decline Sit-Ups,Bodyweight,
af609dff-3cf4-4caa-9765-3c8222ead7da,bd6451d2-c15e-4097-b112-7e3d43460b27,1,Bench Press,Barbell,
44f6df3a-68b6-4651-be11-ea81594fb05f,bd6451d2-c15e-4097-b112-7e3d43460b27,2,Incline Flys,Dumbbells,
6909cf4a-ac42-44bd-9a37-d292d1bec4ba,bd6451d2-c15e-4097-b112-7e3d43460b27,3,Rows with Wide Neutral Grip,Cable,
740cbfad-de53-4f30-99dd-bbd0c5ed7dd2,bd6451d2-c15e-4097-b112-7e3d43460b27,4,Lat Pulldowns with Close Overhand Grip,Cable,
a23e245c-4d93-4038-9714-6ba819330884,bd6451d2-c15e-4097-b112-7e3d43460b27,5,Curls,Dumbbells,
c6c4443e-81da-4798-8f84-bc6907207615,bd6451d2-c15e-4097-b112-7e3d43460b27,6,Upright Rows,Dumbbells,
36248492-8539-4a12-9b03-c52e911eb40c,bd6451d2-c15e-4097-b112-7e3d43460b27,7,Skull Crushers,EZ Curl Bar,
1d78befa-1035-43e1-88a8-62a1befcd49c,300a6e68-e002-440b-91cc-758d3a5066b6,1,Deadlifts,Barbell,
a79b139d-f30a-4edb-8041-9bb2dbe2061b,300a6e68-e002-440b-91cc-758d3a5066b6,2,Hip Thrusts,Barbell,
15c5dfa2-782c-49be-9b94-5cbf37b3e5b5,300a6e68-e002-440b-91cc-758d3a5066b6,3,Front Squats,Barbell,
c2be8aed-94ff-4e2b-a7d3-9afbc371f0a0,300a6e68-e002-440b-91cc-758d3a5066b6,4,Romanian Deadlifts,Barbell,
6035c537-a5a9-4bd3-b338-27a115a0ac1b,300a6e68-e002-440b-91cc-758d3a5066b6,5,Standing Calf Raises,Smith machine,
f5d4da1a-35a9-4ea9-b01e-3b0bfb28bbbe,300a6e68-e002-440b-91cc-758d3a5066b6,6,Kneeling Side Crunches,Cable,
8b52240d-0b8a-43d7-ba3f-4238ea97c414,e45db441-38b2-4be5-afc5-ef2a0e0b059f,1,Incline Bench Press,Barbell,
5aad7ea9-d4ce-4739-946c-dcee75fa3c0a,e45db441-38b2-4be5-afc5-ef2a0e0b059f,2,Decline Bench Press,Dumbbells,
3240a2cd-3d81-442f-99e4-f07a98e166e2,e45db441-38b2-4be5-afc5-ef2a0e0b059f,3,Lat Pulldowns with Wide Overhand Grip,Cable,
2e8eac93-d5a6-449f-83ee-2b2674eed2cd,e45db441-38b2-4be5-afc5-ef2a0e0b059f,4,Pullovers with Rope,Cable,
1a16c806-c278-4faf-b9b8-4e95392cdda4,e45db441-38b2-4be5-afc5-ef2a0e0b059f,5,Standing Shoulder Press,Barbell,
927c8668-0ca1-4772-ae1c-d5e67bcb277b,e45db441-38b2-4be5-afc5-ef2a0e0b059f,6,Incline Reverse Flys,Dumbbells,
421c6b4b-44a6-4135-9cf3-2ad2813bb499,e45db441-38b2-4be5-afc5-ef2a0e0b059f,7,Curls,Cable,Superset 1
c020e697-1f46-4dbd-b135-357c826453f7,e45db441-38b2-4be5-afc5-ef2a0e0b059f,8,Triceps Pushdowns with Rope,Cable,Superset 1
a8abc9e2-75da-4756-8661-e766bb5d78f6,c68e9ac7-62de-4fc3-a372-c8bcaa141232,1,Bench Press,Dumbbells,
51ee82d5-0bb5-4cac-a95b-f0b081fa10f1,c68e9ac7-62de-4fc3-a372-c8bcaa141232,2,One-Arm Rows with Wide Grip,Dumbbells,
700ea285-2379-4622-a134-d2308f65db10,c68e9ac7-62de-4fc3-a372-c8bcaa141232,3,Squats,Barbell,
58b39ea8-56ea-45ed-ace3-2870f972f1e1,c68e9ac7-62de-4fc3-a372-c8bcaa141232,4,Romanian Deadlifts,Barbell,
af35b4c0-4b20-4b18-9d05-08d638fb241d,c68e9ac7-62de-4fc3-a372-c8bcaa141232,5,Twist Curls,Dumbbells,
b91e8c81-9f55-43f5-b1d8-79914def6222,c68e9ac7-62de-4fc3-a372-c8bcaa141232,6,JM Press,Barbell,
5756afc9-7fef-4090-9f6e-2a5eb2338bb7,c68e9ac7-62de-4fc3-a372-c8bcaa141232,7,Decline Sit-Ups,Bodyweight,
0ca15161-1ce0-41fe-b417-829992ffc5ae,9b63c8df-21db-4b0f-930e-6e371ec9b31a,1,Bench Press,Barbell,
7ecc69a1-024a-46b5-b6c1-11718309aba4,9b63c8df-21db-4b0f-930e-6e371ec9b31a,2,Incline Flys,Dumbbells,
b80f148a-c774-494a-82ce-0120c8a96883,9b63c8df-21db-4b0f-930e-6e371ec9b31a,3,Rows with Wide Neutral Grip,Cable,
cfa93057-398e-47c3-ba64-8825f1ed4ca3,9b63c8df-21db-4b0f-930e-6e371ec9b31a,4,Lat Pulldowns with Close Overhand Grip,Cable,
5fbc897c-d73a-4493-9e66-c8bd8407b968,9b63c8df-21db-4b0f-930e-6e371ec9b31a,5,Curls,Dumbbells,
4cf90efc-0ea0-4155-8435-5b66df4ba897,9b63c8df-21db-4b0f-930e-6e371ec9b31a,6,Upright Rows,Dumbbells,
b9df4514-4014-4971-ac64-eac474d50524,9b63c8df-21db-4b0f-930e-6e371ec9b31a,7,Skull Crushers,EZ Curl Bar,
0b8f438a-4c79-4c07-ba64-9cc464b63d50,4316ed8c-3d55-4f33-86c2-ae03cf3bdeb4,1,Deadlifts,Barbell,
0f9a0cbc-8697-479e-a6c6-7c232efc56f1,4316ed8c-3d55-4f33-86c2-ae03cf3bdeb4,2,Hip Thrusts,Barbell,
c0872766-ed89-4636-8762-be3fd7ad4804,4316ed8c-3d55-4f33-86c2-ae03cf3bdeb4,3,Front Squats,Barbell,
854039ed-1125-492a-89f1-8f00fe98171d,4316ed8c-3d55-4f33-86c2-ae03cf3bdeb4,4,Romanian Deadlifts,Barbell,
5e4922da-f988-4e15-a1b0-d45d053fa2cd,4316ed8c-3d55-4f33-86c2-ae03cf3bdeb4,5,Standing Calf Raises,Smith machine,
fa7699e9-e6d4-4f51-b814-88611f941dd9,4316ed8c-3d55-4f33-86c2-ae03cf3bdeb4,6,Kneeling Side Crunches,Cable,
7720e3aa-47aa-4a29-bf94-c2f3e0bc20b8,4316ed8c-3d55-4f33-86c2-ae03cf3bdeb4,7,Hanging Leg Raises,Bodyweight,
44ea0942-8bc6-4829-b8d3-2e2007dd4adc,d88869a0-642e-4c55-9a2e-ef85e7f96a5b,1,Incline Bench Press,Barbell,
92cb546f-c799-4328-afef-56cf30e33045,d88869a0-642e-4c55-9a2e-ef85e7f96a5b,2,Decline Bench Press,Dumbbells,
562094ed-2386-4991-ae3a-712882cd6b52,d88869a0-642e-4c55-9a2e-ef85e7f96a5b,3,Lat Pulldowns with Wide Overhand Grip,Cable,
183e0644-3d35-4ae9-bc87-36b95fff35ff,d88869a0-642e-4c55-9a2e-ef85e7f96a5b,4,Pullovers with Rope,Cable,
c9c02b06-5354-46a6-a758-c86461021711,d88869a0-642e-4c55-9a2e-ef85e7f96a5b,5,Standing Shoulder Press,Barbell,
6d7d442a-9f4f-44cd-9e4c-ef3ef625a8fe,d88869a0-642e-4c55-9a2e-ef85e7f96a5b,6,Incline Reverse Flys,Dumbbells,
3b9ffdec-eeaf-4527-bd43-45672a02e5ef,d88869a0-642e-4c55-9a2e-ef85e7f96a5b,7,Curls,Cable,Superset 1
e745882c-7db5-401a-b566-15613a17e495,d88869a0-642e-4c55-9a2e-ef85e7f96a5b,8,Triceps Pushdowns with Rope,Cable,Superset 1
01f5e3cb-5bb8-4e98-95e8-7fb74cd7c35b,cb65894d-4a40-4648-8fae-a16effdf1291,1,Bench Press,Dumbbells,
967ce0b9-a627-463b-85ef-b929f904d0a8,cb65894d-4a40-4648-8fae-a16effdf1291,2,One-Arm Rows with Wide Grip,Dumbbells,
5aa868b0-cac7-42e4-bac4-201800b25e3d,cb65894d-4a40-4648-8fae-a16effdf1291,3,Squats,Barbell,
0876fac8-3db8-4d93-bbbf-1ae5e99661a3,cb65894d-4a40-4648-8fae-a16effdf1291,4,Romanian Deadlifts,Barbell,
4454ba08-1875-4f3d-9754-7b899c5bbf97,cb65894d-4a40-4648-8fae-a16effdf1291,5,Twist Curls,Dumbbells,
09c1b371-a89a-4ef5-af22-dbc929e64f27,cb65894d-4a40-4648-8fae-a16effdf1291,6,JM Press,Barbell,
d211db69-80dd-4ed7-8d2b-5d4e5f774773,cb65894d-4a40-4648-8fae-a16effdf1291,7,Decline Sit-Ups,Bodyweight,
8d3e1793-ef08-4858-a017-5cd2c3ea3c49,1c3b0a7b-5881-442d-a5bb-283a2ba644e5,1,Bench Press,Barbell,
c5acbf73-122c-4b15-9678-b146def305e9,1c3b0a7b-5881-442d-a5bb-283a2ba644e5,2,Incline Flys,Dumbbells,
9af0f0b5-e354-4f20-94dd-2233f3c0cb4b,1c3b0a7b-5881-442d-a5bb-283a2ba644e5,3,Rows with Wide Neutral Grip,Cable,
450fd3b4-b3c6-4f3a-aef7-34c725939758,1c3b0a7b-5881-442d-a5bb-283a2ba644e5,4,Lat Pulldowns with Close Overhand Grip,Cable,
d2eeddb1-c241-4456-8907-503186d4e206,1c3b0a7b-5881-442d-a5bb-283a2ba644e5,5,Curls,Dumbbells,
7f4b18be-ad8d-4006-9caa-8335130ba552,1c3b0a7b-5881-442d-a5bb-283a2ba644e5,6,Upright Rows,Dumbbells,
32f445c7-3944-46a0-8cb6-31d159083f36,1c3b0a7b-5881-442d-a5bb-283a2ba644e5,7,Skull Crushers,EZ Curl Bar,
61758009-49eb-44a3-849a-3d4e684517f9,c45c6f66-737e-4819-8642-1f7937e10568,1,Deadlifts,Barbell,
80fa3d82-6f48-42c0-83eb-71eb3f1f7425,c45c6f66-737e-4819-8642-1f7937e10568,2,Hip Thrusts,Barbell,
7e4e388a-3994-42e7-b7f0-4af92a20c113,c45c6f66-737e-4819-8642-1f7937e10568,3,Front Squats,Barbell,
570d1382-b67e-4409-917b-e9b3c53ee4bd,c45c6f66-737e-4819-8642-1f7937e10568,4,Romanian Deadlifts,Barbell,
b8012be4-e2e1-4e46-9486-16d66990c69c,c45c6f66-737e-4819-8642-1f7937e10568,5,Standing Calf Raises,Smith machine,
1a57f6ae-8cbe-4682-9219-3ed08db51aa3,c45c6f66-737e-4819-8642-1f7937e10568,6,Kneeling Side Crunches,Cable,
85fe6287-db25-408f-a189-51c973bbcc86,c45c6f66-737e-4819-8642-1f7937e10568,7,Hanging Leg Raises,Bodyweight,
e857cd5f-c438-4512-91b6-04e5b1b21390,fee95559-86da-41d9-8af5-69d213dc7433,1,Incline Bench Press,Barbell,
765e83ce-0441-4da7-b9fd-20c1485e2720,fee95559-86da-41d9-8af5-69d213dc7433,2,Decline Bench Press,Dumbbells,
db85908c-4ba9-4055-9354-5cec690e7020,fee95559-86da-41d9-8af5-69d213dc7433,3,Lat Pulldowns with Wide Overhand Grip,Cable,
c008c4fd-b01c-4cb8-a77d-5c258fc40947,fee95559-86da-41d9-8af5-69d213dc7433,4,Pullovers with Rope,Cable,
c650fe73-1108-4626-b809-b9e754ada3f6,fee95559-86da-41d9-8af5-69d213dc7433,5,Standing Shoulder Press,Barbell,
179191c1-c22a-4471-991c-5bcaeb872275,fee95559-86da-41d9-8af5-69d213dc7433,6,Incline Reverse Flys,Dumbbells,
995a16c9-9e44-42d0-b7ba-dd41c1b0bf40,fee95559-86da-41d9-8af5-69d213dc7433,7,Curls,Cable,Superset 1
4071a3ce-d88b-47cf-a63a-7752091f957d,fee95559-86da-41d9-8af5-69d213dc7433,8,Triceps Pushdowns with Rope,Cable,Superset 1
86653050-0159-4fb1-964e-c2ee3ef5bb95,3fbe1fe5-b115-47f0-bcbd-377eb5a09c11,1,Bench Press,Dumbbells,
0dbf6493-52d1-48ba-b61d-81a853be5fb7,3fbe1fe5-b115-47f0-bcbd-377eb5a09c11,2,One-Arm Rows with Wide Grip,Dumbbells,
008e34bd-b4bf-4c39-b6bd-6c9e15aa91ab,3fbe1fe5-b115-47f0-bcbd-377eb5a09c11,3,Squats,Barbell,
6608645b-b2d9-4cde-8823-1cd6dbbe6b25,3fbe1fe5-b115-47f0-bcbd-377eb5a09c11,4,Romanian Deadlifts,Barbell,
d6e1c3c5-3b2d-4e68-bf34-c69222848b04,3fbe1fe5-b115-47f0-bcbd-377eb5a09c11,5,Twist Curls,Dumbbells,
9a14d48e-310a-4c53-80c6-168330979135,3fbe1fe5-b115-47f0-bcbd-377eb5a09c11,6,JM Press,Barbell,
6c89cdfe-c279-43c3-b053-c384bc506fbe,3fbe1fe5-b115-47f0-bcbd-377eb5a09c11,7,Decline Sit-Ups,Bodyweight,
691e0520-5e7b-44bf-8ce7-28504ffd80ad,48241554-4032-4740-9a42-85b4adc7d443,1,Bench Press,Barbell,
414c22e4-45b9-4f8c-a38c-b63d8acb3824,48241554-4032-4740-9a42-85b4adc7d443,2,Incline Flys,Dumbbells,
0c3c54cd-861d-45be-ba0d-ab938c05fd5d,48241554-4032-4740-9a42-85b4adc7d443,3,Rows with Wide Neutral Grip,Cable,
d53671c9-c0cb-437b-b175-5bbabc0f0dca,48241554-4032-4740-9a42-85b4adc7d443,4,Lat Pulldowns with Close Overhand Grip,Cable,
b9913543-a8cd-4048-8075-a5602881b12b,48241554-4032-4740-9a42-85b4adc7d443,5,Curls,Dumbbells,
8bd3a710-f398-4279-bc40-2e85ff1d5e8f,48241554-4032-4740-9a42-85b4adc7d443,6,Upright Rows,Dumbbells,
55ee7e12-75b8-42e0-a1ef-dc1c656ad284,48241554-4032-4740-9a42-85b4adc7d443,7,Skull Crushers,EZ Curl Bar,
ec4bc72c-c0e1-45c6-83ea-902bc587ca4a,bf470a2a-3662-433f-975c-664a7d735554,1,Deadlifts,Barbell,
b740f782-0e08-479c-aae5-7281cbe6fbe9,bf470a2a-3662-433f-975c-664a7d735554,2,Hip Thrusts,Barbell,
810c834f-5e07-40f7-95f7-1cdd4c6e1e55,bf470a2a-3662-433f-975c-664a7d735554,3,Front Squats,Barbell,
6940c5b8-e86f-48e9-a78a-56caf4f4257a,bf470a2a-3662-433f-975c-664a7d735554,4,Romanian Deadlifts,Barbell,
0ded7110-eac2-4fc0-8245-0dd96f70d897,bf470a2a-3662-433f-975c-664a7d735554,5,Standing Calf Raises,Smith machine,
26b1b289-d25b-4124-9014-23a4af945914,bf470a2a-3662-433f-975c-664a7d735554,6,Kneeling Side Crunches,Cable,
c110ec26-48e7-42b0-91f7-c38320f8a911,bf470a2a-3662-433f-975c-664a7d735554,7,Hanging Leg Raises,Bodyweight,
9dd9e601-54e7-4c05-91a7-b36f92f883fe,127ee49f-9350-41ec-bb10-e2f2c0bf20b7,1,Incline Bench Press,Barbell,
611077a5-3f70-44c0-b2cb-76a336b66cab,127ee49f-9350-41ec-bb10-e2f2c0bf20b7,2,Decline Bench Press,Dumbbells,
e0a97b1f-5c5c-446f-9939-e19e49a9bf0d,127ee49f-9350-41ec-bb10-e2f2c0bf20b7,3,Lat Pulldowns with Wide Overhand Grip,Cable,
fb6ece8f-276d-401b-b964-15c8b0601ba0,127ee49f-9350-41ec-bb10-e2f2c0bf20b7,4,Pullovers with Rope,Cable,
6fb45b86-f7d9-4d6d-be1f-3ba3e396be98,127ee49f-9350-41ec-bb10-e2f2c0bf20b7,5,Standing Shoulder Press,Barbell,
d28c8d57-1192-4749-ad1f-c604e2c099ab,127ee49f-9350-41ec-bb10-e2f2c0bf20b7,6,Incline Reverse Flys,Dumbbells,
7983c7d2-3364-474c-aa63-cb0aa4c0c38d,127ee49f-9350-41ec-bb10-e2f2c0bf20b7,7,Curls,Cable,Superset 1
31148a6c-0a23-4216-98a6-48b98517d9f0,127ee49f-9350-41ec-bb10-e2f2c0bf20b7,8,Triceps Pushdowns with Rope,Cable,Superset 1
92e960f0-c774-4de8-b5cc-f0c87f175304,02680e93-9eed-474c-808e-1cefc3e8f2ff,1,Bench Press,Dumbbells,
cda33b19-59c2-460c-b83f-d3d61b03c6e9,02680e93-9eed-474c-808e-1cefc3e8f2ff,2,Lat Pulldowns with Wide Neutral Grip,Cable,
071d9768-e40e-4ff9-936c-540d78f2113d,02680e93-9eed-474c-808e-1cefc3e8f2ff,3,Front Squats,Barbell,
7923c425-401f-4e0d-96aa-d92a25c49ec1,02680e93-9eed-474c-808e-1cefc3e8f2ff,4,Romanian Deadlifts,Barbell,
1d2fadb4-4251-48a9-8d9f-53e90421454d,02680e93-9eed-474c-808e-1cefc3e8f2ff,5,Overhead Triceps Extensions,Cable,
dbdc34cb-8262-42e0-8bbe-35451cefea36,02680e93-9eed-474c-808e-1cefc3e8f2ff,6,Incline Hammer Curls,Dumbbells,
ab1ec351-ce52-4a18-8dd9-be1282ccc69a,02680e93-9eed-474c-808e-1cefc3e8f2ff,7,Kneeling Crunches,Cable,
c6d08689-fd0e-44da-971d-d9dc8f812ea9,422a3f26-5800-4ffd-828d-d0db67665426,1,Bench Press,Barbell,
0865190e-11d2-446e-85fc-e9a50c2c276d,422a3f26-5800-4ffd-828d-d0db67665426,2,Incline Bench Press,Dumbbells,
b563dea8-c29f-4def-b441-82a4fb155751,422a3f26-5800-4ffd-828d-d0db67665426,3,Lat Pulldowns with Close Neutral Grip,Cable,
28f14f0f-120c-407f-b507-0f81a2b0577a,422a3f26-5800-4ffd-828d-d0db67665426,4,One-Arm Rows with Reverse Grip,Dumbbells,
61610632-757a-41d1-99fe-879dd78f666a,422a3f26-5800-4ffd-828d-d0db67665426,5,JM Press,EZ Curl Bar,
c1d6907b-a657-48ac-bca0-e3c975161802,422a3f26-5800-4ffd-828d-d0db67665426,6,Incline Lateral Raises,Dumbbells,
bd3bb181-4bea-4f7e-b340-d9ea4019109b,422a3f26-5800-4ffd-828d-d0db67665426,7,Concentration Curls,Dumbbells,
834d2d54-1187-4e98-8cfc-30a78719b34f,3196acbf-73f7-4a53-98ba-f0326e8f9415,1,Sumo Deadlifts,Barbell,
117b59c1-f07b-4f71-b19f-7081e2c83162,3196acbf-73f7-4a53-98ba-f0326e8f9415,2,Bulgarian Split Squats,Barbell,
ff87748f-f63c-4de6-9845-cb932a922d46,3196acbf-73f7-4a53-98ba-f0326e8f9415,3,Squats,Barbell,
501e0a37-8be0-4d6c-8871-4e35e716c80e,3196acbf-73f7-4a53-98ba-f0326e8f9415,4,Romanian Deadlifts,Barbell,
0eb45c37-1033-48bf-96a5-dc5a53746786,3196acbf-73f7-4a53-98ba-f0326e8f9415,5,Seated Calf Raises,Bodyweight,
5626bd8a-67e1-4f66-a297-b5dd818ab99d,3196acbf-73f7-4a53-98ba-f0326e8f9415,6,Hanging Leg Raises,Bodyweight,
d8551659-b53d-4926-9051-9fa305a42e71,3196acbf-73f7-4a53-98ba-f0326e8f9415,7,Side Sit-Ups,Bodyweight,
9b92a3b6-f481-4f15-8de0-c1a9320a5367,e079539c-4056-48cb-84f8-1350d1646198,1,Incline Bench Press,Barbell,
a4910239-7a94-43a0-b67a-e0533ca797bf,e079539c-4056-48cb-84f8-1350d1646198,2,Bench Press,Dumbbells,
6a9e75ce-39b5-488d-a220-6c488e7df9c0,e079539c-4056-48cb-84f8-1350d1646198,3,Bent-Over Rows,Dumbbells,
bd95d263-b803-4dfd-a992-7b5c7be1b918,e079539c-4056-48cb-84f8-1350d1646198,4,One-Arm Rows,Dumbbells,
5a1d3909-9614-419a-97ee-6efeaf8f0c39,e079539c-4056-48cb-84f8-1350d1646198,5,Upright Rows,EZ Curl Bar,
926b51b0-d52e-42bd-b61f-9f824576fa3c,e079539c-4056-48cb-84f8-1350d1646198,6,Face Pulls with Rope,Cable,
79228a1a-e8cf-4825-893a-2aad525f3e59,e079539c-4056-48cb-84f8-1350d1646198,7,Concentration Hammer Curls,Dumbbells,
be7ffed4-753b-4f6a-b2ad-05a5a2e35405,dd3e91d8-2f79-4623-9052-a11fe100390a,1,Bench Press,Dumbbells,
e731f9f5-3240-497b-b192-844c74400957,dd3e91d8-2f79-4623-9052-a11fe100390a,2,Lat Pulldowns with Wide Neutral Grip,Cable,
442d23f2-7617-421d-80bc-795f564881bb,dd3e91d8-2f79-4623-9052-a11fe100390a,3,Front Squats,Barbell,
24f593a9-0c3e-42b0-a827-3f932fa8527d,dd3e91d8-2f79-4623-9052-a11fe100390a,4,Romanian Deadlifts,Barbell,
b454fe27-21f6-4e4e-b0c5-7b4d6f3a8f2c,dd3e91d8-2f79-4623-9052-a11fe100390a,5,Overhead Triceps Extensions,Cable,
b91a9921-2914-46f5-a698-a1f9c2b2cdcc,dd3e91d8-2f79-4623-9052-a11fe100390a,6,Incline Hammer Curls,Dumbbells,
c7b1ac21-91e9-4a07-81c8-74cd31687be2,dd3e91d8-2f79-4623-9052-a11fe100390a,7,Kneeling Crunches,Cable,
e822614f-eabb-4a0e-beb8-69aac2db3f91,c2fe0945-639c-46de-851a-3af0d0a63f92,1,Bench Press,Barbell,
70224ce7-80fc-46dd-92d7-fd6acd4f95a7,c2fe0945-639c-46de-851a-3af0d0a63f92,2,Incline Bench Press,Dumbbells,
a9fd8fba-c2bb-464d-9273-1f4563568167,c2fe0945-639c-46de-851a-3af0d0a63f92,3,Lat Pulldowns with Close Neutral Grip,Cable,
d7b1c5ef-7008-4d5b-ae4b-eb0715d410eb,c2fe0945-639c-46de-851a-3af0d0a63f92,4,One-Arm Rows with Reverse Grip,Dumbbells,
4c1f1b73-8a68-4781-b290-05aea7aa8e0c,c2fe0945-639c-46de-851a-3af0d0a63f92,5,JM Press,EZ Curl Bar,
489aead2-9a17-4f41-8438-dc60df87e8c7,c2fe0945-639c-46de-851a-3af0d0a63f92,6,Incline Lateral Raises,Dumbbells,
6e02d636-e558-447e-96c4-ff52ea9f3dde,c2fe0945-639c-46de-851a-3af0d0a63f92,7,Concentration Curls,Dumbbells,
54a9c734-abed-41f5-89ae-97c1fce58576,e9e64185-feb0-4e34-b871-e747aa074fd4,1,Sumo Deadlifts,Barbell,
d8062679-968a-49fb-a8eb-f23b8fda2e65,e9e64185-feb0-4e34-b871-e747aa074fd4,2,Bulgarian Split Squats,Barbell,
221248bf-e901-44f6-9ce1-c7039bc3733d,e9e64185-feb0-4e34-b871-e747aa074fd4,3,Squats,Barbell,
afaf0fef-3759-45c4-814c-c7ab15a4e006,e9e64185-feb0-4e34-b871-e747aa074fd4,4,Romanian Deadlifts,Barbell,
eba70445-30c5-4a13-97c2-1dc3a1d4aa72,e9e64185-feb0-4e34-b871-e747aa074fd4,5,Seated Calf Raises,Bodyweight,
d57339be-b3af-4535-9ddf-91732f9c2362,e9e64185-feb0-4e34-b871-e747aa074fd4,6,Hanging Leg Raises,Bodyweight,
10de01ad-0263-4dfd-bc87-9c5d194b0647,e9e64185-feb0-4e34-b871-e747aa074fd4,7,Side Sit-Ups,Bodyweight,
3b464da5-c70e-4e96-8d18-458ff0c2ff0e,d4a9b6c2-f346-4eb3-b432-ac63a5d8859d,1,Incline Bench Press,Barbell,
90304108-5be5-476a-9397-a60e6cca3092,d4a9b6c2-f346-4eb3-b432-ac63a5d8859d,2,Bench Press,Dumbbells,
3ed919d3-d4f4-4687-928d-bdf89d982478,d4a9b6c2-f346-4eb3-b432-ac63a5d8859d,3,Bent-Over Rows,Dumbbells,
06406302-65b6-4a34-b701-7f150f61418f,d4a9b6c2-f346-4eb3-b432-ac63a5d8859d,4,One-Arm Rows,Dumbbells,
94ed5624-d585-481c-85f7-fd2e2472f904,d4a9b6c2-f346-4eb3-b432-ac63a5d8859d,5,Upright Rows,EZ Curl Bar,
553a44f0-22a3-4407-abce-b9412085a343,d4a9b6c2-f346-4eb3-b432-ac63a5d8859d,6,Face Pulls with Rope,Cable,
b2cdb507-ab8f-4917-a98c-d1ccf504d9b5,d4a9b6c2-f346-4eb3-b432-ac63a5d8859d,7,Concentration Hammer Curls,Dumbbells,
ff283845-dfe7-49b8-a171-a717249616cd,7853adba-fdb3-4b73-a7a9-1a7ffdb0ea62,1,Bench Press,Dumbbells,
1b7cd2c2-e59e-46fc-912f-46bd068a532e,7853adba-fdb3-4b73-a7a9-1a7ffdb0ea62,2,Lat Pulldowns with Wide Neutral Grip,Cable,
3c4c60d0-04e7-4d48-bde5-b0f4fa67533d,7853adba-fdb3-4b73-a7a9-1a7ffdb0ea62,3,Front Squats,Barbell,
bb66e66e-02fb-4ea0-9dfe-f8506f5ed2f5,7853adba-fdb3-4b73-a7a9-1a7ffdb0ea62,4,Romanian Deadlifts,Barbell,
9b7ee698-225e-4fe3-95af-2082584617d4,7853adba-fdb3-4b73-a7a9-1a7ffdb0ea62,5,Overhead Triceps Extensions,Cable,
21b0c8f7-09ad-457c-bda4-7683c552708f,7853adba-fdb3-4b73-a7a9-1a7ffdb0ea62,6,Incline Hammer Curls,Dumbbells,
47487d0b-79ad-4c31-8ae9-bd83da0872e2,7853adba-fdb3-4b73-a7a9-1a7ffdb0ea62,7,Kneeling Crunches,Cable,
d6e751f3-cc6d-4761-bace-c8751ecc0813,d6124524-0f54-4fcd-b643-fc9a4a08a1ff,1,Bench Press,Barbell,
a98b7b35-eff0-4d70-ae00-49d8ff2d0855,d6124524-0f54-4fcd-b643-fc9a4a08a1ff,2,Incline Bench Press,Dumbbells,
aea5565b-5c3f-434c-b186-a0db7d90691d,d6124524-0f54-4fcd-b643-fc9a4a08a1ff,3,Lat Pulldowns with Close Neutral Grip,Cable,
c14cb9f5-0822-470e-a1d0-4ca7b7f76f7c,d6124524-0f54-4fcd-b643-fc9a4a08a1ff,4,One-Arm Rows with Reverse Grip,Dumbbells,
af5f6261-2b9f-4d4b-9ee5-f25b8ede2a5b,d6124524-0f54-4fcd-b643-fc9a4a08a1ff,5,JM Press,EZ Curl Bar,
96ecef98-a2ee-40e6-a391-d92dab572514,d6124524-0f54-4fcd-b643-fc9a4a08a1ff,6,Incline Lateral Raises,Dumbbells,
81e25862-874c-4edf-a537-4ceb9b1976a3,d6124524-0f54-4fcd-b643-fc9a4a08a1ff,7,Concentration Curls,Dumbbells,
f38bab59-4223-4214-8843-673d8e7ff542,d1a466b0-f232-4dc1-a7c3-97cf7d833107,1,Sumo Deadlifts,Barbell,
6110c949-48ca-45e2-8409-21d52e5ad382,d1a466b0-f232-4dc1-a7c3-97cf7d833107,2,Bulgarian Split Squats,Barbell,
115dcf78-5cad-446f-b8ed-0500a7e9d7bb,d1a466b0-f232-4dc1-a7c3-97cf7d833107,3,Squats,Barbell,
8d2510d0-45ed-4082-8831-e37e52bf3266,d1a466b0-f232-4dc1-a7c3-97cf7d833107,4,Romanian Deadlifts,Barbell,
5240f8fe-1443-48f4-b8f9-d427ed0c026b,d1a466b0-f232-4dc1-a7c3-97cf7d833107,5,Hanging Leg Raises,Bodyweight,
24325e41-a6fd-4a38-9edd-facc51112855,d1a466b0-f232-4dc1-a7c3-97cf7d833107,6,Side Sit-Ups,Bodyweight,
f095d2c1-86a5-4e90-87cf-932d1b54302a,4fbb4a58-e1a2-44e8-96c0-bc4baa32b2b1,1,Incline Bench Press,Barbell,
45fca826-7140-47d8-bc19-ffec8993f0f3,4fbb4a58-e1a2-44e8-96c0-bc4baa32b2b1,2,Bench Press,Dumbbells,
5cc2e01c-0e6f-4505-bd98-a21e3d28d620,4fbb4a58-e1a2-44e8-96c0-bc4baa32b2b1,3,Bent-Over Rows,Dumbbells,
4b210657-b78b-43b2-90f9-eea4aa1cff20,4fbb4a58-e1a2-44e8-96c0-bc4baa32b2b1,4,One-Arm Rows,Dumbbells,
3af95f79-c2f0-470a-9ea3-a2aa2f18b333,4fbb4a58-e1a2-44e8-96c0-bc4baa32b2b1,5,Upright Rows,EZ Curl Bar,
8397ffd2-0b7d-4955-8f4f-25644bd932cd,4fbb4a58-e1a2-44e8-96c0-bc4baa32b2b1,6,Face Pulls with Rope,Cable,
344e1f00-6737-402d-82c7-84dd7ba28503,4fbb4a58-e1a2-44e8-96c0-bc4baa32b2b1,7,Concentration Hammer Curls,Dumbbells,
c57aada7-ff32-44d7-bd66-9e6e1397458a,2355c08c-02f5-43f7-a72f-e8f0057830dd,1,Bench Press,Dumbbells,
4ea7d3d4-9d90-44f2-93b7-854139e0b9f7,2355c08c-02f5-43f7-a72f-e8f0057830dd,2,Lat Pulldowns with Wide Neutral Grip,Cable,
68674e0e-aa68-404a-a4a5-763b9b35c019,2355c08c-02f5-43f7-a72f-e8f0057830dd,3,Front Squats,Barbell,
c8bda6df-18d8-4b76-b46f-a7a0b97c2b1a,2355c08c-02f5-43f7-a72f-e8f0057830dd,4,Romanian Deadlifts,Dumbbells,
875a3c51-b834-46e5-9472-8591b176ab2a,2355c08c-02f5-43f7-a72f-e8f0057830dd,5,Overhead Triceps Extensions,Cable,
01cd3f00-5335-40d2-917d-d77b8aed0a74,2355c08c-02f5-43f7-a72f-e8f0057830dd,6,Incline Hammer Curls,Dumbbells,
2516e169-0efb-4e7d-b8a1-c106e86d6886,2355c08c-02f5-43f7-a72f-e8f0057830dd,7,Kneeling Crunches,Cable,
dd307196-98ea-4ef6-b7cc-c556b69fc205,36cb4271-0a29-458f-8470-756267e8842f,1,Bench Press,Barbell,
bfcd2b9b-6858-472d-8028-470b14e732b3,36cb4271-0a29-458f-8470-756267e8842f,2,Incline Bench Press,Dumbbells,
8e6c6880-835c-4677-9cd2-e423c5147ae8,36cb4271-0a29-458f-8470-756267e8842f,3,Lat Pulldowns with Close Neutral Grip,Cable,
8c382ccb-04c2-4ebe-8868-7698e6748060,36cb4271-0a29-458f-8470-756267e8842f,4,One-Arm Rows with Reverse Grip,Dumbbells,
6c172568-9367-4cd6-9731-7a00ac9d541f,36cb4271-0a29-458f-8470-756267e8842f,5,JM Press,EZ Curl Bar,
d488b022-c3a4-4dc7-ac39-1714ffbddac5,36cb4271-0a29-458f-8470-756267e8842f,6,Incline Lateral Raises,Dumbbells,
83a305a8-fe65-42a5-9e9c-524ed16935f0,36cb4271-0a29-458f-8470-756267e8842f,7,Concentration Curls,Dumbbells,
668da1b2-840b-4678-892d-1ca205aaec41,42016dcd-c372-4e89-8b91-66efdace2571,1,Sumo Deadlifts,Barbell,
cb8de83d-6da0-4bc9-bbcc-bad880637899,42016dcd-c372-4e89-8b91-66efdace2571,2,Bulgarian Split Squats,Barbell,
8975c04c-055f-4f97-a0b3-8e65c85445f6,42016dcd-c372-4e89-8b91-66efdace2571,3,Squats,Barbell,
090e8ca6-33c8-419f-abb0-f1813437e305,42016dcd-c372-4e89-8b91-66efdace2571,4,Romanian Deadlifts,Barbell,
cd9ef2cd-f2ee-49e0-8f21-645e8f8c2483,42016dcd-c372-4e89-8b91-66efdace2571,5,Seated Calf Raises,Bodyweight,
5cf0fb67-8062-448c-aa2b-00cd05ad3176,42016dcd-c372-4e89-8b91-66efdace2571,6,Hanging Leg Raises,Bodyweight,
c3ced034-ad32-4e25-a917-2069f78feca9,42016dcd-c372-4e89-8b91-66efdace2571,7,Side Sit-Ups,Bodyweight,
9a9c7d91-1310-49c2-b96b-537381a62fdc,b7f47f2b-2874-40be-9c9c-dbeba4774eee,1,Incline Bench Press,Barbell,
be3321d2-b0d6-4635-92b2-ad87b66421b7,b7f47f2b-2874-40be-9c9c-dbeba4774eee,2,Bench Press,Dumbbells,
8d447d8f-5fd3-41d9-9add-d247b5bc0cab,b7f47f2b-2874-40be-9c9c-dbeba4774eee,3,Bent-Over Rows,Dumbbells,
e84cd6cd-5f51-46d3-bde3-3e233645005e,b7f47f2b-2874-40be-9c9c-dbeba4774eee,4,One-Arm Rows,Dumbbells,
7be0fef3-dca2-4054-bf03-6527fad82c2a,b7f47f2b-2874-40be-9c9c-dbeba4774eee,5,Upright Rows,EZ Curl Bar,
4459f74b-754f-420f-9ea1-ff74ff3b7d4f,b7f47f2b-2874-40be-9c9c-dbeba4774eee,6,Face Pulls with Rope,Cable,
f385b08b-89fb-4db2-a490-1d0f053a7201,b7f47f2b-2874-40be-9c9c-dbeba4774eee,7,Concentration Hammer Curls,Dumbbells,
cec973a2-8e19-40f4-8961-8a73c2e5f559,e1def059-840b-4c62-8ef8-4280dd1d695b,1,Bench Press,Dumbbells,
d614705e-e4d5-4ac2-978d-e8cd21557915,e1def059-840b-4c62-8ef8-4280dd1d695b,2,Lat Pulldowns with Wide Neutral Grip,Cable,
5f17c38f-5f3d-4363-aedd-677de65df456,e1def059-840b-4c62-8ef8-4280dd1d695b,3,Front Squats,Barbell,
169ac0a0-2996-4062-b2c0-5cfccf7bed43,e1def059-840b-4c62-8ef8-4280dd1d695b,4,Romanian Deadlifts,Dumbbells,
f016f653-50b0-4e54-866e-0feb1bddb8b6,e1def059-840b-4c62-8ef8-4280dd1d695b,5,Overhead Triceps Extensions,Cable,
d74c1d71-09b5-4258-b845-bafe14b21191,e1def059-840b-4c62-8ef8-4280dd1d695b,6,Incline Hammer Curls,Dumbbells,
0461ba96-a67f-4564-b829-dbb87784efd3,e1def059-840b-4c62-8ef8-4280dd1d695b,7,Kneeling Crunches,Cable,
7a349efb-f8dc-40a6-8ff3-aa2b3ca7fc79,b606cf0a-ffdb-4089-81cb-9de68e4fcc23,1,Bench Press,Barbell,
26047fdb-74d6-41e2-89e4-03dc3b3916d7,b606cf0a-ffdb-4089-81cb-9de68e4fcc23,2,Incline Bench Press,Dumbbells,
02196a31-6a9a-45f5-9c50-fc7f44ebf735,b606cf0a-ffdb-4089-81cb-9de68e4fcc23,3,Lat Pulldowns with Close Neutral Grip,Cable,
520ce96f-22e3-4110-a545-02a7738092d3,b606cf0a-ffdb-4089-81cb-9de68e4fcc23,4,One-Arm Rows with Reverse Grip,Dumbbells,
47bb8bac-542b-472d-b72f-a22a0ed732fa,b606cf0a-ffdb-4089-81cb-9de68e4fcc23,5,JM Press,EZ Curl Bar,
da5da076-8a6d-45b0-a3e5-c5c0c6c6e460,b606cf0a-ffdb-4089-81cb-9de68e4fcc23,6,Incline Lateral Raises,Dumbbells,
ac042c97-7544-4bd9-8424-1c655d8c6cb1,b606cf0a-ffdb-4089-81cb-9de68e4fcc23,7,Concentration Curls,Dumbbells,
9bda7bbd-d2a0-4403-903f-3392305c620d,8296e4ad-18f2-4d35-9025-2df56d6a7abe,1,Sumo Deadlifts,Barbell,
bc64f08b-cf2e-4284-8a63-452172fa8ac6,8296e4ad-18f2-4d35-9025-2df56d6a7abe,2,Bulgarian Split Squats,Barbell,
7f79aed3-a315-430a-a169-007ef2d6f2d2,8296e4ad-18f2-4d35-9025-2df56d6a7abe,3,Squats,Barbell,
53c3802a-eda6-463b-934f-1a55188ef296,8296e4ad-18f2-4d35-9025-2df56d6a7abe,4,Romanian Deadlifts,Dumbbells,
fca0381b-da7b-4e71-af1e-707631735988,8296e4ad-18f2-4d35-9025-2df56d6a7abe,5,Seated Calf Raises,Bodyweight,
5da41047-58b6-4838-89ab-0ab4ff7b0e1b,8296e4ad-18f2-4d35-9025-2df56d6a7abe,6,Hanging Leg Raises,Bodyweight,
9ee76c44-ae7b-48cb-b9a0-dcd82a4ad25a,8296e4ad-18f2-4d35-9025-2df56d6a7abe,7,Side Sit-Ups,Bodyweight,
bdf0a4dd-709c-4a98-839b-e710c0e50172,8e907457-c6a3-444d-b0e7-779c372d35fa,1,Incline Bench Press,Barbell,
348d7730-dae5-46d8-a2bc-cb827e112205,8e907457-c6a3-444d-b0e7-779c372d35fa,2,Bench Press,Dumbbells,
6f8e0f8b-0d81-4487-9e78-d860c0eeb6ab,8e907457-c6a3-444d-b0e7-779c372d35fa,3,Bent-Over Rows,Dumbbells,
21455443-c340-4842-9348-ac0b073c94a7,8e907457-c6a3-444d-b0e7-779c372d35fa,4,One-Arm Rows,Dumbbells,
73de63b9-7a95-424b-b0f6-97c6200b8377,8e907457-c6a3-444d-b0e7-779c372d35fa,5,Upright Rows,EZ Curl Bar,
3126924f-d096-4605-b323-e482eb3158d3,8e907457-c6a3-444d-b0e7-779c372d35fa,6,Face Pulls with Rope,Cable,
8599ce84-a1ab-478b-a620-cd1e96f1a6c5,8e907457-c6a3-444d-b0e7-779c372d35fa,7,Concentration Hammer Curls,Dumbbells,
cc931623-cf19-420b-9661-1ec3c405b093,a5527e02-c357-411a-94e4-7e4eac1cb55b,1,Bench Press,Dumbbells,
92dc2a18-1b1f-4299-9fca-e7b7e5cc3574,a5527e02-c357-411a-94e4-7e4eac1cb55b,2,Lat Pulldowns with Wide Neutral Grip,Cable,
8016db95-2b71-4089-9fd5-6b101fe7ac97,a5527e02-c357-411a-94e4-7e4eac1cb55b,3,Front Squats,Barbell,
a6810cdd-85ab-435b-a824-cb242140c32f,a5527e02-c357-411a-94e4-7e4eac1cb55b,4,Romanian Deadlifts,Dumbbells,
2656dbff-1458-4e83-950c-11cc0a7a3636,a5527e02-c357-411a-94e4-7e4eac1cb55b,5,Incline Skull Crushers,EZ Curl Bar,
a4ceaf60-b590-4708-b1fb-28728b68b9dc,a5527e02-c357-411a-94e4-7e4eac1cb55b,6,Incline Hammer Curls,Dumbbells,
6381b443-c4e9-4c63-a85e-cc1fa14ebfd5,a5527e02-c357-411a-94e4-7e4eac1cb55b,7,Kneeling Crunches,Cable,
2420f2d6-6872-4569-8366-72bc391bbbbe,971d8020-9c06-4e41-8de5-ad1b9761c981,1,Bench Press,Barbell,
8a0b9a51-0d08-4ea9-8410-bd72ee2e51fa,971d8020-9c06-4e41-8de5-ad1b9761c981,2,Incline Bench Press,Dumbbells,
10ef4197-7a39-4072-b34c-9da9943565aa,971d8020-9c06-4e41-8de5-ad1b9761c981,3,Lat Pulldowns with Close Neutral Grip,Cable,
c2dae880-9963-4845-a7ef-44864cca4293,971d8020-9c06-4e41-8de5-ad1b9761c981,4,One-Arm Rows with Reverse Grip,Dumbbells,
36d2ae37-e120-4226-b959-e92d5e4c5adc,971d8020-9c06-4e41-8de5-ad1b9761c981,5,JM Press,EZ Curl Bar,
43db85cb-29df-466b-a02b-b6d7bc0c7391,971d8020-9c06-4e41-8de5-ad1b9761c981,6,Incline Lateral Raises,Dumbbells,
b929729d-dc24-4b02-aac4-9f6c82a960b7,971d8020-9c06-4e41-8de5-ad1b9761c981,7,Concentration Curls,Dumbbells,
e9519f81-ed9f-43c4-9ce8-acc26e9dc812,6ea64048-67d9-4766-9599-1124c80bec23,1,Sumo Deadlifts,Barbell,
5ed0e2f3-8d29-4296-b919-df9580ba3761,6ea64048-67d9-4766-9599-1124c80bec23,2,Bulgarian Split Squats,Barbell,
479b690c-285e-4d45-80bb-12b40f4cbc0e,6ea64048-67d9-4766-9599-1124c80bec23,3,Squats,Barbell,
049aeb95-8736-4070-b416-e1af82e82dbc,6ea64048-67d9-4766-9599-1124c80bec23,4,Romanian Deadlifts,Dumbbells,
ec672b91-bdd0-41d2-bda7-2aeb350242e9,6ea64048-67d9-4766-9599-1124c80bec23,5,Seated Calf Raises,Bodyweight,
6c0103d4-19ce-4535-95c6-787bf61c7cf8,6ea64048-67d9-4766-9599-1124c80bec23,6,Hanging Leg Raises,Bodyweight,
66a5d4ef-901e-458f-a0e6-52a6585208a9,6ea64048-67d9-4766-9599-1124c80bec23,7,Side Sit-Ups,Bodyweight,
be676dfd-564e-49e1-a1e7-0f2b703d7fc3,42a53be6-3c90-41f1-93b6-8fdcbabbe99d,1,Incline Bench Press,Barbell,
2b3e03b0-ce9e-4e81-8c5d-ecdf74bd9ae5,42a53be6-3c90-41f1-93b6-8fdcbabbe99d,2,Bench Press,Dumbbells,
5d702888-69c9-408a-a8e0-e1c28de5ff7c,42a53be6-3c90-41f1-93b6-8fdcbabbe99d,3,Bent-Over Rows,Dumbbells,
e958d753-eb30-4173-bd9f-a0ea3a24f961,42a53be6-3c90-41f1-93b6-8fdcbabbe99d,4,One-Arm Rows,Dumbbells,
504f4b2d-b1a0-429c-bb32-37a7f045cbea,42a53be6-3c90-41f1-93b6-8fdcbabbe99d,5,Upright Rows,EZ Curl Bar,
57127e73-cc2e-4288-ae4f-b510835597de,42a53be6-3c90-41f1-93b6-8fdcbabbe99d,6,Face Pulls with Rope,Cable,
250b7425-7412-4089-8203-4f14026756b4,42a53be6-3c90-41f1-93b6-8fdcbabbe99d,7,Concentration Hammer Curls,Dumbbells,
8dafa53d-3145-4589-b74c-362e24767602,0fb4410c-b567-451e-9838-eb7d3c654109,1,Romanian Deadlifts,Barbell,
f315b895-4a4d-49f8-96bd-0c827535fd86,0fb4410c-b567-451e-9838-eb7d3c654109,2,Forward Lunges,Dumbbells,
487dcc29-5046-440b-b161-ee36043a0a46,0fb4410c-b567-451e-9838-eb7d3c654109,3,Front Squats,Barbell,
6779c73e-1559-4a6c-b760-c3bd271c4619,0fb4410c-b567-451e-9838-eb7d3c654109,4,Flys,Dumbbells,
17fab896-db89-41fa-8ffd-64e2cbee011f,0fb4410c-b567-451e-9838-eb7d3c654109,5,Pullovers on Bench,Dumbbells,
ba5201c8-aeb2-4b86-afa9-366b31eb01bb,0fb4410c-b567-451e-9838-eb7d3c654109,6,Incline Hammer Curls,Dumbbells,
ddae4213-67f3-4955-aef7-8af521fdc20e,0fb4410c-b567-451e-9838-eb7d3c654109,7,One-Arm Lateral Raises at Hip Height,Cable,
b936178c-4959-4aed-b221-56f46d750208,0fb4410c-b567-451e-9838-eb7d3c654109,8,Decline Side Sit-Ups,Bodyweight,
fb89f123-e667-4058-9e40-43ad421a544c,0fb4410c-b567-451e-9838-eb7d3c654109,9,Seated Calf Raises,Bodyweight,
dd432ebf-b040-487c-9b1e-cd2c55a71d4d,1fa45ae2-6759-4027-85de-6e9ad03f829b,1,Bench Press,Barbell,
b6ef321f-8c9a-41d9-b67c-2bd60f1efb23,1fa45ae2-6759-4027-85de-6e9ad03f829b,2,Incline Bench Press,Dumbbells,
39670e6a-3406-4eed-b99d-1f1a279502c3,1fa45ae2-6759-4027-85de-6e9ad03f829b,3,Seated Shoulder Press with Close Grip,Dumbbells,
547e6e29-1b1a-4fb0-b97d-1da834d0e6c8,1fa45ae2-6759-4027-85de-6e9ad03f829b,4,One-Arm Rows with Reverse Grip,Dumbbells,
37a87989-e46a-4605-98c4-07be2cef213d,1fa45ae2-6759-4027-85de-6e9ad03f829b,5,Pullovers with Rope,Cable,
ef3b8cc3-a829-4554-8883-a379fa38eb14,1fa45ae2-6759-4027-85de-6e9ad03f829b,6,Twist Curls,Dumbbells,
aa185475-5dde-4c3c-a008-2894fd4b295c,1fa45ae2-6759-4027-85de-6e9ad03f829b,7,Bent-Over Lateral Raises,Dumbbells,
3402147a-1ac9-43a7-b637-8317768f597c,1fa45ae2-6759-4027-85de-6e9ad03f829b,8,Lateral Raises,Dumbbells,
8b073608-363d-425e-8353-1cdb232fd512,1fa45ae2-6759-4027-85de-6e9ad03f829b,9,Incline Skull Crushers,Dumbbells,
e42e04f5-2c18-47ff-a1d2-4c2dc1a4f41d,db3a8025-808c-431c-a782-ee24c1384dbe,1,Lat Pulldowns with Close Neutral Grip,Cable,
2aa3ce79-de97-4db5-a25c-04ee61c3239a,db3a8025-808c-431c-a782-ee24c1384dbe,2,One-Arm Rows,Dumbbells,
574075b8-42b6-49fb-9aaf-283bc9746a5e,db3a8025-808c-431c-a782-ee24c1384dbe,3,Bench Press,Dumbbells,
fb21eada-9491-4e62-9397-3f2cc5c9c251,db3a8025-808c-431c-a782-ee24c1384dbe,4,Squats,Barbell,
32903efb-867b-416f-8a00-0b52b4dba82a,db3a8025-808c-431c-a782-ee24c1384dbe,5,Romanian Deadlifts,Dumbbells,
ce406eb1-2f98-469c-9585-f02fe12092fb,db3a8025-808c-431c-a782-ee24c1384dbe,6,Reverse Curls,Dumbbells,
1b0a1915-8d03-48df-90db-6d0f735560bc,db3a8025-808c-431c-a782-ee24c1384dbe,7,Upright Rows,Dumbbells,
f78f31a7-969e-404f-a418-b82329877020,db3a8025-808c-431c-a782-ee24c1384dbe,8,Standing Calf Raises,Smith machine,
b52bdca3-0e2f-4d87-964e-4ec566aecab0,db3a8025-808c-431c-a782-ee24c1384dbe,9,Sit-Ups,Bodyweight,
200c6052-5608-4a46-8cff-ac52cb6531e9,75a1c31e-becb-411b-8921-b1ecc4d28161,1,Chin-Ups,Bodyweight,
edbb3c77-15e0-4db0-a416-1bc09a4320ab,75a1c31e-becb-411b-8921-b1ecc4d28161,2,Lat Pulldowns with Close Overhand Grip,Cable,
d90d0f69-75ab-4425-b43a-aa5d3c232e96,75a1c31e-becb-411b-8921-b1ecc4d28161,3,One-Arm Rows,Dumbbells,
da36e3bc-f417-42bc-a984-9372e470e642,75a1c31e-becb-411b-8921-b1ecc4d28161,4,Seated Shoulder Press,Dumbbells,
51bcee76-2b6f-4a61-b450-1ad6b9e179ad,75a1c31e-becb-411b-8921-b1ecc4d28161,5,Incline Flys,Dumbbells,
c9cdf11b-5e49-4841-85df-f092e9a14fb3,75a1c31e-becb-411b-8921-b1ecc4d28161,6,Incline Twist Curls,Dumbbells,
4f202c47-640b-49af-97b0-aa056e09f539,75a1c31e-becb-411b-8921-b1ecc4d28161,7,Incline Reverse Flys,Dumbbells,
9c40ce4a-04c3-4561-8667-8dc65baf4e2b,75a1c31e-becb-411b-8921-b1ecc4d28161,8,Shrugs,Dumbbells,
a224c019-868f-4176-a0e6-d7ca020aff72,75a1c31e-becb-411b-8921-b1ecc4d28161,9,Triceps Pushdowns with Rope,Cable,
bbebddc4-777a-475c-819a-0f10c2ba9cd6,cadcc61c-dff3-4a42-9791-2057d481e399,1,Squats,Barbell,
03cbbd69-c2ff-41b9-9728-b984812afc51,cadcc61c-dff3-4a42-9791-2057d481e399,2,Romanian Deadlifts,Dumbbells,
ca96e6bb-b4d8-4f7e-9584-51b1eebf6a62,cadcc61c-dff3-4a42-9791-2057d481e399,3,Incline Flys,Dumbbells,
b67d3d73-fde6-4825-922b-ec4fbd3fe67c,cadcc61c-dff3-4a42-9791-2057d481e399,4,Pullovers,Cable,
f400e6c8-4f23-483f-9d65-8fcb68345ed9,cadcc61c-dff3-4a42-9791-2057d481e399,5,Drag Curls,Barbell,
0fea7d8d-fb3c-46c7-9994-93073b974538,cadcc61c-dff3-4a42-9791-2057d481e399,6,JM Press,Barbell,
918e4a5d-0291-49af-a264-433366996184,cadcc61c-dff3-4a42-9791-2057d481e399,7,Seated Calf Raises,Bodyweight,
063123e7-ed99-4e35-b0fc-f7dea40cd3f4,796b29f5-fb83-48d2-b7f2-d4b02ba63116,1,Bent-Over Rows,Barbell,
9fae23b6-a62c-4c7b-93aa-24bc48e9433f,796b29f5-fb83-48d2-b7f2-d4b02ba63116,2,Lat Pulldowns with Wide Neutral Grip,Cable,
52d289cc-b366-4d7a-8a4e-932fc2334779,796b29f5-fb83-48d2-b7f2-d4b02ba63116,3,Incline Bench Press,Dumbbells,
b23206c5-0dad-4871-80c8-37011eeac5b6,796b29f5-fb83-48d2-b7f2-d4b02ba63116,4,Flys,Dumbbells,
efd4a32c-4bab-4c6b-b63c-dd7077ba91b5,796b29f5-fb83-48d2-b7f2-d4b02ba63116,5,Reverse Curls,EZ Curl Bar,
d149518b-082f-4273-8f93-ea26078a9b58,796b29f5-fb83-48d2-b7f2-d4b02ba63116,6,Upright Rows,Dumbbells,
07a57500-0ff2-46cb-9993-1cb0a05b181c,796b29f5-fb83-48d2-b7f2-d4b02ba63116,7,Overhead Triceps Extensions,Cable,
ac8a1114-81f0-45cd-b7a0-936e0450cf1f,3882b195-e118-4f4a-b7b3-f78ef368067d,1,Sumo Deadlifts,Barbell,
acca6d95-a6c4-4adb-bfeb-cb1cb2f726e4,3882b195-e118-4f4a-b7b3-f78ef368067d,2,Reverse Lunges,Dumbbells,
9e64280c-058f-442a-b0a0-356c41cbcad9,3882b195-e118-4f4a-b7b3-f78ef368067d,3,Front Squats,Barbell,
8afb9908-fdbc-4114-80aa-0dd80231e69d,3882b195-e118-4f4a-b7b3-f78ef368067d,4,Romanian Deadlifts,Dumbbells,
2da0136b-67a1-40c8-a760-bf7671113e76,3882b195-e118-4f4a-b7b3-f78ef368067d,5,Standing Calf Raises,Bodyweight,
887f20a8-e564-47aa-9ea4-8257c3a7fe8f,3882b195-e118-4f4a-b7b3-f78ef368067d,6,Side Sit-Ups,Bodyweight,
6c91fb61-bc7d-4f5c-b5ad-80e35c95ccd5,3882b195-e118-4f4a-b7b3-f78ef368067d,7,Side Crunches,Bodyweight,
2186738a-20cf-475d-84a3-c770206faafe,5ad71fd5-9810-4a29-9bb0-46d472684754,1,Bench Press,Barbell,
d2ea7596-eb6d-419a-8238-826430f7f176,5ad71fd5-9810-4a29-9bb0-46d472684754,2,Standing Shoulder Press with Close Grip,Dumbbells,
cf394adf-87bf-475f-8c43-7cc3283ca1ec,5ad71fd5-9810-4a29-9bb0-46d472684754,3,Rows with Wide Grip,Cable,
2991b5cb-e1fa-4bd8-8492-05dd9ac95432,5ad71fd5-9810-4a29-9bb0-46d472684754,4,Lat Pulldowns with Close Overhand Grip,Cable,
e1387b29-8c6c-4c26-a952-2aa01037846b,5ad71fd5-9810-4a29-9bb0-46d472684754,5,Lateral Raises,Dumbbells,
b6931843-e863-4933-889d-60c761c02c10,5ad71fd5-9810-4a29-9bb0-46d472684754,6,Incline Reverse Flys,Dumbbells,
0eed81ea-3df3-4449-925e-80ae22bf8fce,5ad71fd5-9810-4a29-9bb0-46d472684754,7,Triceps Kickbacks,Dumbbells,
724db48e-9ddf-4a46-aad5-1edcba32c283,698ff433-6444-4473-9a7c-0e898b2acf40,1,Squats,Barbell,
b5631f07-4cb8-4c90-baae-f84512cfff67,698ff433-6444-4473-9a7c-0e898b2acf40,2,Romanian Deadlifts,Dumbbells,
a08b29dd-d7b3-4288-92c7-fc4052a618ca,698ff433-6444-4473-9a7c-0e898b2acf40,3,Incline Flys,Dumbbells,
1203f707-dbdc-4c4a-945a-40c078fff393,698ff433-6444-4473-9a7c-0e898b2acf40,4,Pullovers,Cable,
8c70e017-d536-4a99-85bd-6d17af24cf20,698ff433-6444-4473-9a7c-0e898b2acf40,5,Drag Curls,Barbell,
aed2b39a-505d-435d-9796-ddf256d1d168,698ff433-6444-4473-9a7c-0e898b2acf40,6,JM Press,Barbell,
aa4f8ae6-e1be-46f3-a174-b0371f521055,698ff433-6444-4473-9a7c-0e898b2acf40,7,Seated Calf Raises,Bodyweight,
328b5f84-cce4-4bc4-8a1b-49835e3f8b0e,91d6830f-fe36-45fd-9fb3-084fcd4472ed,1,Bent-Over Rows,Barbell,
3b308e44-7ab3-43c1-928b-a5898f7ff3a0,91d6830f-fe36-45fd-9fb3-084fcd4472ed,2,Lat Pulldowns with Wide Neutral Grip,Cable,
92de7f4e-ce0c-41d5-a473-653d7867e60b,91d6830f-fe36-45fd-9fb3-084fcd4472ed,3,Incline Bench Press,Dumbbells,
5a1cd92b-df48-4439-bfd3-6574387d8d8e,91d6830f-fe36-45fd-9fb3-084fcd4472ed,4,Flys,Dumbbells,
add75461-6691-4d42-98a4-a6d716ae11a6,91d6830f-fe36-45fd-9fb3-084fcd4472ed,5,Reverse Curls,EZ Curl Bar,
d68b5675-e1fe-4c5e-bf2a-e25e4463759b,91d6830f-fe36-45fd-9fb3-084fcd4472ed,6,Upright Rows,Dumbbells,
26a52cad-566a-4d77-81a6-de8e2ead5ba4,91d6830f-fe36-45fd-9fb3-084fcd4472ed,7,Overhead Triceps Extensions,Cable,
afa49e77-a055-41a6-8b11-fa85eefb5b3f,7e9baa42-6008-4897-8637-ff9b8b5f01bd,1,Sumo Deadlifts,Barbell,
f90f2438-afe1-4760-83c3-67e3b0508a1c,7e9baa42-6008-4897-8637-ff9b8b5f01bd,2,Reverse Lunges,Dumbbells,
0d10f23f-4538-4229-a0f9-cf80cb1adb82,7e9baa42-6008-4897-8637-ff9b8b5f01bd,3,Front Squats,Barbell,
0fae7ee9-a22d-4efe-a543-7664ac92b1a7,7e9baa42-6008-4897-8637-ff9b8b5f01bd,4,Romanian Deadlifts,Dumbbells,
f423ad7d-5d05-4904-9e45-6201f257ddfd,7e9baa42-6008-4897-8637-ff9b8b5f01bd,5,Standing Calf Raises,Bodyweight,
673ff5f1-1cd6-4d1a-a776-8074ccd56b9c,7e9baa42-6008-4897-8637-ff9b8b5f01bd,6,Side Sit-Ups,Bodyweight,
8d08198e-47b8-40f8-967f-3935ffc7c9db,4d209a63-389d-4623-b4da-36f48c6ecc6c,1,Bench Press,Barbell,
98fec38e-1c95-42f5-9954-270f67d979f5,4d209a63-389d-4623-b4da-36f48c6ecc6c,2,Standing Shoulder Press with Close Grip,Dumbbells,
290becae-d0dc-4f65-b151-2fb08e497286,4d209a63-389d-4623-b4da-36f48c6ecc6c,3,Rows with Wide Grip,Cable,
0e2dbd52-305c-473c-86e2-b882c5dea59d,4d209a63-389d-4623-b4da-36f48c6ecc6c,4,Lat Pulldowns with Close Overhand Grip,Cable,
499750e7-3344-40c3-98ec-e845b66b3d77,4d209a63-389d-4623-b4da-36f48c6ecc6c,5,Lateral Raises,Dumbbells,
2699a2da-bcc3-420a-9647-4816ba0d1053,4d209a63-389d-4623-b4da-36f48c6ecc6c,6,Incline Reverse Flys,Dumbbells,
82c79f03-004b-4ff5-933c-53e52e1d0640,4d209a63-389d-4623-b4da-36f48c6ecc6c,7,Triceps Kickbacks,Dumbbells,
13024f1f-0ec7-4af7-afca-126ebaa58ab0,ac4534e4-ce51-44fc-977f-69a9dc65796d,1,Squats,Barbell,
dd5167d0-beee-408a-91ba-857c0dd7207d,ac4534e4-ce51-44fc-977f-69a9dc65796d,2,Romanian Deadlifts,Dumbbells,
d7230490-404b-4622-8a16-c9cd27fe3f5c,ac4534e4-ce51-44fc-977f-69a9dc65796d,3,Incline Flys,Dumbbells,
c796839d-6045-44b5-a404-64166524d357,ac4534e4-ce51-44fc-977f-69a9dc65796d,4,Pullovers,Cable,
c8b9c938-0052-405f-844d-198dc63d3d3f,ac4534e4-ce51-44fc-977f-69a9dc65796d,5,Drag Curls,Barbell,
4a14abaa-a3ed-4722-af42-8b068b94e772,ac4534e4-ce51-44fc-977f-69a9dc65796d,6,JM Press,Barbell,
73dd655c-8940-4b83-93f8-883b93878e50,ac4534e4-ce51-44fc-977f-69a9dc65796d,7,Seated Calf Raises,Bodyweight,
d34c30c4-4cd0-4b6b-9a38-84d066f2472b,bfe96b9d-fd43-4562-b207-f38804c538ee,1,Bent-Over Rows,Barbell,
8d79530d-2815-4192-af72-8f9ac3bc3baa,bfe96b9d-fd43-4562-b207-f38804c538ee,2,Lat Pulldowns with Wide Neutral Grip,Cable,
ee049168-0650-40f6-8e7b-8563682b7dcd,bfe96b9d-fd43-4562-b207-f38804c538ee,3,Incline Bench Press,Dumbbells,
a8f703c0-954a-4b16-ab87-d6e38ca93770,bfe96b9d-fd43-4562-b207-f38804c538ee,4,Flys,Dumbbells,
9ba3fe4e-36ed-44ec-bc99-cd340295109a,bfe96b9d-fd43-4562-b207-f38804c538ee,5,Reverse Curls,EZ Curl Bar,
a131299a-4240-4965-96fa-2332c072008c,bfe96b9d-fd43-4562-b207-f38804c538ee,6,Upright Rows,Dumbbells,
8b2676af-a2de-4aca-a2ad-7744d10279cc,bfe96b9d-fd43-4562-b207-f38804c538ee,7,Triceps Pushdowns,Cable,
eab2eda4-c4f9-466f-9ef9-4cab234914b7,e21c524d-a664-4bfa-9e4d-417dd4a19332,1,Sumo Deadlifts,Barbell,
0a50acfd-491e-4344-89a5-8dde7d57b5ac,e21c524d-a664-4bfa-9e4d-417dd4a19332,2,Reverse Lunges,Dumbbells,
9864122a-d397-4736-9b73-68d1f8796a8c,e21c524d-a664-4bfa-9e4d-417dd4a19332,3,Front Squats,Barbell,
29ff6a76-0f4f-4c52-aeea-8067ad89b3c3,e21c524d-a664-4bfa-9e4d-417dd4a19332,4,Romanian Deadlifts,Dumbbells,
2247881f-3777-4540-923f-2191364017fc,e21c524d-a664-4bfa-9e4d-417dd4a19332,6,Side Sit-Ups,Bodyweight,
7f371e0d-fffc-4b27-ba8f-a7dd98e80415,e21c524d-a664-4bfa-9e4d-417dd4a19332,7,Side Crunches,Bodyweight,
1de2f76d-6824-4900-91ca-77c17a25ebd0,7ef4ec23-de4d-4976-af91-3134c4275c0d,1,Bench Press,Barbell,
0796e534-e4de-4f07-9a0b-73a60fb19756,7ef4ec23-de4d-4976-af91-3134c4275c0d,2,Standing Shoulder Press with Close Grip,Dumbbells,
ee0ec493-760f-40ef-b43a-197886a63aaa,7ef4ec23-de4d-4976-af91-3134c4275c0d,3,Rows with Wide Grip,Cable,
cf95606c-68d6-4b09-989b-25e2ef0e4273,7ef4ec23-de4d-4976-af91-3134c4275c0d,4,Lat Pulldowns with Close Overhand Grip,Cable,
9b397815-60df-4f86-b2d5-215c7f3e68df,7ef4ec23-de4d-4976-af91-3134c4275c0d,5,Lateral Raises,Dumbbells,
28556637-8c2a-417c-ae19-5f88fdc4c425,7ef4ec23-de4d-4976-af91-3134c4275c0d,6,Incline Reverse Flys,Dumbbells,
6ebf2853-2565-4778-ac4d-82cb536829b6,7ef4ec23-de4d-4976-af91-3134c4275c0d,7,Triceps Kickbacks,Dumbbells,
c28b48eb-bdb0-47d3-ae43-b0adc1504796,88c9414b-27b0-42a3-825a-f6a5b29f5667,1,Squats,Barbell,
8368aecf-b940-46e5-b41d-84a4a7c4646d,88c9414b-27b0-42a3-825a-f6a5b29f5667,2,Romanian Deadlifts,Dumbbells,
b2efde81-097b-4bfd-8812-c5d4d8e87727,88c9414b-27b0-42a3-825a-f6a5b29f5667,3,Incline Flys,Dumbbells,
78dcedd0-2db9-4e95-bc8d-503d8d4faf1d,88c9414b-27b0-42a3-825a-f6a5b29f5667,4,Pullovers on Bench,EZ Curl Bar,
4ce470a3-7104-49b9-ad43-0c91d288bc88,88c9414b-27b0-42a3-825a-f6a5b29f5667,5,Drag Curls,Barbell,
0a054631-972c-42e5-8cb2-bdf4329a6884,88c9414b-27b0-42a3-825a-f6a5b29f5667,6,JM Press,Barbell,
f8c1a652-0158-4875-bad4-98346363f110,88c9414b-27b0-42a3-825a-f6a5b29f5667,7,Seated Calf Raises,Bodyweight,
cf3066f1-70af-4ec6-9726-8eba41770b29,3e0e6da4-47cb-4b3f-8439-fb8c484d71bb,1,Decline Side Crunches,Bodyweight,
99d581bc-0eac-49b9-b104-060cb2cacfcd,3e0e6da4-47cb-4b3f-8439-fb8c484d71bb,2,Crunches,Bodyweight,
b57f8e5b-2664-486b-b1d9-52a68e4ecb41,c41d1926-1046-43b5-8ffd-a8ff20d56ae1,1,Bent-Over Rows,Barbell,
0f27103b-1d96-437a-b5d1-0d9b5787c9bc,c41d1926-1046-43b5-8ffd-a8ff20d56ae1,2,Lat Pulldowns with Wide Neutral Grip,Cable,
cd880a7b-625f-4a87-8a22-834b7f84e1a5,c41d1926-1046-43b5-8ffd-a8ff20d56ae1,3,Incline Bench Press,Dumbbells,
b401a2e8-8534-48eb-8240-b899ccac4778,c41d1926-1046-43b5-8ffd-a8ff20d56ae1,4,Flys,Dumbbells,
3dfd66a9-2f71-4c97-8a5b-9fb8bc27950b,c41d1926-1046-43b5-8ffd-a8ff20d56ae1,5,Reverse Curls,EZ Curl Bar,
618a5831-7802-4f53-be0e-f43dd2c2a96f,c41d1926-1046-43b5-8ffd-a8ff20d56ae1,6,Upright Rows,Dumbbells,
88527c35-4690-41f9-b41c-74f84b39675b,c41d1926-1046-43b5-8ffd-a8ff20d56ae1,7,Incline Skull Crushers,EZ Curl Bar,
74d03171-d337-4aa8-8252-9f0aacf93de5,b372dbc5-03c4-4e97-a61e-548c34b3f5ab,1,Sumo Deadlifts,Barbell,
5d8777db-d57f-40f8-8159-3a0372ab0b9c,b372dbc5-03c4-4e97-a61e-548c34b3f5ab,2,Reverse Lunges,Dumbbells,
6b8a56dd-8235-461c-988d-ab83887c7caf,b372dbc5-03c4-4e97-a61e-548c34b3f5ab,3,Goblet Squats,Dumbbells,
05bee8a4-d8e7-43d2-908b-46573be3178a,b372dbc5-03c4-4e97-a61e-548c34b3f5ab,4,Romanian Deadlifts,Dumbbells,
0431180e-d375-4cb7-bcca-b4c744a4d464,b372dbc5-03c4-4e97-a61e-548c34b3f5ab,5,Standing Calf Raises,Bodyweight,
34cd309e-7688-4862-bd84-819b9e969601,b372dbc5-03c4-4e97-a61e-548c34b3f5ab,6,Side Sit-Ups,Bodyweight,
5415ec4f-358a-42aa-a57f-c8c8d0f5ee05,b372dbc5-03c4-4e97-a61e-548c34b3f5ab,7,Side Crunches,Bodyweight,
e2f0281f-3c8c-4331-ab19-80ba03ec3135,c4ec8ef9-4337-4b12-bf7c-076762f534bd,1,Bench Press,Barbell,
9a5d0c47-336a-4495-a62c-31bea661be36,c4ec8ef9-4337-4b12-bf7c-076762f534bd,2,Standing Shoulder Press with Close Grip,Dumbbells,
23eabc01-02ea-4723-93b6-97a0ce60d21d,c4ec8ef9-4337-4b12-bf7c-076762f534bd,3,Rows with Wide Grip,Cable,
ceddf863-4d1b-42ae-8ecc-ad898d48308e,c4ec8ef9-4337-4b12-bf7c-076762f534bd,4,Lat Pulldowns with Close Overhand Grip,Cable,
c44d51ce-95d1-4471-99d2-ff8fbd6ce162,c4ec8ef9-4337-4b12-bf7c-076762f534bd,5,Lateral Raises,Dumbbells,
4c7181ac-042d-470c-86e2-a35837332e18,c4ec8ef9-4337-4b12-bf7c-076762f534bd,6,Incline Reverse Flys,Dumbbells,
7eb69fe4-b605-43b3-9681-70d3ba203401,c4ec8ef9-4337-4b12-bf7c-076762f534bd,7,Triceps Kickbacks,Dumbbells,
39c69da8-2946-420d-9550-8c3f3f81ac26,e28240c3-799b-4602-96bc-f2c5fda95af3,1,Decline Side Crunches,Bodyweight,
aca020be-539f-41ab-9188-51a26b0f60dc,e28240c3-799b-4602-96bc-f2c5fda95af3,2,Crunches,Bodyweight,
0915ca6a-e283-48fd-bd7f-cfd5740dbfb7,22be778a-e965-406d-a3db-735053e3f445,1,Squats,Barbell,
759bfc8c-0635-456e-898e-330677560424,22be778a-e965-406d-a3db-735053e3f445,2,Romanian Deadlifts,Dumbbells,
7d6f3d8e-5a88-46c0-a4d7-0cb5dc75d59f,22be778a-e965-406d-a3db-735053e3f445,3,Incline Flys,Dumbbells,
cc51c23e-98ba-47bc-b17e-309925657639,22be778a-e965-406d-a3db-735053e3f445,4,Pullovers on Bench,EZ Curl Bar,
5b2c0550-4d4c-4812-9325-e2ef4cadfe95,22be778a-e965-406d-a3db-735053e3f445,5,Drag Curls,Barbell,
eb385662-fe3d-456d-99e0-3bdfd0953989,22be778a-e965-406d-a3db-735053e3f445,6,JM Press,Barbell,
7a6411b4-dd22-48f0-a233-59ea9b59ce30,22be778a-e965-406d-a3db-735053e3f445,7,Seated Calf Raises,Bodyweight,
c9d144d8-bea9-4435-b331-34cea09d0d11,a0e5912f-429d-4b3a-8323-896c022a75b6,1,Bent-Over Rows,Barbell,
228d4cc6-8cbf-4d7f-b80b-db9cec0618ae,a0e5912f-429d-4b3a-8323-896c022a75b6,2,Lat Pulldowns with Wide Neutral Grip,Cable,
94165c00-562a-4863-91b1-976e35a8b021,a0e5912f-429d-4b3a-8323-896c022a75b6,3,Incline Bench Press,Dumbbells,
67245e7b-8ab2-4c9e-bcf2-cf4826ecba5a,a0e5912f-429d-4b3a-8323-896c022a75b6,4,Flys,Dumbbells,
3dbe6ad2-4137-4948-9446-aafd15b75139,a0e5912f-429d-4b3a-8323-896c022a75b6,5,Reverse Curls,EZ Curl Bar,
8618c264-b1c5-4999-90cf-6d0692710943,a0e5912f-429d-4b3a-8323-896c022a75b6,6,Upright Rows,Dumbbells,
6d721690-f7b2-4bd9-8f6a-fec70a271a7e,a0e5912f-429d-4b3a-8323-896c022a75b6,7,Incline Skull Crushers,EZ Curl Bar,
cf06d806-3418-4334-b141-e10456931fa4,556c9d50-59dd-478f-81f2-f88d01dd6b8a,1,Sumo Deadlifts,Barbell,
2c42d30d-7ec5-4b6a-94b3-6ddfbc5ab2f2,556c9d50-59dd-478f-81f2-f88d01dd6b8a,2,Reverse Lunges,Dumbbells,
a98bd7ac-8b44-408b-aaaa-8acbfdaca4d0,556c9d50-59dd-478f-81f2-f88d01dd6b8a,3,Goblet Squats,Dumbbells,
6b5efc19-ab3f-4c0d-9e46-da6b9333f710,556c9d50-59dd-478f-81f2-f88d01dd6b8a,4,Romanian Deadlifts,Dumbbells,
22d09f65-8b0e-406d-aa71-2b82b7be996e,556c9d50-59dd-478f-81f2-f88d01dd6b8a,5,Reverse Curls,EZ Curl Bar,
ce5a31eb-9b3e-4770-80e3-23a069a47de5,556c9d50-59dd-478f-81f2-f88d01dd6b8a,6,Side Sit-Ups,Bodyweight,
cebd44b2-6e7f-4632-acc5-dd3a16c8c8b7,556c9d50-59dd-478f-81f2-f88d01dd6b8a,7,Side Crunches,Bodyweight,
5383c995-6be1-4c5c-ab5f-cbdd6f37584e,e79a8f16-d7c7-498c-b438-e4bfde7c8847,1,Bench Press,Barbell,
9e89217e-f471-401f-ac8f-2ceebc6093bc,e79a8f16-d7c7-498c-b438-e4bfde7c8847,2,Standing Shoulder Press with Close Grip,Dumbbells,
19dd2883-fcd5-46a4-90d7-e03fd0d6d6c4,e79a8f16-d7c7-498c-b438-e4bfde7c8847,3,Rows with Wide Grip,Cable,
75b74e59-a53f-41f5-bca4-1a6af2acf928,e79a8f16-d7c7-498c-b438-e4bfde7c8847,4,Lat Pulldowns with Close Overhand Grip,Cable,
95b74222-9629-48e6-b722-8896cf779e8b,e79a8f16-d7c7-498c-b438-e4bfde7c8847,5,Lateral Raises,Dumbbells,
c9047373-0eb9-4522-bbd1-2ba7a4196f2f,e79a8f16-d7c7-498c-b438-e4bfde7c8847,6,Incline Reverse Flys,Dumbbells,
9d07fa99-da1a-4005-a1a0-b558f5e53ee3,e79a8f16-d7c7-498c-b438-e4bfde7c8847,7,Triceps Kickbacks,Dumbbells,
6c811bb1-7bda-4d06-8f35-c2392ef8c885,68e2f625-1a6e-4512-9212-327260ff4a80,1,Squats,Barbell,
6e2ce791-0c85-41c7-8163-a8d8f3caabc1,68e2f625-1a6e-4512-9212-327260ff4a80,2,Romanian Deadlifts,Dumbbells,
48f6fd5e-a606-4704-a57c-08750cbcbc64,68e2f625-1a6e-4512-9212-327260ff4a80,3,Incline Flys,Dumbbells,
986c12e6-aa08-4d17-8342-b5ebab2cb28c,68e2f625-1a6e-4512-9212-327260ff4a80,4,Pullovers on Bench,EZ Curl Bar,
7d8918fa-9654-4dd1-a650-d57c8a455907,68e2f625-1a6e-4512-9212-327260ff4a80,5,Drag Curls,Barbell,
7b5368d0-56e7-48c5-9a81-a1eea289eaf6,68e2f625-1a6e-4512-9212-327260ff4a80,6,JM Press,Barbell,
7c70f285-8d04-4127-9d19-b2989c81332c,68e2f625-1a6e-4512-9212-327260ff4a80,7,Seated Calf Raises,Bodyweight,
ec7e1a1c-1aeb-4b1d-89f5-ade748887265,1a6fc755-b822-4c9c-93ff-778fd862ffdf,1,Bent-Over Rows,Barbell,
b4171fc8-01f9-4ade-95c7-f04e29464489,1a6fc755-b822-4c9c-93ff-778fd862ffdf,2,Lat Pulldowns with Close Neutral Grip,Cable,
c2c97e75-be3c-4f32-9857-4f2283909d47,1a6fc755-b822-4c9c-93ff-778fd862ffdf,3,Incline Bench Press,Dumbbells,
fd37c20e-805f-4a4b-89b6-ef07b9c73821,1a6fc755-b822-4c9c-93ff-778fd862ffdf,4,Flys,Dumbbells,
874253f0-efda-49d7-a4a9-9d0dea016c82,1a6fc755-b822-4c9c-93ff-778fd862ffdf,5,Reverse Curls,EZ Curl Bar,
412f4e6e-8d09-4ada-8315-d52ddd7449fe,1a6fc755-b822-4c9c-93ff-778fd862ffdf,6,Upright Rows,Dumbbells,
93a8b601-6c9c-4cf5-ba89-d8bee9201421,1a6fc755-b822-4c9c-93ff-778fd862ffdf,7,Incline Skull Crushers,EZ Curl Bar,
a2a94f38-1bc0-4bab-9b1d-05360bfe0b04,0b2e860a-fd18-497a-a7d4-54203be88643,1,Sumo Deadlifts,Barbell,
d92bdce3-e6dd-45f8-9aaa-820685972f2e,0b2e860a-fd18-497a-a7d4-54203be88643,2,Reverse Lunges,Dumbbells,
41ad9c2a-ec9a-4d6a-aa05-31204a2b20a8,0b2e860a-fd18-497a-a7d4-54203be88643,3,Front Squats,Barbell,
c4ef4bed-4473-4c5f-bd0a-f5e5b6c0d39f,0b2e860a-fd18-497a-a7d4-54203be88643,4,Romanian Deadlifts,Dumbbells,
e787c6c7-e7f8-48bc-8714-ccfd4ddc47df,0b2e860a-fd18-497a-a7d4-54203be88643,5,Standing Calf Raises,Bodyweight,
e928b493-4790-4d19-beda-d589974493bf,0b2e860a-fd18-497a-a7d4-54203be88643,6,Side Sit-Ups,Bodyweight,
863707ce-c880-4853-a57b-d2ecb5d29d28,0b2e860a-fd18-497a-a7d4-54203be88643,7,Side Crunches,Bodyweight,
f8a6b841-a487-4588-b16f-ad216aec53a7,72089ccd-5ef1-4305-96c1-620c78e01672,1,Bench Press,Barbell,
b1f9dc76-5395-42a3-982f-6344084f99e4,72089ccd-5ef1-4305-96c1-620c78e01672,2,Standing Shoulder Press with Close Grip,Dumbbells,
4a3d3ada-7149-41a4-86f9-289437bcb31c,72089ccd-5ef1-4305-96c1-620c78e01672,3,Rows with Wide Grip,Cable,
8633839e-9efd-4908-acc9-ec4a34c9c905,72089ccd-5ef1-4305-96c1-620c78e01672,4,Lat Pulldowns with Close Overhand Grip,Cable,
463927fa-5733-4792-a33c-3b9d40631ae4,72089ccd-5ef1-4305-96c1-620c78e01672,5,Lateral Raises,Dumbbells,
b20b1b57-82d8-4bd1-ae1c-5f1756b5119c,72089ccd-5ef1-4305-96c1-620c78e01672,6,Incline Reverse Flys,Dumbbells,
c818abf6-c401-4192-9ec3-c60b68a58242,72089ccd-5ef1-4305-96c1-620c78e01672,7,Triceps Kickbacks,Dumbbells,
