exercise_import_id,set_number,actual_weight_value,actual_weight_label,actual_reps,actual_rir_value,actual_rir_label,actual_rir_numeric,is_drop_set
1fc2ab39-044c-4c69-9c04-7564b947d407,1,20,+20,6,2,2,2,False
1fc2ab39-044c-4c69-9c04-7564b947d407,2,20,+20,6,2,1.5,1.5,False
1fc2ab39-044c-4c69-9c04-7564b947d407,3,20,+20,5,2,2,2,False
246c3d6e-ec8b-43a0-b8d9-6d6e94a79d26,1,190,190,8,2,2,2,False
246c3d6e-ec8b-43a0-b8d9-6d6e94a79d26,2,190,190,7,2,2,2,False
246c3d6e-ec8b-43a0-b8d9-6d6e94a79d26,3,180,180,9,2,2,2,False
c5ee0d03-c33c-4726-9fb5-49fb9ec0ac44,1,165,165,9,1,1,1,False
c5ee0d03-c33c-4726-9fb5-49fb9ec0ac44,2,160,160,9,2,2,2,False
c5ee0d03-c33c-4726-9fb5-49fb9ec0ac44,3,160,160,8,2,2,2,False
9af0ec8e-de58-434a-aab6-cbfb26d68e9c,1,8.75,8.75,11,2,2,2,False
9af0ec8e-de58-434a-aab6-cbfb26d68e9c,2,8.75,8.75,10,2,2,2,False
9af0ec8e-de58-434a-aab6-cbfb26d68e9c,3,8.75,8.75,9,2,2,2,False
9af0ec8e-de58-434a-aab6-cbfb26d68e9c,4,8.75,8.75,9,2,2,2,False
90602444-876d-40c0-99f9-1dececd8e855,1,10,10,13,2,2,2,False
90602444-876d-40c0-99f9-1dececd8e855,2,7.5,7.5,15,2,2,2,False
90602444-876d-40c0-99f9-1dececd8e855,3,7.5,7.5,15,2,2,2,False
90602444-876d-40c0-99f9-1dececd8e855,4,7.5,7.5,15,2,2,2,False
a912357b-86fe-4e40-83a5-380b133cea03,1,30,30,8,2,2,2,False
a912357b-86fe-4e40-83a5-380b133cea03,2,30,30,7,2,2,2,False
a912357b-86fe-4e40-83a5-380b133cea03,3,27.5,27.5,10,2,2,2,False
a912357b-86fe-4e40-83a5-380b133cea03,4,27.5,27.5,9,2,2,2,False
2f96ce4c-7383-4de3-a347-a0a8654f0f7b,1,65,65,10,2,2,2,False
2f96ce4c-7383-4de3-a347-a0a8654f0f7b,2,65,65,10,2,2,2,False
2f96ce4c-7383-4de3-a347-a0a8654f0f7b,3,65,65,10,2,2,2,False
a8a2b194-e898-4b9d-b8e6-af77e0122b07,1,0,+0,19,2,2,2,False
a8a2b194-e898-4b9d-b8e6-af77e0122b07,2,0,+0,17,2,2,2,False
a8a2b194-e898-4b9d-b8e6-af77e0122b07,3,0,+0,15,2,2,2,False
fac1a43b-f666-4df1-bd63-06a85cd9ba3c,1,322.5,322.5,6,3,3,3,False
fac1a43b-f666-4df1-bd63-06a85cd9ba3c,2,322.5,322.5,5,3,3,3,False
fac1a43b-f666-4df1-bd63-06a85cd9ba3c,3,322.5,322.5,5,3,3,3,False
fac1a43b-f666-4df1-bd63-06a85cd9ba3c,4,322.5,322.5,4,3,3,3,False
c3f0f6ab-a1cc-4188-9dff-f08cfe205afc,1,102.5,102.5,9,2,2,2,False
c3f0f6ab-a1cc-4188-9dff-f08cfe205afc,2,100,100,10,3,2.5,2.5,False
c3f0f6ab-a1cc-4188-9dff-f08cfe205afc,3,100,100,9,3,3,3,False
c3f0f6ab-a1cc-4188-9dff-f08cfe205afc,4,100,100,9,3,2.5,2.5,False
83546e94-17ab-4c1d-83b5-aa4ee76582f9,1,62.5,62.5,10,4,4,4,False
83546e94-17ab-4c1d-83b5-aa4ee76582f9,2,65,65,10,3,3,3,False
83546e94-17ab-4c1d-83b5-aa4ee76582f9,3,65,65,10,3,3,3,False
2ec0560a-c4d5-4e51-bb32-4436ae247013,1,25,25,10,3,3,3,False
2ec0560a-c4d5-4e51-bb32-4436ae247013,2,25,25,10,3,3,3,False
2ec0560a-c4d5-4e51-bb32-4436ae247013,3,25,25,10,3,3,3,False
2ec0560a-c4d5-4e51-bb32-4436ae247013,4,25,25,10,3,3,3,False
7b345b4c-3317-47d5-a7fa-01916d9f13f7,1,92.5,+92.5,15,4,3.5,3.5,False
7b345b4c-3317-47d5-a7fa-01916d9f13f7,2,92.5,+92.5,15,3,3,3,False
7b345b4c-3317-47d5-a7fa-01916d9f13f7,3,92.5,+92.5,14,3,3,3,False
82dec979-591f-4ee9-91c1-f4e25df3ad7a,1,135,135,8,3,3,3,False
82dec979-591f-4ee9-91c1-f4e25df3ad7a,2,135,135,7,3,2.5,2.5,False
82dec979-591f-4ee9-91c1-f4e25df3ad7a,3,135,135,6,2,2,2,False
82dec979-591f-4ee9-91c1-f4e25df3ad7a,4,125,125,8,3,3,3,False
ef55c7b2-b2fd-4902-8e57-fa57d0d0305c,1,50,50,13,3,3,3,False
ef55c7b2-b2fd-4902-8e57-fa57d0d0305c,2,50,50,12,3,3,3,False
ef55c7b2-b2fd-4902-8e57-fa57d0d0305c,3,50,50,11,3,3,3,False
ef55c7b2-b2fd-4902-8e57-fa57d0d0305c,4,50,50,10,3,3,3,False
40356276-f75e-41a1-992f-4e597b8828d9,1,135,135,10,3,2.5,2.5,False
40356276-f75e-41a1-992f-4e597b8828d9,2,135,135,9,3,3,3,False
40356276-f75e-41a1-992f-4e597b8828d9,3,135,135,9,3,2.5,2.5,False
5dcc442a-dbdf-4a42-8d65-3163078babaa,1,85,85,10,3,3,3,False
5dcc442a-dbdf-4a42-8d65-3163078babaa,2,85,85,10,3,3,3,False
5dcc442a-dbdf-4a42-8d65-3163078babaa,3,85,85,9,3,3,3,False
1fd75a7a-f88f-48df-b12e-468c780bb6d6,1,32.5,32.5,15,2,2,2,False
1fd75a7a-f88f-48df-b12e-468c780bb6d6,2,32.5,32.5,13,3,2.5,2.5,False
1fd75a7a-f88f-48df-b12e-468c780bb6d6,3,30,30,15,3,3,3,False
fed8ebc4-2d01-434e-b859-555f3671cc54,1,5,+5,12,3,3,3,False
fed8ebc4-2d01-434e-b859-555f3671cc54,2,5,+5,11,3,3,3,False
fed8ebc4-2d01-434e-b859-555f3671cc54,3,5,+5,10,3,2.5,2.5,False
fed8ebc4-2d01-434e-b859-555f3671cc54,4,5,+5,9,3,3,3,False
28eed30b-3617-454c-8478-48c9b7708943,1,32.5,32.5,13,3,3,3,False
28eed30b-3617-454c-8478-48c9b7708943,2,32.5,32.5,12,3,3,3,False
28eed30b-3617-454c-8478-48c9b7708943,3,30,30,14,3,2.5,2.5,False
28eed30b-3617-454c-8478-48c9b7708943,4,30,30,12,3,3,3,False
32d5ab50-9147-4926-a1b5-d3d6d6e56bf0,1,180,+180,8,3,3,3,False
32d5ab50-9147-4926-a1b5-d3d6d6e56bf0,2,180,+180,7,3,3,3,False
32d5ab50-9147-4926-a1b5-d3d6d6e56bf0,3,180,+180,7,3,3,3,False
32d5ab50-9147-4926-a1b5-d3d6d6e56bf0,4,180,+180,7,3,3,3,False
95a9f6b6-0f00-4745-a73f-9b6eac0849cb,1,100,100,10,3,3,3,False
95a9f6b6-0f00-4745-a73f-9b6eac0849cb,2,100,100,9,3,3,3,False
95a9f6b6-0f00-4745-a73f-9b6eac0849cb,3,100,100,8,3,3,3,False
95a9f6b6-0f00-4745-a73f-9b6eac0849cb,4,95,95,9,3,3,3,False
da76f1b5-5c4e-44bd-b683-bd828a00e36f,1,100,100,10,3,3,3,False
da76f1b5-5c4e-44bd-b683-bd828a00e36f,2,100,100,10,3,3,3,False
da76f1b5-5c4e-44bd-b683-bd828a00e36f,3,100,100,9,3,3,3,False
c09e56bb-91e6-4af2-9b54-177960833067,1,205,205,10,3,3,3,False
c09e56bb-91e6-4af2-9b54-177960833067,2,205,205,9,3,3,3,False
c09e56bb-91e6-4af2-9b54-177960833067,3,205,205,8,3,2.5,2.5,False
44f6ae9c-5a1a-47f6-be4d-b861fcc877a7,1,265,265,10,3,3,3,False
44f6ae9c-5a1a-47f6-be4d-b861fcc877a7,2,265,265,10,3,2.5,2.5,False
44f6ae9c-5a1a-47f6-be4d-b861fcc877a7,3,265,265,9,3,3,3,False
5b638635-c302-4bed-b8d1-1c10beddab3f,1,75,75,10,3,3,3,False
5b638635-c302-4bed-b8d1-1c10beddab3f,2,75,75,10,3,3,3,False
5b638635-c302-4bed-b8d1-1c10beddab3f,3,75,75,10,3,3,3,False
5b638635-c302-4bed-b8d1-1c10beddab3f,4,75,75,10,3,3,3,False
7929aeb8-0751-4e76-ac09-d45492a8c911,1,45,+45,11,3,3,3,False
7929aeb8-0751-4e76-ac09-d45492a8c911,2,45,+45,11,3,3,3,False
7929aeb8-0751-4e76-ac09-d45492a8c911,3,45,+45,10,3,2.5,2.5,False
e0b261ed-a9af-42ca-938f-3c303bae1789,1,142.5,142.5,6,3,2.5,2.5,False
e0b261ed-a9af-42ca-938f-3c303bae1789,2,140,140,5,3,2.5,2.5,False
e0b261ed-a9af-42ca-938f-3c303bae1789,3,140,140,5,2,2,2,False
e0b261ed-a9af-42ca-938f-3c303bae1789,4,140,140,4,3,2.5,2.5,False
a59c06b5-4847-41cd-a324-9228f76ade3c,1,52.5,52.5,9,3,3,3,False
a59c06b5-4847-41cd-a324-9228f76ade3c,2,52.5,52.5,8,3,3,3,False
a59c06b5-4847-41cd-a324-9228f76ade3c,3,52.5,52.5,7,3,3,3,False
a59c06b5-4847-41cd-a324-9228f76ade3c,4,50,50,8,3,3,3,False
07cc6368-5bc5-45fa-a382-c56c74bd6ed6,1,22.5,22.5,10,3,3,3,False
07cc6368-5bc5-45fa-a382-c56c74bd6ed6,2,22.5,22.5,10,3,3,3,False
07cc6368-5bc5-45fa-a382-c56c74bd6ed6,3,22.5,22.5,10,3,3,3,False
9cfd0cfb-52d7-42c6-864c-d154ccf0888e,1,35,35,10,3,2.5,2.5,False
9cfd0cfb-52d7-42c6-864c-d154ccf0888e,2,35,35,9,3,3,3,False
9cfd0cfb-52d7-42c6-864c-d154ccf0888e,3,35,35,8,3,3,3,False
9cfd0cfb-52d7-42c6-864c-d154ccf0888e,4,32.5,32.5,10,3,2.5,2.5,False
a84fb0ef-91d6-42cc-a550-7810757d5e71,1,30,30,13,3,3,3,False
a84fb0ef-91d6-42cc-a550-7810757d5e71,2,30,30,12,3,3,3,False
a84fb0ef-91d6-42cc-a550-7810757d5e71,3,30,30,11,3,3,3,False
26557daa-a958-4ab3-aff6-76036025bfab,1,105,105,12,3,3,3,False
26557daa-a958-4ab3-aff6-76036025bfab,2,105,105,11,3,2.5,2.5,False
26557daa-a958-4ab3-aff6-76036025bfab,3,105,105,9,3,3,3,False
26557daa-a958-4ab3-aff6-76036025bfab,4,105,105,8,3,3,3,False
47d38c84-577a-4427-bcc0-7297d02f4197,1,320,320,6,3,2.5,2.5,False
47d38c84-577a-4427-bcc0-7297d02f4197,2,320,320,5,3,3,3,False
47d38c84-577a-4427-bcc0-7297d02f4197,3,320,320,4,3,3,3,False
47d38c84-577a-4427-bcc0-7297d02f4197,4,320,320,4,3,3,3,False
1e7160b9-6c92-4071-b526-1aa1a2487c46,1,100,100,10,3,2.5,2.5,False
1e7160b9-6c92-4071-b526-1aa1a2487c46,2,100,100,9,3,3,3,False
1e7160b9-6c92-4071-b526-1aa1a2487c46,3,100,100,8,3,3,3,False
1e7160b9-6c92-4071-b526-1aa1a2487c46,4,100,100,8,3,3,3,False
fabe48ea-4369-40ee-a126-60bf480ae3b2,1,45,45,11,4,4,4,False
fabe48ea-4369-40ee-a126-60bf480ae3b2,2,50,50,11,4,3.5,3.5,False
fabe48ea-4369-40ee-a126-60bf480ae3b2,3,55,55,11,4,3.5,3.5,False
a809747a-afdb-4e43-9bd9-5576b6c2b14d,1,185,185,12,3,2.5,2.5,False
a809747a-afdb-4e43-9bd9-5576b6c2b14d,2,185,185,12,2,2,2,False
a809747a-afdb-4e43-9bd9-5576b6c2b14d,3,185,185,10,2,2,2,False
6d43f352-ae1d-4cfe-8af3-97701aa18625,1,5,5,12,5,4.5,4.5,False
6d43f352-ae1d-4cfe-8af3-97701aa18625,2,10,10,10,3,3,3,False
6d43f352-ae1d-4cfe-8af3-97701aa18625,3,15,15,10,3,3,3,False
6d43f352-ae1d-4cfe-8af3-97701aa18625,4,20,20,10,3,3,3,False
4060304b-4842-4e9d-be75-568fd2e828d6,1,112.5,+112.5,12,3,3,3,False
4060304b-4842-4e9d-be75-568fd2e828d6,2,112.5,+112.5,11,3,3,3,False
4060304b-4842-4e9d-be75-568fd2e828d6,3,112.5,+112.5,10,2,2,2,False
586b76e2-3f26-421f-a63e-7b7ff5a61035,1,12.5,+12.5,6,3,3,3,False
586b76e2-3f26-421f-a63e-7b7ff5a61035,2,12.5,+12.5,6,3,3,3,False
586b76e2-3f26-421f-a63e-7b7ff5a61035,3,12.5,+12.5,6,3,2.5,2.5,False
b37958ad-ac05-4f8c-a651-041ffcd6a5d8,1,182.5,182.5,8,3,3,3,False
b37958ad-ac05-4f8c-a651-041ffcd6a5d8,2,182.5,182.5,7,3,3,3,False
b37958ad-ac05-4f8c-a651-041ffcd6a5d8,3,182.5,182.5,7,3,3,3,False
1d630fdb-361a-4da2-b03f-33841549b124,1,162.5,162.5,9,3,3,3,False
1d630fdb-361a-4da2-b03f-33841549b124,2,162.5,162.5,8,3,3,3,False
1d630fdb-361a-4da2-b03f-33841549b124,3,152.5,152.5,10,3,3,3,False
03e18b4e-7440-4fa0-8a8d-b82284499f8b,1,7.5,7.5,15,3,3,3,False
03e18b4e-7440-4fa0-8a8d-b82284499f8b,2,7.5,7.5,13,3,3,3,False
03e18b4e-7440-4fa0-8a8d-b82284499f8b,3,7.5,7.5,12,3,3,3,False
03e18b4e-7440-4fa0-8a8d-b82284499f8b,4,7.5,7.5,11,3,3,3,False
3aae6a14-f0f5-43ff-8298-70288920f140,1,10,10,12,3,3,3,False
3aae6a14-f0f5-43ff-8298-70288920f140,2,10,10,11,3,3,3,False
3aae6a14-f0f5-43ff-8298-70288920f140,3,10,10,10,3,3,3,False
3aae6a14-f0f5-43ff-8298-70288920f140,4,10,10,10,3,3,3,False
67ba1e95-fecf-459f-8b17-d2ef9ff0171d,1,27.5,27.5,10,3,3,3,False
67ba1e95-fecf-459f-8b17-d2ef9ff0171d,2,27.5,27.5,9,3,3,3,False
67ba1e95-fecf-459f-8b17-d2ef9ff0171d,3,27.5,27.5,8,3,3,3,False
67ba1e95-fecf-459f-8b17-d2ef9ff0171d,4,27.5,27.5,7,3,3,3,False
33350479-9c64-441d-91bd-dcf4d129f74d,1,60,60,12,3,3,3,False
33350479-9c64-441d-91bd-dcf4d129f74d,2,60,60,12,3,3,3,False
33350479-9c64-441d-91bd-dcf4d129f74d,3,60,60,12,3,3,3,False
e487ef48-3387-426f-9611-d2bee61e2c21,1,137.5,137.5,7,3,3,3,False
e487ef48-3387-426f-9611-d2bee61e2c21,2,137.5,137.5,6,2,1.5,1.5,False
e487ef48-3387-426f-9611-d2bee61e2c21,3,125,125,8,3,3,3,False
e487ef48-3387-426f-9611-d2bee61e2c21,4,125,125,8,3,2.5,2.5,False
a548c9ae-5910-4a82-bbab-b6d0e56813f7,1,50,50,12,3,3,3,False
a548c9ae-5910-4a82-bbab-b6d0e56813f7,2,50,50,11,3,3,3,False
a548c9ae-5910-4a82-bbab-b6d0e56813f7,3,50,50,10,3,3,3,False
a548c9ae-5910-4a82-bbab-b6d0e56813f7,4,50,50,10,3,3,3,False
ecfa9beb-3840-43e9-92c0-25f5ba42c1bc,1,142.5,142.5,7,2,2,2,False
ecfa9beb-3840-43e9-92c0-25f5ba42c1bc,2,132.5,132.5,9,3,3,3,False
ecfa9beb-3840-43e9-92c0-25f5ba42c1bc,3,132.5,132.5,9,3,3,3,False
d238e970-63ff-44b6-b03e-8495ab2ed394,1,85,85,9,3,3,3,False
d238e970-63ff-44b6-b03e-8495ab2ed394,2,85,85,9,3,3,3,False
d238e970-63ff-44b6-b03e-8495ab2ed394,3,80,80,11,3,3,3,False
9ad89388-e7e2-49ee-acbb-094475e78324,1,30,30,17,2,2,2,False
9ad89388-e7e2-49ee-acbb-094475e78324,2,30,30,16,3,2.5,2.5,False
9ad89388-e7e2-49ee-acbb-094475e78324,3,30,30,15,3,2.5,2.5,False
ebf19431-205f-4df5-a340-0e202e278998,1,0,+0,13,3,3,3,False
ebf19431-205f-4df5-a340-0e202e278998,2,0,+0,12,3,2.5,2.5,False
ebf19431-205f-4df5-a340-0e202e278998,3,0,+0,11,3,3,3,False
ebf19431-205f-4df5-a340-0e202e278998,4,0,+0,10,3,3,3,False
98d0c469-04ba-493e-aa91-72a37670739b,1,32.5,32.5,13,3,3,3,False
98d0c469-04ba-493e-aa91-72a37670739b,2,32.5,32.5,12,3,2.5,2.5,False
98d0c469-04ba-493e-aa91-72a37670739b,3,30,30,12,3,2.5,2.5,False
98d0c469-04ba-493e-aa91-72a37670739b,4,25,25,15,3,3,3,False
b91744cb-3aff-41c1-be59-210a16b70199,1,175,+175,8,3,3,3,False
b91744cb-3aff-41c1-be59-210a16b70199,2,175,+175,8,3,3,3,False
b91744cb-3aff-41c1-be59-210a16b70199,3,175,+175,8,3,3,3,False
30f38474-51d4-47ce-acff-924222d43d9b,1,97.5,97.5,9,3,3,3,False
30f38474-51d4-47ce-acff-924222d43d9b,2,97.5,97.5,9,3,3,3,False
30f38474-51d4-47ce-acff-924222d43d9b,3,97.5,97.5,8,3,3,3,False
30f38474-51d4-47ce-acff-924222d43d9b,4,90,90,11,2,2,2,False
a040aa32-6429-4d03-ab06-b2525583a98a,1,110,110,9,3,2.5,2.5,False
a040aa32-6429-4d03-ab06-b2525583a98a,2,110,110,8,3,3,3,False
a040aa32-6429-4d03-ab06-b2525583a98a,3,110,110,7,2,2,2,False
23b60755-b532-4477-b8f0-0ec4e1d1f517,1,205,205,10,3,3,3,False
23b60755-b532-4477-b8f0-0ec4e1d1f517,2,205,205,9,3,2.5,2.5,False
23b60755-b532-4477-b8f0-0ec4e1d1f517,3,205,205,8,2,2,2,False
3f46f788-676b-4ab4-8087-6d0161982fc5,1,275,275,10,3,2.5,2.5,False
3f46f788-676b-4ab4-8087-6d0161982fc5,2,275,275,9,2,2,2,False
3f46f788-676b-4ab4-8087-6d0161982fc5,3,275,275,8,3,3,3,False
1ea8dd40-a29b-4c78-9204-5896f726367a,1,70,70,10,3,3,3,False
1ea8dd40-a29b-4c78-9204-5896f726367a,2,70,70,10,3,3,3,False
1ea8dd40-a29b-4c78-9204-5896f726367a,3,70,70,10,3,3,3,False
1ea8dd40-a29b-4c78-9204-5896f726367a,4,70,70,10,3,3,3,False
6b93161e-03b0-4a71-b6ba-5f73fbbf14c6,1,45,+45,10,3,3,3,False
6b93161e-03b0-4a71-b6ba-5f73fbbf14c6,2,45,+45,10,3,3,3,False
6b93161e-03b0-4a71-b6ba-5f73fbbf14c6,3,45,+45,10,3,2.5,2.5,False
35a85ee5-e56a-445f-bfa1-64f0e8b3336c,1,140,140,6,3,3,3,False
35a85ee5-e56a-445f-bfa1-64f0e8b3336c,2,140,140,5,2,2,2,False
35a85ee5-e56a-445f-bfa1-64f0e8b3336c,3,140,140,5,2,1.5,1.5,False
35a85ee5-e56a-445f-bfa1-64f0e8b3336c,4,130,130,6,3,3,3,False
1abdddda-d5dc-4aa2-b605-b1bb5957def6,1,50,50,9,3,3,3,False
1abdddda-d5dc-4aa2-b605-b1bb5957def6,2,50,50,8,3,3,3,False
1abdddda-d5dc-4aa2-b605-b1bb5957def6,3,50,50,8,3,2.5,2.5,False
1abdddda-d5dc-4aa2-b605-b1bb5957def6,4,50,50,7,3,3,3,False
fe7b0d31-7099-46f7-80bc-7771e2028453,1,22.5,22.5,9,2,2,2,False
fe7b0d31-7099-46f7-80bc-7771e2028453,2,20,20,13,3,3,3,False
fe7b0d31-7099-46f7-80bc-7771e2028453,3,20,20,13,3,3,3,False
fe7b0d31-7099-46f7-80bc-7771e2028453,4,20,20,13,3,3,3,False
891d629b-cfd3-4527-9aa1-b5301ddc67ed,1,32.5,32.5,10,3,3,3,False
891d629b-cfd3-4527-9aa1-b5301ddc67ed,2,32.5,32.5,10,3,2.5,2.5,False
891d629b-cfd3-4527-9aa1-b5301ddc67ed,3,32.5,32.5,9,3,3,3,False
891d629b-cfd3-4527-9aa1-b5301ddc67ed,4,32.5,32.5,9,3,2.5,2.5,False
a350301b-1690-4fdb-b348-472849de7a68,1,32.5,32.5,9,3,3,3,False
a350301b-1690-4fdb-b348-472849de7a68,2,30,30,12,3,3,3,False
a350301b-1690-4fdb-b348-472849de7a68,3,30,30,11,3,3,3,False
8f3c3de3-21e6-4a17-aa99-85c701d7bd2b,1,110,110,10,3,3,3,False
8f3c3de3-21e6-4a17-aa99-85c701d7bd2b,2,110,110,9,2,2,2,False
8f3c3de3-21e6-4a17-aa99-85c701d7bd2b,3,102.5,102.5,10,2,2,2,False
8f3c3de3-21e6-4a17-aa99-85c701d7bd2b,4,102.5,102.5,9,3,2.5,2.5,False
8017556d-616c-45a1-8d75-fcbea9a27d8a,1,75,75,12,3,3,3,False
8017556d-616c-45a1-8d75-fcbea9a27d8a,2,75,75,11,3,3,3,False
8017556d-616c-45a1-8d75-fcbea9a27d8a,3,75,75,11,3,3,3,False
5fd9973d-bfde-47aa-9903-a5a74e728d71,1,0,+0,8,3,3,3,False
5fd9973d-bfde-47aa-9903-a5a74e728d71,2,10,+10,6,3,3,3,False
5fd9973d-bfde-47aa-9903-a5a74e728d71,3,10,+10,6,3,3,3,False
b388fc93-e9d9-44aa-b8fb-ba3c0c351c10,1,180,180,8,3,3,3,False
b388fc93-e9d9-44aa-b8fb-ba3c0c351c10,2,180,180,7,3,3,3,False
b388fc93-e9d9-44aa-b8fb-ba3c0c351c10,3,180,180,7,3,2.5,2.5,False
c019a6cc-4136-438f-a60a-3f9cdd7650c2,1,160,160,9,3,3,3,False
c019a6cc-4136-438f-a60a-3f9cdd7650c2,2,160,160,8,3,3,3,False
c019a6cc-4136-438f-a60a-3f9cdd7650c2,3,160,160,7,3,3,3,False
1b33bf33-fbb9-4396-8b5a-137348115a26,1,8.75,8.75,10,2,2,2,False
1b33bf33-fbb9-4396-8b5a-137348115a26,2,7.5,7.5,12,2,2,2,False
1b33bf33-fbb9-4396-8b5a-137348115a26,3,7.5,7.5,11,3,2.5,2.5,False
1b33bf33-fbb9-4396-8b5a-137348115a26,4,7.5,7.5,10,3,3,3,False
93e7652a-0e68-4d4d-a37d-fc63deac7d0c,1,8.75,8.75,14,3,3,3,False
93e7652a-0e68-4d4d-a37d-fc63deac7d0c,2,8.75,8.75,14,3,2.5,2.5,False
93e7652a-0e68-4d4d-a37d-fc63deac7d0c,3,8.75,8.75,13,3,3,3,False
93e7652a-0e68-4d4d-a37d-fc63deac7d0c,4,8.75,8.75,13,3,3,3,False
5112fc26-3267-4d57-93ef-6440366931ad,1,30,30,7,2,2,2,False
5112fc26-3267-4d57-93ef-6440366931ad,2,27.5,27.5,8,3,3,3,False
5112fc26-3267-4d57-93ef-6440366931ad,3,27.5,27.5,7,3,3,3,False
5112fc26-3267-4d57-93ef-6440366931ad,4,25,25,10,3,3,3,False
113cd272-e8ff-4db6-9c61-9297d7c30d5f,1,60,60,11,3,3,3,False
113cd272-e8ff-4db6-9c61-9297d7c30d5f,2,60,60,11,3,3,3,False
113cd272-e8ff-4db6-9c61-9297d7c30d5f,3,60,60,11,3,3,3,False
6d09ca95-51d7-4833-bd24-ea12ed588443,1,20,+20,11,2,2,2,False
6d09ca95-51d7-4833-bd24-ea12ed588443,2,20,+20,10,2,2,2,False
6d09ca95-51d7-4833-bd24-ea12ed588443,3,15,+15,11,2,2,2,False
6d09ca95-51d7-4833-bd24-ea12ed588443,4,15,+15,10,3,2.5,2.5,False
75a67bf2-d7cd-488d-8770-e083332a2a07,1,297.5,297.5,7,2,2,2,False
75a67bf2-d7cd-488d-8770-e083332a2a07,2,297.5,297.5,6,2,2,2,False
75a67bf2-d7cd-488d-8770-e083332a2a07,3,297.5,297.5,5,2,2,2,False
75a67bf2-d7cd-488d-8770-e083332a2a07,4,297.5,297.5,4,2,1.5,1.5,False
998e0383-d4f7-4a70-821b-f758c4a599b2,1,97.5,97.5,11,1,1,1,False
998e0383-d4f7-4a70-821b-f758c4a599b2,2,90,90,13,2,2,2,False
998e0383-d4f7-4a70-821b-f758c4a599b2,3,90,90,12,2,1.5,1.5,False
998e0383-d4f7-4a70-821b-f758c4a599b2,4,90,90,10,1,1,1,False
64579167-57f6-4862-a0f9-7709a597d246,1,215,215,12,2,1.5,1.5,False
64579167-57f6-4862-a0f9-7709a597d246,2,215,215,12,1,1,1,False
64579167-57f6-4862-a0f9-7709a597d246,3,215,215,10,2,1.5,1.5,False
a36dd708-a4e8-4847-94e4-abd1b08660e9,1,85,85,4,1,1,1,False
a36dd708-a4e8-4847-94e4-abd1b08660e9,2,75,75,7,2,2,2,False
a36dd708-a4e8-4847-94e4-abd1b08660e9,3,70,70,9,2,2,2,False
4eec40ef-399d-40fa-80bd-6b5bb33d34bc,1,80,80,15,2,2,2,False
4eec40ef-399d-40fa-80bd-6b5bb33d34bc,2,80,80,10,2,2,2,False
4eec40ef-399d-40fa-80bd-6b5bb33d34bc,3,80,80,9,2,2,2,False
caec3390-c31e-4a9e-8095-4fc81b92f28d,1,75,75,3,1,1,1,False
caec3390-c31e-4a9e-8095-4fc81b92f28d,2,70,70,6,1,1,1,False
caec3390-c31e-4a9e-8095-4fc81b92f28d,3,70,70,5,1,0.5,0.5,False
caec3390-c31e-4a9e-8095-4fc81b92f28d,4,70,70,5,0,0,0,False
caec3390-c31e-4a9e-8095-4fc81b92f28d,5,70,70,4,1,1,1,False
2e92d30e-8c07-4221-8934-a557629aef7a,1,50,50,10,2,1.5,1.5,False
2e92d30e-8c07-4221-8934-a557629aef7a,2,50,50,9,1,1,1,False
2e92d30e-8c07-4221-8934-a557629aef7a,3,47.5,47.5,10,2,1.5,1.5,False
2e92d30e-8c07-4221-8934-a557629aef7a,4,45,45,11,1,1,1,False
46ae7eae-e667-40e7-b94c-a22695223e8f,1,150,150,11,2,2,2,False
46ae7eae-e667-40e7-b94c-a22695223e8f,2,150,150,10,2,2,2,False
46ae7eae-e667-40e7-b94c-a22695223e8f,3,150,150,9,2,1.5,1.5,False
798415b4-a2e0-4a72-9719-f16499983d48,1,160,160,12,2,2,2,False
798415b4-a2e0-4a72-9719-f16499983d48,2,160,160,12,2,1.5,1.5,False
798415b4-a2e0-4a72-9719-f16499983d48,3,160,160,11,2,1.5,1.5,False
2f2c688d-6276-4042-8fbe-c7757cb65dd9,1,22.5,22.5,11,2,2,2,False
2f2c688d-6276-4042-8fbe-c7757cb65dd9,2,20,20,14,2,2,2,False
2f2c688d-6276-4042-8fbe-c7757cb65dd9,3,20,20,12,2,2,2,False
626eafaa-3763-44d9-b782-4b029cbdff75,1,25,+25,7,1,1,1,False
626eafaa-3763-44d9-b782-4b029cbdff75,2,25,+25,5,1,0.5,0.5,False
626eafaa-3763-44d9-b782-4b029cbdff75,3,25,+25,5,1,1,1,False
626eafaa-3763-44d9-b782-4b029cbdff75,4,25,+25,6,1,0.5,0.5,False
9867e134-7f50-4ace-beb4-1d80ab0187c3,1,67.5,67.5,12,1,1,1,False
9867e134-7f50-4ace-beb4-1d80ab0187c3,2,67.5,67.5,10,1,1,1,False
9867e134-7f50-4ace-beb4-1d80ab0187c3,3,65,65,6,1,0.5,0.5,False
9867e134-7f50-4ace-beb4-1d80ab0187c3,4,55,55,14,2,2,2,False
813ba422-41df-48c9-8468-aaa7334848e4,1,240,+240,7,2,1.5,1.5,False
813ba422-41df-48c9-8468-aaa7334848e4,2,240,+240,6,2,2,2,False
813ba422-41df-48c9-8468-aaa7334848e4,3,240,+240,5,2,2,2,False
36194464-cba4-44bb-9d05-c88d58e24a0b,1,335,335,10,2,2,2,False
36194464-cba4-44bb-9d05-c88d58e24a0b,2,335,335,9,2,2,2,False
36194464-cba4-44bb-9d05-c88d58e24a0b,3,335,335,8,2,2,2,False
319b6948-f6bc-4b49-8045-176d0a7b7c33,1,275,275,10,2,2,2,False
319b6948-f6bc-4b49-8045-176d0a7b7c33,2,275,275,9,2,2,2,False
319b6948-f6bc-4b49-8045-176d0a7b7c33,3,275,275,8,2,1.5,1.5,False
09e6cc61-f58c-4c96-aabd-03c3d8f54a51,1,215,215,12,2,1.5,1.5,False
09e6cc61-f58c-4c96-aabd-03c3d8f54a51,2,215,215,11,2,1.5,1.5,False
09e6cc61-f58c-4c96-aabd-03c3d8f54a51,3,215,215,10,2,1.5,1.5,False
d8989142-f2aa-4cfd-be98-2454a7ea8dd2,1,295,295,11,2,1.5,1.5,False
d8989142-f2aa-4cfd-be98-2454a7ea8dd2,2,295,295,10,2,1.5,1.5,False
d8989142-f2aa-4cfd-be98-2454a7ea8dd2,3,295,295,9,2,2,2,False
84bd452b-907a-4d7d-ada7-14efac9849ec,1,77.5,+77.5,11,2,2,2,False
84bd452b-907a-4d7d-ada7-14efac9849ec,2,77.5,+77.5,12,1,1,1,False
84bd452b-907a-4d7d-ada7-14efac9849ec,3,77.5,+77.5,10,2,2,2,False
cdfd08a9-8e30-49cd-a8fd-e8a782a41e9b,1,120,120,8,2,2,2,False
cdfd08a9-8e30-49cd-a8fd-e8a782a41e9b,2,120,120,7,2,1.5,1.5,False
cdfd08a9-8e30-49cd-a8fd-e8a782a41e9b,3,120,120,6,2,2,2,False
cdfd08a9-8e30-49cd-a8fd-e8a782a41e9b,4,120,120,5,1,1,1,False
6d8b0c23-f4f5-45f7-bf07-34e2b4339378,1,62.5,62.5,9,2,1.5,1.5,False
6d8b0c23-f4f5-45f7-bf07-34e2b4339378,2,62.5,62.5,7,2,2,2,False
6d8b0c23-f4f5-45f7-bf07-34e2b4339378,3,62.5,62.5,7,2,1.5,1.5,False
6d8b0c23-f4f5-45f7-bf07-34e2b4339378,4,62.5,62.5,6,2,2,2,False
1e7d36f9-a73b-4a2e-a4e9-2f4488873dec,1,25,25,12,2,2,2,False
1e7d36f9-a73b-4a2e-a4e9-2f4488873dec,2,25,25,11,2,2,2,False
1e7d36f9-a73b-4a2e-a4e9-2f4488873dec,3,25,25,8,2,2,2,False
51e45e5c-277f-4339-af5d-51ee4a77180a,1,42.5,42.5,10,2,2,2,False
51e45e5c-277f-4339-af5d-51ee4a77180a,2,40,40,12,2,2,2,False
51e45e5c-277f-4339-af5d-51ee4a77180a,3,40,40,11,2,2,2,False
51e45e5c-277f-4339-af5d-51ee4a77180a,4,40,40,10,2,2,2,False
ab8f2a0d-2c73-42c8-a12f-f75d34e98920,1,30,30,14,2,2,2,False
ab8f2a0d-2c73-42c8-a12f-f75d34e98920,2,30,30,13,2,2,2,False
ab8f2a0d-2c73-42c8-a12f-f75d34e98920,3,30,30,12,2,1.5,1.5,False
5f026038-22bb-433b-81d6-72af5a9e8fb2,1,112.5,112.5,11,2,2,2,False
5f026038-22bb-433b-81d6-72af5a9e8fb2,2,112.5,112.5,10,2,2,2,False
5f026038-22bb-433b-81d6-72af5a9e8fb2,3,112.5,112.5,8,1,1,1,False
6cc4476a-f93d-43e9-bf67-c642b957d1b3,1,47.5,47.5,12,2,2,2,False
6cc4476a-f93d-43e9-bf67-c642b957d1b3,2,47.5,47.5,11,2,2,2,False
6cc4476a-f93d-43e9-bf67-c642b957d1b3,3,47.5,47.5,10,2,2,2,False
e050a52d-461f-4d1e-9738-f348b23a6d4d,1,100,100,12,2,1.5,1.5,False
e050a52d-461f-4d1e-9738-f348b23a6d4d,2,97.5,97.5,10,2,1.5,1.5,False
e050a52d-461f-4d1e-9738-f348b23a6d4d,3,87.5,87.5,14,2,1.5,1.5,False
9f200028-d5f5-40cc-b8b9-e14c6a18d911,1,35,+35,6,2,1.5,1.5,False
9f200028-d5f5-40cc-b8b9-e14c6a18d911,2,35,+35,5,2,1.5,1.5,False
9f200028-d5f5-40cc-b8b9-e14c6a18d911,3,35,+35,5,2,1.5,1.5,False
177b07f9-2bac-4df9-b15c-52adf6754aa3,1,165,165,8,1,0.5,0.5,False
177b07f9-2bac-4df9-b15c-52adf6754aa3,2,165,165,7,1,1,1,False
177b07f9-2bac-4df9-b15c-52adf6754aa3,3,165,165,7,1,1,1,False
61800274-f644-417a-9462-fadb8481642c,1,170,170,10,1,1,1,False
61800274-f644-417a-9462-fadb8481642c,2,160,160,11,2,1.5,1.5,False
61800274-f644-417a-9462-fadb8481642c,3,160,160,11,1,1,1,False
9f6a7b82-a0d5-4337-b870-7bf0471771de,1,30,30,10,2,1.5,1.5,False
9f6a7b82-a0d5-4337-b870-7bf0471771de,2,30,30,9,2,1.5,1.5,False
9f6a7b82-a0d5-4337-b870-7bf0471771de,3,30,30,9,2,1.5,1.5,False
b5db55a1-7be2-4c9b-89dc-99b0c424962f,1,32.5,32.5,11,2,2,2,False
b5db55a1-7be2-4c9b-89dc-99b0c424962f,2,32.5,32.5,10,2,1.5,1.5,False
b5db55a1-7be2-4c9b-89dc-99b0c424962f,3,32.5,32.5,9,2,2,2,False
b5db55a1-7be2-4c9b-89dc-99b0c424962f,4,32.5,32.5,8,2,2,2,False
59036002-bf24-4555-8adf-49901587bbc2,1,185,185,12,1,1,1,False
59036002-bf24-4555-8adf-49901587bbc2,2,185,185,11,2,1.5,1.5,False
59036002-bf24-4555-8adf-49901587bbc2,3,185,185,10,2,2,2,False
8577f6c8-7845-42a2-9014-63b4bcde520d,1,30,30,9,2,1.5,1.5,False
8577f6c8-7845-42a2-9014-63b4bcde520d,2,30,30,8,1,1,1,False
8577f6c8-7845-42a2-9014-63b4bcde520d,3,30,30,7,2,1.5,1.5,False
8577f6c8-7845-42a2-9014-63b4bcde520d,4,27.5,27.5,9,2,1.5,1.5,False
de376db8-9f11-4c16-b970-02390273b2f5,1,315,315,3,1,0.5,0.5,False
de376db8-9f11-4c16-b970-02390273b2f5,2,295,295,5,2,2,2,False
de376db8-9f11-4c16-b970-02390273b2f5,3,295,295,6,2,2,2,False
de376db8-9f11-4c16-b970-02390273b2f5,4,225,225,10,4,4,4,False
d446c331-f7c9-4cfb-9928-94228d087785,1,92.5,92.5,15,2,1.5,1.5,False
d446c331-f7c9-4cfb-9928-94228d087785,2,92.5,92.5,12,1,1,1,False
d446c331-f7c9-4cfb-9928-94228d087785,3,90,90,11,2,2,2,False
d446c331-f7c9-4cfb-9928-94228d087785,4,90,90,10,1,1,1,False
b3b421b8-69e4-4ee1-b044-e39327dca0f8,1,205,205,14,2,1.5,1.5,False
b3b421b8-69e4-4ee1-b044-e39327dca0f8,2,205,205,12,2,2,2,False
b3b421b8-69e4-4ee1-b044-e39327dca0f8,3,205,205,11,2,2,2,False
6be650a5-9720-426b-acc4-eac4d185241e,1,85,85,5,2,2,2,False
6be650a5-9720-426b-acc4-eac4d185241e,2,85,85,5,2,1.5,1.5,False
6be650a5-9720-426b-acc4-eac4d185241e,3,85,85,4,2,1.5,1.5,False
958a5f56-27f9-46cd-bf17-f802d66d4f29,1,85,85,13,2,1.5,1.5,False
958a5f56-27f9-46cd-bf17-f802d66d4f29,2,85,85,10,2,2,2,False
958a5f56-27f9-46cd-bf17-f802d66d4f29,3,82.5,82.5,8,2,2,2,False
656eb980-746c-4dda-993f-58b4431af55c,1,65,+65,16,2,2,2,False
656eb980-746c-4dda-993f-58b4431af55c,2,65,+65,15,2,2,2,False
03fd7039-ef6e-4a7e-9316-51916b449d69,1,70,70,6,2,2,2,False
03fd7039-ef6e-4a7e-9316-51916b449d69,2,70,70,5,2,1.5,1.5,False
03fd7039-ef6e-4a7e-9316-51916b449d69,3,70,70,4,2,2,2,False
03fd7039-ef6e-4a7e-9316-51916b449d69,4,70,70,5,1,0.5,0.5,False
9b2b04bb-af93-446b-8179-9e101ce138b7,1,47.5,47.5,12,3,2.5,2.5,False
9b2b04bb-af93-446b-8179-9e101ce138b7,2,47.5,47.5,12,2,2,2,False
9b2b04bb-af93-446b-8179-9e101ce138b7,3,47.5,47.5,11,2,2,2,False
9b2b04bb-af93-446b-8179-9e101ce138b7,4,47.5,47.5,11,1,1,1,False
36943a67-88fc-42be-af0c-dcdd6a780902,1,155,155,9,2,2,2,False
36943a67-88fc-42be-af0c-dcdd6a780902,2,150,150,10,2,2,2,False
36943a67-88fc-42be-af0c-dcdd6a780902,3,150,150,9,1,1,1,False
daafb777-5d88-4106-82a2-100f883f90f7,1,155,155,13,2,2,2,False
daafb777-5d88-4106-82a2-100f883f90f7,2,155,155,13,2,1.5,1.5,False
daafb777-5d88-4106-82a2-100f883f90f7,3,155,155,12,2,2,2,False
741eb8a0-c59f-4ae3-98e8-64a912073b0a,1,25,25,8,2,2,2,False
741eb8a0-c59f-4ae3-98e8-64a912073b0a,2,25,25,7,2,2,2,False
741eb8a0-c59f-4ae3-98e8-64a912073b0a,3,25,25,6,2,2,2,False
60dbf800-0c26-4f0c-ae8e-396c57b31088,1,20,+20,7,2,2,2,False
60dbf800-0c26-4f0c-ae8e-396c57b31088,2,20,+20,6,2,1.5,1.5,False
60dbf800-0c26-4f0c-ae8e-396c57b31088,3,20,+20,5,2,2,2,False
60dbf800-0c26-4f0c-ae8e-396c57b31088,4,20,+20,5,2,1.5,1.5,False
d523ba65-35f0-4e3b-8c17-590e2ac6b6fc,1,65,65,11,2,2,2,False
d523ba65-35f0-4e3b-8c17-590e2ac6b6fc,2,65,65,10,2,2,2,False
d523ba65-35f0-4e3b-8c17-590e2ac6b6fc,3,62.5,62.5,11,2,2,2,False
d523ba65-35f0-4e3b-8c17-590e2ac6b6fc,4,62.5,62.5,10,2,1.5,1.5,False
cfbb76e4-5003-4d04-aea1-89e3181f7ecd,1,220,+220,8,3,3,3,False
cfbb76e4-5003-4d04-aea1-89e3181f7ecd,2,220,+220,7,3,3,3,False
cfbb76e4-5003-4d04-aea1-89e3181f7ecd,3,220,+220,7,3,3,3,False
1250e957-2c81-4dec-aee4-5c02417d0550,1,307.5,307.5,10,3,3,3,False
1250e957-2c81-4dec-aee4-5c02417d0550,2,307.5,307.5,10,3,3,3,False
1250e957-2c81-4dec-aee4-5c02417d0550,3,307.5,307.5,9,3,3,3,False
0b8bef8b-e9d5-487b-bb2e-e4bd71939343,1,257.5,257.5,11,3,3,3,False
0b8bef8b-e9d5-487b-bb2e-e4bd71939343,2,257.5,257.5,10,3,3,3,False
0b8bef8b-e9d5-487b-bb2e-e4bd71939343,3,257.5,257.5,9,3,2.5,2.5,False
2a0528cc-9cba-4031-a140-2563b3193bc1,1,205,205,11,3,3,3,False
2a0528cc-9cba-4031-a140-2563b3193bc1,2,205,205,10,3,3,3,False
2a0528cc-9cba-4031-a140-2563b3193bc1,3,205,205,9,3,3,3,False
42287812-4d55-4493-afda-5dacbc2668d4,1,275,275,11,3,3,3,False
42287812-4d55-4493-afda-5dacbc2668d4,2,275,275,11,3,2.5,2.5,False
42287812-4d55-4493-afda-5dacbc2668d4,3,275,275,10,3,3,3,False
3e040893-679c-4215-abcd-b487aab5975b,1,72.5,+72.5,10,3,3,3,False
3e040893-679c-4215-abcd-b487aab5975b,2,72.5,+72.5,10,3,3,3,False
3e040893-679c-4215-abcd-b487aab5975b,3,72.5,+72.5,10,3,3,3,False
19bdda35-bf0e-4bbf-aba8-a0c06a522efb,1,44,+44,13,3,3,3,False
19bdda35-bf0e-4bbf-aba8-a0c06a522efb,2,44,+44,12,3,3,3,False
19bdda35-bf0e-4bbf-aba8-a0c06a522efb,3,44,+44,12,3,3,3,False
f041014c-2aa7-47b7-889f-67c10403fa3e,1,117.5,117.5,8,3,2.5,2.5,False
f041014c-2aa7-47b7-889f-67c10403fa3e,2,117.5,117.5,7,2,2,2,False
f041014c-2aa7-47b7-889f-67c10403fa3e,3,117.5,117.5,6,3,2.5,2.5,False
f041014c-2aa7-47b7-889f-67c10403fa3e,4,117.5,117.5,5,2,2,2,False
4e7549e8-238f-46db-9adf-68e0d68ee1c0,1,60,60,9,2,2,2,False
4e7549e8-238f-46db-9adf-68e0d68ee1c0,2,60,60,7,3,3,3,False
4e7549e8-238f-46db-9adf-68e0d68ee1c0,3,60,60,6,3,3,3,False
4e7549e8-238f-46db-9adf-68e0d68ee1c0,4,60,60,7,2,2,2,False
f53a4584-175a-4c1f-87a3-96bace8d10fe,1,22.5,22.5,14,3,3,3,False
f53a4584-175a-4c1f-87a3-96bace8d10fe,2,22.5,22.5,13,3,3,3,False
f53a4584-175a-4c1f-87a3-96bace8d10fe,3,22.5,22.5,12,3,3,3,False
88ea9437-e2bb-409f-bdb7-bccc757be81e,1,110,110,10,3,2.5,2.5,False
88ea9437-e2bb-409f-bdb7-bccc757be81e,2,110,110,9,3,2.5,2.5,False
88ea9437-e2bb-409f-bdb7-bccc757be81e,3,110,110,8,3,2.5,2.5,False
74954412-1058-4b94-a8e7-e6c896d4ece9,1,47.5,47.5,12,3,3,3,False
74954412-1058-4b94-a8e7-e6c896d4ece9,2,47.5,47.5,11,3,2.5,2.5,False
74954412-1058-4b94-a8e7-e6c896d4ece9,3,47.5,47.5,10,3,2.5,2.5,False
56374de0-bc44-42a5-b695-935f7a02c7f3,1,40,40,11,3,3,3,False
56374de0-bc44-42a5-b695-935f7a02c7f3,2,40,40,10,3,3,3,False
56374de0-bc44-42a5-b695-935f7a02c7f3,3,37.5,37.5,12,3,2.5,2.5,False
56374de0-bc44-42a5-b695-935f7a02c7f3,4,37.5,37.5,11,3,2.5,2.5,False
f3b0eaf4-b804-4634-9ed3-fd94a99580cb,1,27.5,27.5,16,3,3,3,False
f3b0eaf4-b804-4634-9ed3-fd94a99580cb,2,27.5,27.5,15,3,3,3,False
f3b0eaf4-b804-4634-9ed3-fd94a99580cb,3,27.5,27.5,14,3,3,3,False
6e2212d4-e0b3-4bc6-a374-f00723b5483c,1,95,95,13,3,3,3,False
6e2212d4-e0b3-4bc6-a374-f00723b5483c,2,95,95,12,2,2,2,False
6e2212d4-e0b3-4bc6-a374-f00723b5483c,3,95,95,10,2,2,2,False
8cf87af8-4915-4e53-94d2-f573bcb2179c,1,25,+25,7,3,3,3,False
8cf87af8-4915-4e53-94d2-f573bcb2179c,2,25,+25,6,3,3,3,False
8cf87af8-4915-4e53-94d2-f573bcb2179c,3,25,+25,6,3,3,3,False
8478a793-d2da-4cde-84f8-58369e074343,1,152.5,152.5,9,3,3,3,False
8478a793-d2da-4cde-84f8-58369e074343,2,152.5,152.5,8,3,3,3,False
8478a793-d2da-4cde-84f8-58369e074343,3,152.5,152.5,8,3,3,3,False
dd40de30-dffb-47f6-9c7d-27193c949ec7,1,162.5,162.5,10,3,3,3,False
dd40de30-dffb-47f6-9c7d-27193c949ec7,2,162.5,162.5,10,3,2.5,2.5,False
dd40de30-dffb-47f6-9c7d-27193c949ec7,3,162.5,162.5,10,2,2,2,False
21f634c6-f91f-419a-91d1-578bb5ce815c,1,27.5,27.5,11,3,3,3,False
21f634c6-f91f-419a-91d1-578bb5ce815c,2,27.5,27.5,10,3,3,3,False
21f634c6-f91f-419a-91d1-578bb5ce815c,3,27.5,27.5,10,3,3,3,False
ee51ccf2-d3e8-4b6f-8d8e-0983945cb600,1,30,30,11,2,2,2,False
ee51ccf2-d3e8-4b6f-8d8e-0983945cb600,2,30,30,10,3,2.5,2.5,False
ee51ccf2-d3e8-4b6f-8d8e-0983945cb600,3,30,30,9,3,2.5,2.5,False
f252124d-c5f4-4a90-92e0-ef3398529b2b,1,185,185,12,3,2.5,2.5,False
f252124d-c5f4-4a90-92e0-ef3398529b2b,2,185,185,12,2,2,2,False
f252124d-c5f4-4a90-92e0-ef3398529b2b,3,185,185,10,2,2,2,False
9749692c-d7b6-4ada-b2b2-b33958363211,1,27.5,27.5,8,3,3,3,False
9749692c-d7b6-4ada-b2b2-b33958363211,2,27.5,27.5,8,3,3,3,False
9749692c-d7b6-4ada-b2b2-b33958363211,3,27.5,27.5,7,2,2,2,False
9749692c-d7b6-4ada-b2b2-b33958363211,4,25,25,10,2,2,2,False
1aa7269c-8d5e-4516-b784-17d537dd8f90,1,95,95,10,4,4,4,False
1aa7269c-8d5e-4516-b784-17d537dd8f90,2,95,95,10,4,4,4,False
1aa7269c-8d5e-4516-b784-17d537dd8f90,3,95,95,10,4,3.5,3.5,False
9093e03f-f80a-4800-b7bd-212a100c29f4,1,125,125,11,4,4,4,False
9093e03f-f80a-4800-b7bd-212a100c29f4,2,125,125,10,4,4,4,False
9093e03f-f80a-4800-b7bd-212a100c29f4,3,125,125,10,3,3,3,False
f8bdc856-b269-4ecd-a5a4-8aa948d757d4,1,20,20,12,4,4,4,False
f8bdc856-b269-4ecd-a5a4-8aa948d757d4,2,22.5,22.5,10,4,4,4,False
f8bdc856-b269-4ecd-a5a4-8aa948d757d4,3,22.5,22.5,10,4,4,4,False
73f4a69d-9a49-4d2b-810b-af41f78a1541,1,65,+65,12,4,4,4,False
73f4a69d-9a49-4d2b-810b-af41f78a1541,2,65,+65,11,4,4,4,False
73f4a69d-9a49-4d2b-810b-af41f78a1541,3,65,+65,11,4,3.5,3.5,False
b2adc54e-225d-461f-acf7-73c060f5072f,1,80,80,11,4,4,4,False
b2adc54e-225d-461f-acf7-73c060f5072f,2,80,80,10,4,4,4,False
b2adc54e-225d-461f-acf7-73c060f5072f,3,75,75,10,4,4,4,False
ecfae5f6-9651-48ec-be52-ab9a38031d6e,1,45,45,10,4,4,4,False
ecfae5f6-9651-48ec-be52-ab9a38031d6e,2,45,45,10,4,4,4,False
ecfae5f6-9651-48ec-be52-ab9a38031d6e,3,45,45,10,4,4,4,False
b3562295-a223-4678-b484-f2a812eb7731,1,82.5,82.5,10,4,4,4,False
b3562295-a223-4678-b484-f2a812eb7731,2,82.5,82.5,10,4,3.5,3.5,False
b3562295-a223-4678-b484-f2a812eb7731,3,77.5,77.5,10,3,3,3,False
1d37700a-f994-43ac-a6ad-cd0c07c57550,1,305,305,7,5,4.5,4.5,False
1d37700a-f994-43ac-a6ad-cd0c07c57550,2,305,305,7,4,4,4,False
1d37700a-f994-43ac-a6ad-cd0c07c57550,3,305,305,7,4,4,4,False
73eba028-83a8-49d4-bfbe-cd668ee11664,1,90,90,10,4,4,4,False
73eba028-83a8-49d4-bfbe-cd668ee11664,2,95,95,9,4,4,4,False
73eba028-83a8-49d4-bfbe-cd668ee11664,3,90,90,10,3,3,3,False
7c38cb9b-b374-499a-a934-2e9fa58576a3,1,125,125,9,4,4,4,False
7c38cb9b-b374-499a-a934-2e9fa58576a3,2,125,125,9,3,3,3,False
7c38cb9b-b374-499a-a934-2e9fa58576a3,3,125,125,8,3,2.5,2.5,False
a3915f8e-6a6a-417c-a9c8-85c7eef85630,1,55,55,8,3,3,3,False
a3915f8e-6a6a-417c-a9c8-85c7eef85630,2,50,50,10,4,3.5,3.5,False
a3915f8e-6a6a-417c-a9c8-85c7eef85630,3,50,50,9,3,3,3,False
d330d0d9-c42b-4741-830e-7378c97a867e,1,140,140,9,5,4.5,4.5,False
d330d0d9-c42b-4741-830e-7378c97a867e,2,145,145,10,3,3,3,False
d330d0d9-c42b-4741-830e-7378c97a867e,3,145,145,9,3,2.5,2.5,False
cadeaed7-5b9d-4883-8489-0c0ebbdee0bc,1,165,165,10,4,4,4,False
cadeaed7-5b9d-4883-8489-0c0ebbdee0bc,2,165,165,10,3,3,3,False
cadeaed7-5b9d-4883-8489-0c0ebbdee0bc,3,160,160,10,3,3,3,False
c5329165-7971-4074-94ac-a19b9972668a,1,70,70,12,3,3,3,False
c5329165-7971-4074-94ac-a19b9972668a,2,70,70,8,3,3,3,False
c5329165-7971-4074-94ac-a19b9972668a,3,65,65,12,3,3,3,False
203b248e-2319-4a8b-b2b6-036a04aef6a8,1,44,44,12,4,3.5,3.5,False
203b248e-2319-4a8b-b2b6-036a04aef6a8,2,42.5,42.5,10,3,3,3,False
95921777-5192-4787-b7a8-671323cdf4d3,1,25,25,12,4,3.5,3.5,False
95921777-5192-4787-b7a8-671323cdf4d3,2,25,25,11,4,4,4,False
43913318-22d6-4764-9cbd-d8177201b759,1,100,100,10,2,2,2,False
43913318-22d6-4764-9cbd-d8177201b759,2,90,90,12,4,3.5,3.5,False
43913318-22d6-4764-9cbd-d8177201b759,3,90,90,11,3,3,3,False
0616be2b-adfc-47d0-919b-d346d916456f,1,72.5,72.5,5,1,1,1,False
0616be2b-adfc-47d0-919b-d346d916456f,2,70,70,6,1,0.5,0.5,False
0616be2b-adfc-47d0-919b-d346d916456f,3,70,70,5,1,1,1,False
0616be2b-adfc-47d0-919b-d346d916456f,4,70,70,5,1,0.5,0.5,False
e868692b-88d5-4033-8820-5052c4bbb1f2,1,50,50,10,1,0.5,0.5,False
e868692b-88d5-4033-8820-5052c4bbb1f2,2,45,45,13,1,1,1,False
e868692b-88d5-4033-8820-5052c4bbb1f2,3,45,45,12,1,1,1,False
e868692b-88d5-4033-8820-5052c4bbb1f2,4,45,45,12,1,0.5,0.5,False
89220058-1f32-44c3-ae2b-bf2352f1f46f,1,155,155,11,1,1,1,False
89220058-1f32-44c3-ae2b-bf2352f1f46f,2,155,155,9,1,1,1,False
89220058-1f32-44c3-ae2b-bf2352f1f46f,3,150,150,8,2,2,2,False
07e4ee07-0db1-464b-8f2c-96673952ed54,1,155,155,13,1,1,1,False
07e4ee07-0db1-464b-8f2c-96673952ed54,2,155,155,13,1,1,1,False
07e4ee07-0db1-464b-8f2c-96673952ed54,3,155,155,13,1,1,1,False
f2bc1b8a-2616-4eb7-b1cb-7c0cbacd8e81,1,20,+20,6,1,1,1,False
f2bc1b8a-2616-4eb7-b1cb-7c0cbacd8e81,2,20,+20,7,1,0.5,0.5,False
f2bc1b8a-2616-4eb7-b1cb-7c0cbacd8e81,3,20,+20,6,1,0.5,0.5,False
f2bc1b8a-2616-4eb7-b1cb-7c0cbacd8e81,4,20,+20,6,1,1,1,False
0c6cdde5-7b1f-4019-a84e-04f98ab6e81e,1,65,65,11,1,1,1,False
0c6cdde5-7b1f-4019-a84e-04f98ab6e81e,2,65,65,10,1,1,1,False
0c6cdde5-7b1f-4019-a84e-04f98ab6e81e,3,65,65,9,1,1,1,False
0c6cdde5-7b1f-4019-a84e-04f98ab6e81e,4,65,65,10,1,0.5,0.5,False
72421009-d8c6-4f97-9c15-6c21051ef32d,1,240,+240,6,1,1,1,False
72421009-d8c6-4f97-9c15-6c21051ef32d,2,240,+240,6,1,1,1,False
72421009-d8c6-4f97-9c15-6c21051ef32d,3,240,+240,5,1,1,1,False
9dc1bf88-6125-458a-bb79-d9f7837cd342,1,337.5,337.5,10,1,1,1,False
9dc1bf88-6125-458a-bb79-d9f7837cd342,2,337.5,337.5,10,1,1,1,False
9dc1bf88-6125-458a-bb79-d9f7837cd342,3,337.5,337.5,8,1,1,1,False
9dc1bf88-6125-458a-bb79-d9f7837cd342,4,337.5,337.5,8,1,1,1,False
d7763047-e7e0-46f8-ac85-f15741bad50f,1,277.5,277.5,10,1,1,1,False
d7763047-e7e0-46f8-ac85-f15741bad50f,2,277.5,277.5,10,1,1,1,False
d7763047-e7e0-46f8-ac85-f15741bad50f,3,277.5,277.5,8,2,1.5,1.5,False
d7763047-e7e0-46f8-ac85-f15741bad50f,4,277.5,277.5,8,1,0.5,0.5,False
97cef9fc-bbf6-4e33-8f2e-cffbc017f351,1,225,225,10,1,1,1,False
97cef9fc-bbf6-4e33-8f2e-cffbc017f351,2,225,225,10,1,1,1,False
97cef9fc-bbf6-4e33-8f2e-cffbc017f351,3,225,225,9,1,0.5,0.5,False
0b43edf5-aaec-4d38-b1e1-88ae8284349e,1,295,295,11,1,1,1,False
0b43edf5-aaec-4d38-b1e1-88ae8284349e,2,295,295,10,1,1,1,False
0b43edf5-aaec-4d38-b1e1-88ae8284349e,3,295,295,10,1,0.5,0.5,False
795e5d4e-6ec1-41ba-883d-17c906a86146,1,77.5,+77.5,10,1,1,1,False
795e5d4e-6ec1-41ba-883d-17c906a86146,2,77.5,+77.5,10,1,1,1,False
795e5d4e-6ec1-41ba-883d-17c906a86146,3,77.5,+77.5,10,1,1,1,False
487315fb-cbff-4bf6-adfc-c4d6e0f74849,1,55,+55,11,1,1,1,False
487315fb-cbff-4bf6-adfc-c4d6e0f74849,2,55,+55,11,1,0.5,0.5,False
487315fb-cbff-4bf6-adfc-c4d6e0f74849,3,55,+55,10,1,1,1,False
4473d324-4abe-44da-8aee-05a58fa3415a,1,127.5,127.5,5,1,1,1,False
4473d324-4abe-44da-8aee-05a58fa3415a,2,122.5,122.5,6,1,1,1,False
4473d324-4abe-44da-8aee-05a58fa3415a,3,122.5,122.5,5,1,1,1,False
4473d324-4abe-44da-8aee-05a58fa3415a,4,122.5,122.5,6,0,0,0,False
3a272a2a-4d7b-4013-a928-2e87409a7777,1,65,65,8,1,1,1,False
3a272a2a-4d7b-4013-a928-2e87409a7777,2,65,65,6,1,0.5,0.5,False
3a272a2a-4d7b-4013-a928-2e87409a7777,3,60,60,7,1,1,1,False
3a272a2a-4d7b-4013-a928-2e87409a7777,4,60,60,8,0,0,0,False
ad2ccdb6-b3d9-45e1-8527-660c392fe097,1,22.5,22.5,15,1,1,1,False
ad2ccdb6-b3d9-45e1-8527-660c392fe097,2,23.75,23.75,12,1,1,1,False
ad2ccdb6-b3d9-45e1-8527-660c392fe097,3,22.5,22.5,11,1,1,1,False
9d195a9d-b042-4cc7-b9b8-175b527acd1f,1,112.5,112.5,11,1,1,1,False
9d195a9d-b042-4cc7-b9b8-175b527acd1f,2,112.5,112.5,9,1,1,1,False
9d195a9d-b042-4cc7-b9b8-175b527acd1f,3,112.5,112.5,8,1,1,1,False
221818e3-4f2f-46aa-abe9-d5af67e8c61d,1,50,50,14,1,1,1,False
221818e3-4f2f-46aa-abe9-d5af67e8c61d,2,45,45,13,1,1,1,False
221818e3-4f2f-46aa-abe9-d5af67e8c61d,3,45,45,12,1,1,1,False
cbe3eab1-eb9a-4a0e-ac05-af34f3fe7b5c,1,40,40,12,1,1,1,False
cbe3eab1-eb9a-4a0e-ac05-af34f3fe7b5c,2,40,40,12,1,0.5,0.5,False
cbe3eab1-eb9a-4a0e-ac05-af34f3fe7b5c,3,40,40,10,1,1,1,False
cbe3eab1-eb9a-4a0e-ac05-af34f3fe7b5c,4,37.5,37.5,12,1,0.5,0.5,False
f1e92bc2-c5db-4e53-aaac-9c28316e61f8,1,30,30,13,1,1,1,False
f1e92bc2-c5db-4e53-aaac-9c28316e61f8,2,30,30,13,1,0.5,0.5,False
f1e92bc2-c5db-4e53-aaac-9c28316e61f8,3,30,30,12,1,0.5,0.5,False
f2940895-f448-40a2-ae11-6fb15f0aa93f,1,97.5,97.5,14,1,1,1,False
f2940895-f448-40a2-ae11-6fb15f0aa93f,2,97.5,97.5,11,1,1,1,False
f2940895-f448-40a2-ae11-6fb15f0aa93f,3,90,90,13,1,1,1,False
9925266b-0c9e-40ba-9a52-063c6a875427,1,37.5,+37.5,6,1,1,1,False
9925266b-0c9e-40ba-9a52-063c6a875427,2,37.5,+37.5,5,1,1,1,False
9925266b-0c9e-40ba-9a52-063c6a875427,3,37.5,+37.5,5,1,1,1,False
946bf565-615a-4ccc-b2d7-cea1eafb4cc6,1,162.5,162.5,8,1,1,1,False
946bf565-615a-4ccc-b2d7-cea1eafb4cc6,2,162.5,162.5,8,1,0.5,0.5,False
946bf565-615a-4ccc-b2d7-cea1eafb4cc6,3,162.5,162.5,8,1,0.5,0.5,False
6d715ed1-84cd-4bf7-a863-b01336193243,1,175,175,10,1,0.5,0.5,False
6d715ed1-84cd-4bf7-a863-b01336193243,2,175,175,9,1,1,1,False
6d715ed1-84cd-4bf7-a863-b01336193243,3,175,175,8,1,1,1,False
56986b6d-628d-4503-89e4-f3372b5e2b69,1,27.5,27.5,13,1,1,1,False
56986b6d-628d-4503-89e4-f3372b5e2b69,2,27.5,27.5,12,1,1,1,False
56986b6d-628d-4503-89e4-f3372b5e2b69,3,27.5,27.5,12,1,1,1,False
75750085-5dce-42c5-8dba-2ae8b37b55d5,1,35,35,9,1,0.5,0.5,False
75750085-5dce-42c5-8dba-2ae8b37b55d5,2,35,35,8,1,0.5,0.5,False
75750085-5dce-42c5-8dba-2ae8b37b55d5,3,30,30,12,1,1,1,False
75750085-5dce-42c5-8dba-2ae8b37b55d5,4,30,30,12,1,0.5,0.5,False
a3e51b2e-1fab-43c3-b1dc-922c28d7d066,1,212.5,212.5,10,1,1,1,False
a3e51b2e-1fab-43c3-b1dc-922c28d7d066,2,205,205,10,1,1,1,False
a3e51b2e-1fab-43c3-b1dc-922c28d7d066,3,205,205,10,1,0.5,0.5,False
e1bcedf8-4a27-4405-b141-b9498718c2d9,1,30,30,7,1,1,1,False
e1bcedf8-4a27-4405-b141-b9498718c2d9,2,30,30,7,1,1,1,False
e1bcedf8-4a27-4405-b141-b9498718c2d9,3,27.5,27.5,10,1,1,1,False
e1bcedf8-4a27-4405-b141-b9498718c2d9,4,27.5,27.5,9,1,0.5,0.5,False
93e832e4-6577-4452-b492-a9628487a301,1,310,310,6,2,2,2,False
93e832e4-6577-4452-b492-a9628487a301,2,310,310,6,2,2,2,False
93e832e4-6577-4452-b492-a9628487a301,3,310,310,5,2,2,2,False
93e832e4-6577-4452-b492-a9628487a301,4,310,310,4,2,2,2,False
5f2d85b9-5c40-4e48-9d7b-c8adb6af716e,1,95,95,14,2,1.5,1.5,False
5f2d85b9-5c40-4e48-9d7b-c8adb6af716e,2,95,95,13,2,1.5,1.5,False
5f2d85b9-5c40-4e48-9d7b-c8adb6af716e,3,95,95,11,2,1.5,1.5,False
5f2d85b9-5c40-4e48-9d7b-c8adb6af716e,4,87.5,87.5,13,2,2,2,False
0949ae40-7c4f-4a28-ad1b-266c39c46082,1,205,205,13,2,2,2,False
0949ae40-7c4f-4a28-ad1b-266c39c46082,2,205,205,12,2,1.5,1.5,False
0949ae40-7c4f-4a28-ad1b-266c39c46082,3,205,205,11,2,1.5,1.5,False
015140d0-1f65-4b7a-b84f-011d17a5092f,1,85,85,5,2,2,2,False
015140d0-1f65-4b7a-b84f-011d17a5092f,2,85,85,4,2,2,2,False
015140d0-1f65-4b7a-b84f-011d17a5092f,3,80,80,5,2,2,2,False
19953ed6-93e7-47ea-9e57-6f7e6d364699,1,85,85,12,2,2,2,False
19953ed6-93e7-47ea-9e57-6f7e6d364699,2,85,85,10,2,2,2,False
19953ed6-93e7-47ea-9e57-6f7e6d364699,3,80,80,10,2,2,2,False
49069c15-fc4b-4e2d-81c6-ed0312f9453b,1,75,+75,11,2,2,2,False
49069c15-fc4b-4e2d-81c6-ed0312f9453b,2,75,+75,10,2,2,2,False
49069c15-fc4b-4e2d-81c6-ed0312f9453b,3,75,+75,10,2,2,2,False
f7e82661-18ee-4f27-aae0-7ddd115f0358,1,70,70,7,2,1.5,1.5,False
f7e82661-18ee-4f27-aae0-7ddd115f0358,2,70,70,6,1,0.5,0.5,False
f7e82661-18ee-4f27-aae0-7ddd115f0358,3,70,70,4,2,2,2,False
f7e82661-18ee-4f27-aae0-7ddd115f0358,4,65,65,6,2,2,2,False
bbc386af-7a26-4b6c-86c8-0827adfae937,1,52.5,52.5,11,2,2,2,False
bbc386af-7a26-4b6c-86c8-0827adfae937,2,52.5,52.5,10,2,2,2,False
bbc386af-7a26-4b6c-86c8-0827adfae937,3,52.5,52.5,9,2,2,2,False
bbc386af-7a26-4b6c-86c8-0827adfae937,4,47.5,47.5,13,2,1.5,1.5,False
84c4dee4-e3eb-4600-acef-cb7b4cb229be,1,160,160,10,2,1.5,1.5,False
84c4dee4-e3eb-4600-acef-cb7b4cb229be,2,160,160,8,2,2,2,False
84c4dee4-e3eb-4600-acef-cb7b4cb229be,3,155,155,9,2,1.5,1.5,False
9a14af7c-d080-44c3-ba2e-a072cdece4e5,1,160,160,12,2,1.5,1.5,False
9a14af7c-d080-44c3-ba2e-a072cdece4e5,2,160,160,11,2,2,2,False
9a14af7c-d080-44c3-ba2e-a072cdece4e5,3,160,160,10,2,2,2,False
788adecb-ce99-4ccc-bd23-8e0c78c46315,1,22.5,22.5,11,2,2,2,False
788adecb-ce99-4ccc-bd23-8e0c78c46315,2,22.5,22.5,10,2,2,2,False
788adecb-ce99-4ccc-bd23-8e0c78c46315,3,20,20,14,2,1.5,1.5,False
43e9b315-2039-4aa9-aa54-d017c84c38b9,1,15,+15,6,2,2,2,False
43e9b315-2039-4aa9-aa54-d017c84c38b9,2,15,+15,7,2,2,2,False
43e9b315-2039-4aa9-aa54-d017c84c38b9,3,15,+15,7,2,2,2,False
43e9b315-2039-4aa9-aa54-d017c84c38b9,4,15,+15,6,2,2,2,False
1294ed80-f81e-4dcd-aa61-d7168910bce2,1,60,60,13,2,2,2,False
1294ed80-f81e-4dcd-aa61-d7168910bce2,2,60,60,12,2,2,2,False
1294ed80-f81e-4dcd-aa61-d7168910bce2,3,60,60,11,1,1,1,False
1294ed80-f81e-4dcd-aa61-d7168910bce2,4,55,55,12,2,2,2,False
025daacd-4e11-4291-a59c-ff6c2b8dd14a,1,221.25,+221.25,7,2,2,2,False
025daacd-4e11-4291-a59c-ff6c2b8dd14a,2,221.25,+221.25,7,2,2,2,False
025daacd-4e11-4291-a59c-ff6c2b8dd14a,3,221.25,+221.25,6,2,2,2,False
15d48d04-711d-4789-96e2-bdb9c4ed3c61,1,315,315,11,2,2,2,False
15d48d04-711d-4789-96e2-bdb9c4ed3c61,2,315,315,11,2,2,2,False
15d48d04-711d-4789-96e2-bdb9c4ed3c61,3,315,315,10,2,1.5,1.5,False
15d48d04-711d-4789-96e2-bdb9c4ed3c61,4,315,315,9,2,2,2,False
1ab58a27-7eaf-4d22-8cbf-df88e607e450,1,275,275,9,2,2,2,False
1ab58a27-7eaf-4d22-8cbf-df88e607e450,2,275,275,9,2,2,2,False
1ab58a27-7eaf-4d22-8cbf-df88e607e450,3,275,275,8,2,2,2,False
1ab58a27-7eaf-4d22-8cbf-df88e607e450,4,275,275,7,2,2,2,False
8317d487-d2e1-4ba5-b0ee-a622c52ed5a1,1,215,215,11,2,1.5,1.5,False
8317d487-d2e1-4ba5-b0ee-a622c52ed5a1,2,215,215,10,2,2,2,False
8317d487-d2e1-4ba5-b0ee-a622c52ed5a1,3,205,205,11,2,2,2,False
cb0c88be-323c-4c98-9ea6-cc1b8bf0a543,1,275,275,12,2,2,2,False
cb0c88be-323c-4c98-9ea6-cc1b8bf0a543,2,275,275,12,2,1.5,1.5,False
cb0c88be-323c-4c98-9ea6-cc1b8bf0a543,3,275,275,11,2,2,2,False
c264c281-d15d-4ed4-9d46-f65ad37279ed,1,72.5,+72.5,10,2,2,2,False
c264c281-d15d-4ed4-9d46-f65ad37279ed,2,72.5,+72.5,10,2,2,2,False
c264c281-d15d-4ed4-9d46-f65ad37279ed,3,72.5,+72.5,10,2,2,2,False
206a2edd-a9c3-4731-80e1-c1176414e744,1,45,+45,13,2,2,2,False
206a2edd-a9c3-4731-80e1-c1176414e744,2,45,+45,13,2,2,2,False
206a2edd-a9c3-4731-80e1-c1176414e744,3,45,+45,12,2,2,2,False
f63293cc-9d34-494a-a4e9-e3bfba73fc5f,1,122.5,122.5,7,2,2,2,False
f63293cc-9d34-494a-a4e9-e3bfba73fc5f,2,122.5,122.5,6,2,2,2,False
f63293cc-9d34-494a-a4e9-e3bfba73fc5f,3,122.5,122.5,5,2,2,2,False
f63293cc-9d34-494a-a4e9-e3bfba73fc5f,4,122.5,122.5,5,2,2,2,False
a0ab48c7-6249-41c3-9ed0-7734d5221d6f,1,65,65,8,2,1.5,1.5,False
a0ab48c7-6249-41c3-9ed0-7734d5221d6f,2,65,65,6,2,2,2,False
a0ab48c7-6249-41c3-9ed0-7734d5221d6f,3,65,65,6,2,1.5,1.5,False
a0ab48c7-6249-41c3-9ed0-7734d5221d6f,4,65,65,6,2,2,2,False
89f56c61-ea68-4cd4-be94-597dee0b97af,1,22.5,22.5,14,2,1.5,1.5,False
89f56c61-ea68-4cd4-be94-597dee0b97af,2,22.5,22.5,13,2,2,2,False
89f56c61-ea68-4cd4-be94-597dee0b97af,3,22.5,22.5,11,2,2,2,False
ec770abc-ce81-4681-b539-97d66e3acd50,1,110,110,11,2,2,2,False
ec770abc-ce81-4681-b539-97d66e3acd50,2,110,110,10,1,1,1,False
ec770abc-ce81-4681-b539-97d66e3acd50,3,110,110,8,2,2,2,False
c2fbc84d-23e1-4559-8c8d-e4b42eb30acc,1,50,50,13,2,2,2,False
c2fbc84d-23e1-4559-8c8d-e4b42eb30acc,2,50,50,12,2,2,2,False
c2fbc84d-23e1-4559-8c8d-e4b42eb30acc,3,50,50,10,2,2,2,False
23a2e92e-2bfc-45b0-91fc-fed0e79e6783,1,40,40,10,2,2,2,False
23a2e92e-2bfc-45b0-91fc-fed0e79e6783,2,40,40,10,2,2,2,False
23a2e92e-2bfc-45b0-91fc-fed0e79e6783,3,37.5,37.5,11,2,2,2,False
23a2e92e-2bfc-45b0-91fc-fed0e79e6783,4,37.5,37.5,10,2,2,2,False
daf0ac8b-ffeb-40f1-b741-a54818747175,1,27.5,27.5,15,2,2,2,False
daf0ac8b-ffeb-40f1-b741-a54818747175,2,27.5,27.5,15,2,2,2,False
daf0ac8b-ffeb-40f1-b741-a54818747175,3,27.5,27.5,14,2,2,2,False
6f456a73-7cd5-4a28-8cc0-91e3fa477fde,1,100,100,12,2,1.5,1.5,False
6f456a73-7cd5-4a28-8cc0-91e3fa477fde,2,100,100,9,2,2,2,False
6f456a73-7cd5-4a28-8cc0-91e3fa477fde,3,92.5,92.5,12,2,1.5,1.5,False
4cca1cb0-5810-42aa-9906-067dfa41ba0f,1,30,+30,6,2,2,2,False
4cca1cb0-5810-42aa-9906-067dfa41ba0f,2,30,+30,5,2,2,2,False
4cca1cb0-5810-42aa-9906-067dfa41ba0f,3,30,+30,5,2,2,2,False
96804e59-1e56-4179-8773-466ff356e05c,1,152.5,152.5,8,2,2,2,False
96804e59-1e56-4179-8773-466ff356e05c,2,152.5,152.5,8,2,2,2,False
96804e59-1e56-4179-8773-466ff356e05c,3,152.5,152.5,8,2,2,2,False
61ccd2f8-a19e-4311-a37a-d1f4c7002b95,1,175,175,9,2,1.5,1.5,False
61ccd2f8-a19e-4311-a37a-d1f4c7002b95,2,170,170,9,2,2,2,False
61ccd2f8-a19e-4311-a37a-d1f4c7002b95,3,170,170,8,2,2,2,False
e6133cde-b3b7-40c8-b4bf-478af5798bf6,1,27.5,27.5,10,2,2,2,False
e6133cde-b3b7-40c8-b4bf-478af5798bf6,2,27.5,27.5,10,2,2,2,False
e6133cde-b3b7-40c8-b4bf-478af5798bf6,3,27.5,27.5,10,2,2,2,False
d5a00a8c-c16e-468d-88ce-9930ec172704,1,32.5,32.5,11,1,1,1,False
d5a00a8c-c16e-468d-88ce-9930ec172704,2,32.5,32.5,10,2,1.5,1.5,False
d5a00a8c-c16e-468d-88ce-9930ec172704,3,32.5,32.5,9,2,2,2,False
d5a00a8c-c16e-468d-88ce-9930ec172704,4,32.5,32.5,9,2,1.5,1.5,False
95af6e9f-48a0-432d-8148-4eb3d9e371eb,1,207.5,207.5,12,2,1.5,1.5,False
95af6e9f-48a0-432d-8148-4eb3d9e371eb,2,207.5,207.5,10,2,2,2,False
95af6e9f-48a0-432d-8148-4eb3d9e371eb,3,207.5,207.5,10,1,1,1,False
669d9a70-c717-4703-9425-6112b8628acc,1,27.5,27.5,10,1,1,1,False
669d9a70-c717-4703-9425-6112b8628acc,2,27.5,27.5,9,2,2,2,False
669d9a70-c717-4703-9425-6112b8628acc,3,27.5,27.5,9,1,1,1,False
669d9a70-c717-4703-9425-6112b8628acc,4,25,25,10,1,1,1,False
7f03ea3a-b314-4653-bb5f-a0cddf4ca670,1,305,305,6,2,2,2,False
7f03ea3a-b314-4653-bb5f-a0cddf4ca670,2,305,305,6,2,2,2,False
7f03ea3a-b314-4653-bb5f-a0cddf4ca670,3,305,305,5,2,2,2,False
7f03ea3a-b314-4653-bb5f-a0cddf4ca670,4,305,305,5,2,1.5,1.5,False
1043a0ef-7df4-433f-82ff-a66509733841,1,97.5,97.5,12,2,2,2,False
1043a0ef-7df4-433f-82ff-a66509733841,2,97.5,97.5,11,2,1.5,1.5,False
1043a0ef-7df4-433f-82ff-a66509733841,3,97.5,97.5,9,1,1,1,False
1043a0ef-7df4-433f-82ff-a66509733841,4,92.5,92.5,10,2,1.5,1.5,False
ea01fe5d-6c57-4225-a080-f22dde6babdd,1,215,215,11,2,2,2,False
ea01fe5d-6c57-4225-a080-f22dde6babdd,2,215,215,10,2,1.5,1.5,False
ea01fe5d-6c57-4225-a080-f22dde6babdd,3,205,205,11,2,1.5,1.5,False
2877c872-8280-46ea-a880-bcd4e49289f5,1,82.5,82.5,6,2,2,2,False
2877c872-8280-46ea-a880-bcd4e49289f5,2,82.5,82.5,5,2,2,2,False
2877c872-8280-46ea-a880-bcd4e49289f5,3,82.5,82.5,4,2,2,2,False
a0f00c83-b544-4790-8af0-ec950493c831,1,82.5,82.5,13,2,2,2,False
a0f00c83-b544-4790-8af0-ec950493c831,2,82.5,82.5,12,2,1.5,1.5,False
a0f00c83-b544-4790-8af0-ec950493c831,3,82.5,82.5,9,2,2,2,False
91b8c918-c567-40be-8f44-65dd9841831a,1,70,+70,12,2,2,2,False
91b8c918-c567-40be-8f44-65dd9841831a,2,70,+70,11,2,2,2,False
91b8c918-c567-40be-8f44-65dd9841831a,3,70,+70,10,2,2,2,False
ba2403ed-1fa9-4270-a600-28fe7a81bfbb,1,72.5,72.5,5,2,2,2,False
ba2403ed-1fa9-4270-a600-28fe7a81bfbb,2,72.5,72.5,4,2,2,2,False
ba2403ed-1fa9-4270-a600-28fe7a81bfbb,3,65,65,7,2,2,2,False
ba2403ed-1fa9-4270-a600-28fe7a81bfbb,4,65,65,7,2,2,2,False
7a4e3277-f2ea-4b9e-ad93-7eca43f41568,1,52.5,52.5,11,2,2,2,False
7a4e3277-f2ea-4b9e-ad93-7eca43f41568,2,52.5,52.5,10,2,2,2,False
7a4e3277-f2ea-4b9e-ad93-7eca43f41568,3,50,50,11,2,2,2,False
7a4e3277-f2ea-4b9e-ad93-7eca43f41568,4,50,50,10,2,2,2,False
23e48905-ea16-4446-9ba1-097c62b97697,1,160,160,9,2,2,2,False
23e48905-ea16-4446-9ba1-097c62b97697,2,160,160,8,2,2,2,False
23e48905-ea16-4446-9ba1-097c62b97697,3,150,150,10,2,2,2,False
195a986b-fb0d-41d1-97a3-22eaf57fb648,1,157.5,157.5,12,2,1.5,1.5,False
195a986b-fb0d-41d1-97a3-22eaf57fb648,2,157.5,157.5,11,2,2,2,False
195a986b-fb0d-41d1-97a3-22eaf57fb648,3,157.5,157.5,10,2,2,2,False
68240a85-9b18-4301-bdbd-c2dab7d05b30,1,22.5,22.5,10,2,2,2,False
68240a85-9b18-4301-bdbd-c2dab7d05b30,2,20,20,14,2,2,2,False
68240a85-9b18-4301-bdbd-c2dab7d05b30,3,20,20,13,2,2,2,False
97fac768-40f1-49d6-bd94-21d09c9c237e,1,10,+10,7,2,2,2,False
97fac768-40f1-49d6-bd94-21d09c9c237e,2,10,+10,7,2,2,2,False
97fac768-40f1-49d6-bd94-21d09c9c237e,3,10,+10,7,2,2,2,False
97fac768-40f1-49d6-bd94-21d09c9c237e,4,10,+10,7,1,1,1,False
eb9fcb09-4553-471f-94b9-620f8e96ec23,1,60,60,12,2,2,2,False
eb9fcb09-4553-471f-94b9-620f8e96ec23,2,60,60,11,2,2,2,False
eb9fcb09-4553-471f-94b9-620f8e96ec23,3,60,60,10,2,1.5,1.5,False
eb9fcb09-4553-471f-94b9-620f8e96ec23,4,55,55,11,2,2,2,False
6e65a90e-de82-4256-9465-02632f921bad,1,217.5,+217.5,6,2,2,2,False
6e65a90e-de82-4256-9465-02632f921bad,2,217.5,+217.5,6,2,2,2,False
6e65a90e-de82-4256-9465-02632f921bad,3,217.5,+217.5,6,2,2,2,False
1fbe7a35-a4eb-4938-8688-14bac62211b0,1,325,325,10,2,2,2,False
1fbe7a35-a4eb-4938-8688-14bac62211b0,2,325,325,10,2,2,2,False
1fbe7a35-a4eb-4938-8688-14bac62211b0,3,325,325,9,2,2,2,False
1fbe7a35-a4eb-4938-8688-14bac62211b0,4,325,325,8,2,2,2,False
4d16ca2f-d5be-4e22-b0fd-5745558bd756,1,265,265,10,2,2,2,False
4d16ca2f-d5be-4e22-b0fd-5745558bd756,2,265,265,10,2,2,2,False
4d16ca2f-d5be-4e22-b0fd-5745558bd756,3,265,265,9,2,2,2,False
4d16ca2f-d5be-4e22-b0fd-5745558bd756,4,265,265,8,2,1.5,1.5,False
44a68306-c128-4633-a9ad-f16d88113e0c,1,225,225,9,2,2,2,False
44a68306-c128-4633-a9ad-f16d88113e0c,2,225,225,8,2,2,2,False
44a68306-c128-4633-a9ad-f16d88113e0c,3,225,225,8,2,1.5,1.5,False
cdbc0742-7297-4955-b211-a097965d9eb7,1,280,280,11,2,2,2,False
cdbc0742-7297-4955-b211-a097965d9eb7,2,280,280,11,2,2,2,False
cdbc0742-7297-4955-b211-a097965d9eb7,3,280,280,10,2,2,2,False
1180298f-2d7b-45d0-9fad-a678f13c483b,1,72.5,+72.5,9,2,2,2,False
1180298f-2d7b-45d0-9fad-a678f13c483b,2,72.5,+72.5,9,2,2,2,False
1180298f-2d7b-45d0-9fad-a678f13c483b,3,72.5,+72.5,9,2,2,2,False
e098bbe7-1ecb-4bbe-922c-92ab80cbb528,1,55,+55,9,2,2,2,False
e098bbe7-1ecb-4bbe-922c-92ab80cbb528,2,44,+44,13,2,2,2,False
e098bbe7-1ecb-4bbe-922c-92ab80cbb528,3,44,+44,13,2,2,2,False
f79cfd23-a228-406c-9937-d28cc61612bb,1,122.5,122.5,7,2,1.5,1.5,False
f79cfd23-a228-406c-9937-d28cc61612bb,2,122.5,122.5,6,2,1.5,1.5,False
f79cfd23-a228-406c-9937-d28cc61612bb,3,122.5,122.5,5,2,1.5,1.5,False
f79cfd23-a228-406c-9937-d28cc61612bb,4,122.5,122.5,5,2,1.5,1.5,False
70e5f738-3d45-4c2d-9e44-703b0f1fce9c,1,65,65,8,1,1,1,False
70e5f738-3d45-4c2d-9e44-703b0f1fce9c,2,65,65,6,2,2,2,False
70e5f738-3d45-4c2d-9e44-703b0f1fce9c,3,65,65,6,2,1.5,1.5,False
70e5f738-3d45-4c2d-9e44-703b0f1fce9c,4,65,65,6,2,1.5,1.5,False
24922985-af06-4c94-8374-e2c1920fa518,1,25,25,12,1,1,1,False
24922985-af06-4c94-8374-e2c1920fa518,2,25,25,10,2,2,2,False
24922985-af06-4c94-8374-e2c1920fa518,3,25,25,8,2,2,2,False
38a9820c-3f99-46e1-a850-efc70bc0b18b,1,115,115,10,1,1,1,False
38a9820c-3f99-46e1-a850-efc70bc0b18b,2,115,115,8,2,2,2,False
38a9820c-3f99-46e1-a850-efc70bc0b18b,3,107.5,107.5,9,2,2,2,False
86beedef-8abd-42bc-9382-341df7ff7d16,1,55,55,9,2,2,2,False
86beedef-8abd-42bc-9382-341df7ff7d16,2,55,55,8,2,2,2,False
86beedef-8abd-42bc-9382-341df7ff7d16,3,52.5,52.5,9,2,1.5,1.5,False
5827a329-ef46-41df-a8bf-028e810a3909,1,37.5,37.5,12,2,2,2,False
5827a329-ef46-41df-a8bf-028e810a3909,2,37.5,37.5,11,2,2,2,False
5827a329-ef46-41df-a8bf-028e810a3909,3,37.5,37.5,10,2,2,2,False
5827a329-ef46-41df-a8bf-028e810a3909,4,37.5,37.5,10,2,1.5,1.5,False
4bce92e7-e771-44fe-8525-25bbc43db365,1,27.5,27.5,14,2,2,2,False
4bce92e7-e771-44fe-8525-25bbc43db365,2,27.5,27.5,14,2,2,2,False
4bce92e7-e771-44fe-8525-25bbc43db365,3,27.5,27.5,13,2,2,2,False
d7bb6b5e-3731-4026-9203-f339e3cc0bcc,1,100,100,11,2,2,2,False
d7bb6b5e-3731-4026-9203-f339e3cc0bcc,2,100,100,9,2,2,2,False
d7bb6b5e-3731-4026-9203-f339e3cc0bcc,3,97.5,97.5,10,2,1.5,1.5,False
a012275e-692b-49f9-874b-f8999e52aa6f,1,25,+25,6,2,2,2,False
a012275e-692b-49f9-874b-f8999e52aa6f,2,25,+25,6,2,2,2,False
a012275e-692b-49f9-874b-f8999e52aa6f,3,25,+25,5,2,2,2,False
11532e49-ee91-4469-90b2-b22edf4d4d8a,1,145,145,8,2,2,2,False
11532e49-ee91-4469-90b2-b22edf4d4d8a,2,145,145,9,2,2,2,False
11532e49-ee91-4469-90b2-b22edf4d4d8a,3,145,145,9,2,2,2,False
dded379e-0528-40e3-b7d7-860c517f5a75,1,167.5,167.5,10,2,2,2,False
dded379e-0528-40e3-b7d7-860c517f5a75,2,167.5,167.5,9,2,2,2,False
dded379e-0528-40e3-b7d7-860c517f5a75,3,167.5,167.5,9,2,1.5,1.5,False
c92edf92-25bb-424c-881c-340a63249820,1,27.5,27.5,9,2,2,2,False
c92edf92-25bb-424c-881c-340a63249820,2,27.5,27.5,9,2,2,2,False
c92edf92-25bb-424c-881c-340a63249820,3,27.5,27.5,9,2,1.5,1.5,False
97fc1371-b645-45d6-a572-89dc40d840c7,1,32.5,32.5,10,2,2,2,False
97fc1371-b645-45d6-a572-89dc40d840c7,2,32.5,32.5,10,2,1.5,1.5,False
97fc1371-b645-45d6-a572-89dc40d840c7,3,32.5,32.5,9,2,1.5,1.5,False
97fc1371-b645-45d6-a572-89dc40d840c7,4,32.5,32.5,8,2,2,2,False
1cc828f7-5918-44ba-bda4-442a308f991d,1,212.5,212.5,10,2,2,2,False
1cc828f7-5918-44ba-bda4-442a308f991d,2,212.5,212.5,10,1,1,1,False
1cc828f7-5918-44ba-bda4-442a308f991d,3,205,205,11,1,1,1,False
6c4405c9-0147-4f6f-a708-7008d2746348,1,27.5,27.5,11,2,2,2,False
6c4405c9-0147-4f6f-a708-7008d2746348,2,27.5,27.5,10,2,2,2,False
6c4405c9-0147-4f6f-a708-7008d2746348,3,27.5,27.5,9,1,1,1,False
6c4405c9-0147-4f6f-a708-7008d2746348,4,27.5,27.5,7,1,1,1,False
95283939-5ce0-4d1e-96ea-bc89e66c41a8,1,285,285,7,3,3,3,False
95283939-5ce0-4d1e-96ea-bc89e66c41a8,2,285,285,6,3,3,3,False
95283939-5ce0-4d1e-96ea-bc89e66c41a8,3,285,285,6,3,3,3,False
95283939-5ce0-4d1e-96ea-bc89e66c41a8,4,285,285,5,3,3,3,False
4a784cd9-34d8-4e6a-80ef-66997df9e545,1,97.5,97.5,11,3,2.5,2.5,False
4a784cd9-34d8-4e6a-80ef-66997df9e545,2,97.5,97.5,10,3,2.5,2.5,False
4a784cd9-34d8-4e6a-80ef-66997df9e545,3,90,90,13,3,2.5,2.5,False
4a784cd9-34d8-4e6a-80ef-66997df9e545,4,90,90,12,1,1,1,False
c15ca63d-a2a1-4a58-8883-74cede1a1702,1,205,205,12,3,3,3,False
c15ca63d-a2a1-4a58-8883-74cede1a1702,2,205,205,11,2,2,2,False
c15ca63d-a2a1-4a58-8883-74cede1a1702,3,205,205,10,3,2.5,2.5,False
2ed4432f-91bc-42c4-b2ac-4700ce3f1461,1,82.5,82.5,5,3,2.5,2.5,False
2ed4432f-91bc-42c4-b2ac-4700ce3f1461,2,82.5,82.5,4,2,2,2,False
2ed4432f-91bc-42c4-b2ac-4700ce3f1461,3,77.5,77.5,5,3,3,3,False
30bcf766-33b6-4e54-8bea-474ba22bcc3d,1,82.5,82.5,11,3,3,3,False
30bcf766-33b6-4e54-8bea-474ba22bcc3d,2,82.5,82.5,10,3,3,3,False
30bcf766-33b6-4e54-8bea-474ba22bcc3d,3,80,80,11,3,3,3,False
4773cc63-c87b-47c6-9e00-6cd1913fc087,1,55,+55,16,3,3,3,False
4773cc63-c87b-47c6-9e00-6cd1913fc087,2,55,+55,15,3,3,3,False
4773cc63-c87b-47c6-9e00-6cd1913fc087,3,55,+55,15,3,3,3,False
cd9a700c-a348-4f9a-a7d8-f5e11cfb5619,1,67.5,67.5,7,3,2.5,2.5,False
cd9a700c-a348-4f9a-a7d8-f5e11cfb5619,2,67.5,67.5,5,3,3,3,False
cd9a700c-a348-4f9a-a7d8-f5e11cfb5619,3,67.5,67.5,5,3,2.5,2.5,False
cd9a700c-a348-4f9a-a7d8-f5e11cfb5619,4,67.5,67.5,5,3,2.5,2.5,False
b9b85420-c616-4f0b-828d-ae9e036be848,1,52.5,52.5,12,1,1,1,False
b9b85420-c616-4f0b-828d-ae9e036be848,2,52.5,52.5,9,3,3,3,False
b9b85420-c616-4f0b-828d-ae9e036be848,3,47.5,47.5,13,2,1.5,1.5,False
b9b85420-c616-4f0b-828d-ae9e036be848,4,47.5,47.5,11,3,2.5,2.5,False
5288fcef-e047-47da-8da8-c81f44a04296,1,150,150,10,3,3,3,False
5288fcef-e047-47da-8da8-c81f44a04296,2,150,150,9,3,3,3,False
5288fcef-e047-47da-8da8-c81f44a04296,3,150,150,8,3,3,3,False
3553010d-f7e8-4e9f-aa11-e80e2bf03fdb,1,150,150,13,3,2.5,2.5,False
3553010d-f7e8-4e9f-aa11-e80e2bf03fdb,2,150,150,12,2,2,2,False
3553010d-f7e8-4e9f-aa11-e80e2bf03fdb,3,150,150,10,3,3,3,False
7ae7b3dc-36af-4204-bbde-3a09f612f99a,1,20,20,13,3,3,3,False
7ae7b3dc-36af-4204-bbde-3a09f612f99a,2,20,20,12,3,3,3,False
7ae7b3dc-36af-4204-bbde-3a09f612f99a,3,20,20,11,3,3,3,False
31cc2dcb-04d2-465a-8e64-f5f2e723234d,1,0,+0,8,3,3,3,False
31cc2dcb-04d2-465a-8e64-f5f2e723234d,2,0,+0,8,3,3,3,False
31cc2dcb-04d2-465a-8e64-f5f2e723234d,3,0,+0,8,3,2.5,2.5,False
31cc2dcb-04d2-465a-8e64-f5f2e723234d,4,0,+0,8,3,2.5,2.5,False
a9f0a764-823f-44c5-a7d4-77f51755ec00,1,60,60,11,3,2.5,2.5,False
a9f0a764-823f-44c5-a7d4-77f51755ec00,2,60,60,7,3,3,3,False
a9f0a764-823f-44c5-a7d4-77f51755ec00,3,52.5,52.5,12,3,2.5,2.5,False
a9f0a764-823f-44c5-a7d4-77f51755ec00,4,52.5,52.5,11,3,2.5,2.5,False
63747f4f-7b7b-4d0d-b498-b221d313a54a,1,205,+205,6,3,3,3,False
63747f4f-7b7b-4d0d-b498-b221d313a54a,2,205,+205,6,4,3.5,3.5,False
63747f4f-7b7b-4d0d-b498-b221d313a54a,3,205,+205,6,3,3,3,False
4f6abcfb-69ef-4e6d-9234-fbdcc310b44a,1,315,315,10,3,2.5,2.5,False
4f6abcfb-69ef-4e6d-9234-fbdcc310b44a,2,315,315,9,3,3,3,False
4f6abcfb-69ef-4e6d-9234-fbdcc310b44a,3,315,315,9,3,2.5,2.5,False
4f6abcfb-69ef-4e6d-9234-fbdcc310b44a,4,315,315,8,3,3,3,False
c5225012-a532-4d1d-8109-132611af9374,1,252.5,252.5,10,4,3.5,3.5,False
c5225012-a532-4d1d-8109-132611af9374,2,252.5,252.5,10,3,3,3,False
c5225012-a532-4d1d-8109-132611af9374,3,252.5,252.5,9,3,3,3,False
c5225012-a532-4d1d-8109-132611af9374,4,252.5,252.5,8,3,3,3,False
36cef97f-54e3-478d-a82a-67a1e1ef8224,1,215,215,10,3,2.5,2.5,False
36cef97f-54e3-478d-a82a-67a1e1ef8224,2,215,215,9,3,2.5,2.5,False
36cef97f-54e3-478d-a82a-67a1e1ef8224,3,215,215,8,3,3,3,False
037de132-a631-40db-8114-8f1a5aa5a0ce,1,280,280,10,3,3,3,False
037de132-a631-40db-8114-8f1a5aa5a0ce,2,280,280,9,3,3,3,False
037de132-a631-40db-8114-8f1a5aa5a0ce,3,280,280,8,3,3,3,False
7707f722-c594-431e-9a20-fa2309e02edf,1,65,+65,10,3,3,3,False
7707f722-c594-431e-9a20-fa2309e02edf,2,65,+65,10,3,3,3,False
7707f722-c594-431e-9a20-fa2309e02edf,3,65,+65,10,3,3,3,False
53f70bfc-e952-4652-87fd-f84d59687280,1,122.5,122.5,7,1,1,1,False
53f70bfc-e952-4652-87fd-f84d59687280,2,117.5,117.5,6,3,3,3,False
53f70bfc-e952-4652-87fd-f84d59687280,3,117.5,117.5,7,2,2,2,False
53f70bfc-e952-4652-87fd-f84d59687280,4,117.5,117.5,5,3,3,3,False
ff9a54ad-8b72-437c-b449-d637ccdcee77,1,65,65,7,3,2.5,2.5,False
ff9a54ad-8b72-437c-b449-d637ccdcee77,2,65,65,6,2,2,2,False
ff9a54ad-8b72-437c-b449-d637ccdcee77,3,60,60,8,3,3,3,False
ff9a54ad-8b72-437c-b449-d637ccdcee77,4,60,60,8,3,3,3,False
b689bd95-4644-4276-9951-65723b922a56,1,25,25,10,3,3,3,False
b689bd95-4644-4276-9951-65723b922a56,2,25,25,10,2,2,2,False
b689bd95-4644-4276-9951-65723b922a56,3,25,25,9,3,2.5,2.5,False
b689bd95-4644-4276-9951-65723b922a56,4,22.5,22.5,13,3,3,3,False
12db6431-d6d5-4ed0-93d4-e1c406f4583d,1,115,115,8,3,3,3,False
12db6431-d6d5-4ed0-93d4-e1c406f4583d,2,115,115,8,3,3,3,False
12db6431-d6d5-4ed0-93d4-e1c406f4583d,3,107.5,107.5,10,1,1,1,False
226a7b9c-6af1-4a5e-97b1-07e0e3aad443,1,50,50,11,3,3,3,False
226a7b9c-6af1-4a5e-97b1-07e0e3aad443,2,50,50,10,3,3,3,False
226a7b9c-6af1-4a5e-97b1-07e0e3aad443,3,50,50,9,3,3,3,False
bcdb74b4-01ac-4a0a-9ade-c833b83e052f,1,35,35,13,3,3,3,False
bcdb74b4-01ac-4a0a-9ade-c833b83e052f,2,35,35,12,3,3,3,False
bcdb74b4-01ac-4a0a-9ade-c833b83e052f,3,35,35,11,3,3,3,False
bcdb74b4-01ac-4a0a-9ade-c833b83e052f,4,35,35,11,3,3,3,False
8f3d2717-f6a8-44e8-a0b5-4d91a59c9942,1,25,25,16,4,4,4,False
8f3d2717-f6a8-44e8-a0b5-4d91a59c9942,2,25,25,17,3,3,3,False
8f3d2717-f6a8-44e8-a0b5-4d91a59c9942,3,25,25,16,3,3,3,False
e7ab130f-e5f9-406e-8cdb-f09203b54f5d,1,97.5,97.5,12,3,3,3,False
e7ab130f-e5f9-406e-8cdb-f09203b54f5d,2,90,90,15,3,2.5,2.5,False
e7ab130f-e5f9-406e-8cdb-f09203b54f5d,3,80,80,18,3,3,3,False
e66b83eb-a599-4308-9669-f8b3255cb3fb,1,0,+0,7,3,3,3,False
e66b83eb-a599-4308-9669-f8b3255cb3fb,2,10,+10,7,3,3,3,False
e66b83eb-a599-4308-9669-f8b3255cb3fb,3,10,+10,7,3,3,3,False
e66b83eb-a599-4308-9669-f8b3255cb3fb,4,10,+10,7,3,2.5,2.5,False
f48f8fa2-5cb8-4e1b-b57f-be07e9b96d98,1,135,135,8,3,3,3,False
f48f8fa2-5cb8-4e1b-b57f-be07e9b96d98,2,135,135,9,3,3,3,False
f48f8fa2-5cb8-4e1b-b57f-be07e9b96d98,3,135,135,9,3,3,3,False
015cc875-7b9c-44d6-9ce6-a6164df580fd,1,160,160,11,2,2,2,False
015cc875-7b9c-44d6-9ce6-a6164df580fd,2,160,160,10,3,2.5,2.5,False
015cc875-7b9c-44d6-9ce6-a6164df580fd,3,160,160,9,3,3,3,False
7f43da54-4fe2-45ee-b0f1-a8fcb47ccf59,1,25,25,10,4,3.5,3.5,False
7f43da54-4fe2-45ee-b0f1-a8fcb47ccf59,2,25,25,10,4,3.5,3.5,False
7f43da54-4fe2-45ee-b0f1-a8fcb47ccf59,3,25,25,10,4,3.5,3.5,False
37aeafd5-e17e-48e4-b764-fb912459fd5a,1,32.5,32.5,10,2,2,2,False
37aeafd5-e17e-48e4-b764-fb912459fd5a,2,32.5,32.5,9,2,2,2,False
37aeafd5-e17e-48e4-b764-fb912459fd5a,3,32.5,32.5,8,2,2,2,False
37aeafd5-e17e-48e4-b764-fb912459fd5a,4,30,30,10,2,2,2,False
13c263b4-9a57-4ffa-adda-9eb1a4e68893,1,207.5,207.5,11,3,2.5,2.5,False
13c263b4-9a57-4ffa-adda-9eb1a4e68893,2,207.5,207.5,10,2,2,2,False
13c263b4-9a57-4ffa-adda-9eb1a4e68893,3,192.5,192.5,12,3,2.5,2.5,False
64113e54-f8ff-46dd-83d8-8d81a0f6b672,1,30,30,7,3,3,3,False
64113e54-f8ff-46dd-83d8-8d81a0f6b672,2,27.5,27.5,8,3,3,3,False
64113e54-f8ff-46dd-83d8-8d81a0f6b672,3,27.5,27.5,7,3,3,3,False
64113e54-f8ff-46dd-83d8-8d81a0f6b672,4,25,25,9,2,2,2,False
029aa563-d6a1-4727-b5ff-d8ea6405b46c,1,185,+185,7,6,5+,6,False
029aa563-d6a1-4727-b5ff-d8ea6405b46c,2,185,+185,7,6,5+,6,False
eb4ff330-2ca9-4e75-b4aa-35c2428aab4b,1,205,205,10,5,4.5,4.5,False
eb4ff330-2ca9-4e75-b4aa-35c2428aab4b,2,205,205,8,6,5+,6,False
61dfd4d8-5b26-46c8-a4b1-c9275fc61a40,1,277.5,277.5,11,6,5+,6,False
61dfd4d8-5b26-46c8-a4b1-c9275fc61a40,2,277.5,277.5,10,6,5+,6,False
537ac08d-3546-4492-8f90-574b6ed8c583,1,225,225,13,6,5+,6,False
537ac08d-3546-4492-8f90-574b6ed8c583,2,225,225,12,6,5+,6,False
57ce679e-0ec8-4aec-8de8-1c4bc589ea3d,1,247.5,247.5,12,6,5+,6,False
57ce679e-0ec8-4aec-8de8-1c4bc589ea3d,2,247.5,247.5,11,6,5+,6,False
360792ee-b557-4cbd-9096-a284cd05f1d3,1,77.5,77.5,9,6,5+,6,False
360792ee-b557-4cbd-9096-a284cd05f1d3,2,77.5,77.5,9,6,5+,6,False
82d009fc-39b1-4c12-b353-13a1ff4de294,1,75,+75,12,6,5+,6,False
82d009fc-39b1-4c12-b353-13a1ff4de294,2,75,+75,12,6,5+,6,False
acc5dbd2-bbed-4e71-aceb-8b3f7cef83e6,1,44,44,12,6,5+,6,False
acc5dbd2-bbed-4e71-aceb-8b3f7cef83e6,2,45,45,11,6,5+,6,False
7e9431d4-b1c3-4a53-adcb-e3bf4625fc1e,1,50,50,14,6,5+,6,False
7e9431d4-b1c3-4a53-adcb-e3bf4625fc1e,2,50,50,13,6,5+,6,False
679cc1ba-54f2-49f5-84c0-3c7a6dd93f83,1,140,140,11,6,5+,6,False
679cc1ba-54f2-49f5-84c0-3c7a6dd93f83,2,140,140,10,6,5+,6,False
5b75b2df-d329-4ea7-9f79-b2c40ad4e3d7,1,57.5,57.5,13,6,5+,6,False
5b75b2df-d329-4ea7-9f79-b2c40ad4e3d7,2,57.5,57.5,12,5,4.5,4.5,False
166a7e3c-6754-4559-878a-e843286dc765,1,11.25,11.25,12,6,5+,6,False
166a7e3c-6754-4559-878a-e843286dc765,2,11.25,11.25,12,6,5+,6,False
a1e919b3-4e34-4af6-a587-76c7e0c03f20,1,42.5,42.5,12,6,5+,6,False
a1e919b3-4e34-4af6-a587-76c7e0c03f20,2,42.5,42.5,12,4,4,4,False
aa87df23-c9ad-41bb-b1d2-5289b3f26e5b,1,47.5,47.5,15,6,5+,6,False
aa87df23-c9ad-41bb-b1d2-5289b3f26e5b,2,47.5,47.5,14,6,5+,6,False
fb500945-e448-4ce7-942a-175ab7f0b0be,1,35,+35,12,6,5+,6,False
fb500945-e448-4ce7-942a-175ab7f0b0be,2,35,+35,11,6,5+,6,False
4361ea0c-24e9-409c-acbe-3278b75468d9,1,125,125,9,6,5+,6,False
4361ea0c-24e9-409c-acbe-3278b75468d9,2,125,125,9,4,4,4,False
68df2600-7b3f-48ba-a984-4fd4ef474a27,1,287.5,287.5,6,6,5+,6,False
68df2600-7b3f-48ba-a984-4fd4ef474a27,2,287.5,287.5,5,6,5+,6,False
d171027f-c093-4e75-94ab-3a453e14cd26,1,90,90,11,6,5+,6,False
d171027f-c093-4e75-94ab-3a453e14cd26,2,90,90,11,5,4.5,4.5,False
2ba76af3-a20b-4062-acf4-51a5a7d7546f,1,60,60,12,6,5+,6,False
2ba76af3-a20b-4062-acf4-51a5a7d7546f,2,60,60,11,6,5+,6,False
497ae175-af2f-4f5f-92ee-4abdfc944fa6,1,252.5,252.5,12,5,4.5,4.5,False
497ae175-af2f-4f5f-92ee-4abdfc944fa6,2,252.5,252.5,11,6,5+,6,False
02884a5f-2549-4cc9-bdbc-6016f8f9ed9c,1,0,+0,11,6,5+,6,False
02884a5f-2549-4cc9-bdbc-6016f8f9ed9c,2,0,+0,11,6,5+,6,False
a9dc0595-ea04-4935-bb1c-b809e5df1a49,1,45,+45,16,6,5+,6,False
a9dc0595-ea04-4935-bb1c-b809e5df1a49,2,45,+45,17,6,5+,6,False
719e1a38-6791-4750-beb4-648f61128729,1,7.5,+7.5,7,5,4.5,4.5,False
719e1a38-6791-4750-beb4-648f61128729,2,7.5,+7.5,7,4,4,4,False
c0f168bb-c2b6-4cb7-b899-15dcb661d1db,1,155,155,9,5,4.5,4.5,False
c0f168bb-c2b6-4cb7-b899-15dcb661d1db,2,155,155,8,6,5+,6,False
9b0040ca-3c41-4439-97cd-5089c304eb68,1,160,160,11,5,4.5,4.5,False
9b0040ca-3c41-4439-97cd-5089c304eb68,2,160,160,10,6,5+,6,False
275024e5-ee81-47a8-8223-d58a74f2e81e,1,30,30,12,6,5+,6,False
275024e5-ee81-47a8-8223-d58a74f2e81e,2,30,30,11,6,5+,6,False
5343622a-70f5-4166-b1f6-3ca0b69ad167,1,8.75,8.75,11,6,5+,6,False
5343622a-70f5-4166-b1f6-3ca0b69ad167,2,8.75,8.75,11,6,5+,6,False
577799c3-5e4b-4574-9c37-35f5aca23aac,1,80,80,9,6,5+,6,False
577799c3-5e4b-4574-9c37-35f5aca23aac,2,80,80,9,6,5+,6,False
94cf197a-9486-4f63-9b99-ee715de78d54,1,21.25,21.25,10,6,5+,6,False
94cf197a-9486-4f63-9b99-ee715de78d54,2,21.25,21.25,10,6,5+,6,False
02dbab1b-6671-4903-bbb8-41751f453594,1,35,+35,20,6,5+,6,False
02dbab1b-6671-4903-bbb8-41751f453594,2,40,+40,20,6,5+,6,False
d39a5c86-c929-4d6f-8fb6-fcb5cb403c13,1,105,105,9,6,5+,6,False
d39a5c86-c929-4d6f-8fb6-fcb5cb403c13,2,105,105,9,6,5+,6,False
f30dc011-c10b-4b7c-8098-0677acfb5eee,1,57.5,57.5,8,6,5+,6,False
f30dc011-c10b-4b7c-8098-0677acfb5eee,2,57.5,57.5,8,6,5+,6,False
e2c7c619-53dd-4591-afec-0d41a9c81cd0,1,42.5,42.5,13,6,5+,6,False
e2c7c619-53dd-4591-afec-0d41a9c81cd0,2,42.5,42.5,12,6,5+,6,False
0cf4cca0-4172-4e13-855d-3be4fa28c583,1,27.5,27.5,12,6,5+,6,False
0cf4cca0-4172-4e13-855d-3be4fa28c583,2,27.5,27.5,12,6,5+,6,False
b63d549e-6b8c-4430-af6e-b36fbdef0f7a,1,32.5,32.5,13,6,5+,6,False
b63d549e-6b8c-4430-af6e-b36fbdef0f7a,2,32.5,32.5,13,6,5+,6,False
1083a6eb-e8d6-4810-bb8a-e25c5e391af4,1,52.5,52.5,13,6,5+,6,False
1083a6eb-e8d6-4810-bb8a-e25c5e391af4,2,52.5,52.5,12,6,5+,6,False
a77328bd-d823-43f6-9952-342ac6aaef0f,1,100,100,10,6,5+,6,False
a77328bd-d823-43f6-9952-342ac6aaef0f,2,100,100,11,6,5+,6,False
24d1e387-851a-4d74-9316-672a3a533a5c,1,200,+200,8,1,1,1,False
24d1e387-851a-4d74-9316-672a3a533a5c,2,200,+200,7,1,1,1,False
24d1e387-851a-4d74-9316-672a3a533a5c,3,200,+200,8,1,1,1,False
f4487c12-6c3f-4a9a-aaf1-a3cfe49a2e9f,1,220,220,11,1,0.5,0.5,False
f4487c12-6c3f-4a9a-aaf1-a3cfe49a2e9f,2,220,220,11,0,0,0,False
f4487c12-6c3f-4a9a-aaf1-a3cfe49a2e9f,3,220,220,9,0,0,0,False
23032eaf-4372-454c-914a-39e9b1793f6f,1,325,325,10,1,1,1,False
23032eaf-4372-454c-914a-39e9b1793f6f,2,325,325,10,1,0.5,0.5,False
23032eaf-4372-454c-914a-39e9b1793f6f,3,325,325,10,0,0,0,False
23032eaf-4372-454c-914a-39e9b1793f6f,4,325,325,9,0,0,0,False
b3834b83-d523-4cae-9b08-c11ecc36850b,1,250,250,13,1,0.5,0.5,False
b3834b83-d523-4cae-9b08-c11ecc36850b,2,250,250,12,1,0.5,0.5,False
b3834b83-d523-4cae-9b08-c11ecc36850b,3,250,250,11,1,1,1,False
b3834b83-d523-4cae-9b08-c11ecc36850b,4,250,250,11,1,0.5,0.5,False
2a4023b7-ec3d-4a53-add8-9b007d2e4bfc,1,90,90,9,1,1,1,False
2a4023b7-ec3d-4a53-add8-9b007d2e4bfc,2,90,90,8,1,1,1,False
2a4023b7-ec3d-4a53-add8-9b007d2e4bfc,3,85,85,9,1,0.5,0.5,False
2a4023b7-ec3d-4a53-add8-9b007d2e4bfc,4,80,80,9,1,0.5,0.5,False
f66d1a38-1a88-4172-9f30-85679b59df30,1,85,+85,12,1,1,1,False
f66d1a38-1a88-4172-9f30-85679b59df30,2,85,+85,12,1,0.5,0.5,False
f66d1a38-1a88-4172-9f30-85679b59df30,3,85,+85,13,0,0,0,False
cabdba7b-d7b6-475a-a3a7-bbf1e7aa9200,1,55,55,7,1,0.5,0.5,False
cabdba7b-d7b6-475a-a3a7-bbf1e7aa9200,2,55,55,8,1,0.5,0.5,False
cabdba7b-d7b6-475a-a3a7-bbf1e7aa9200,3,55,55,6,1,1,1,False
cabdba7b-d7b6-475a-a3a7-bbf1e7aa9200,4,50,50,10,1,0.5,0.5,False
eb4c58d7-a130-4722-bc58-6df9204e0558,1,60,60,10,1,0.5,0.5,False
eb4c58d7-a130-4722-bc58-6df9204e0558,2,60,60,9,1,1,1,False
eb4c58d7-a130-4722-bc58-6df9204e0558,3,55,55,11,1,1,1,False
eb4c58d7-a130-4722-bc58-6df9204e0558,4,55,55,10,1,0.5,0.5,False
c7b5c811-aa97-4de6-b0d5-0e522011b6bd,1,157.5,157.5,10,1,1,1,False
c7b5c811-aa97-4de6-b0d5-0e522011b6bd,2,157.5,157.5,9,1,1,1,False
c7b5c811-aa97-4de6-b0d5-0e522011b6bd,3,157.5,157.5,8,1,1,1,False
fd8688e8-2c7a-4bad-b6e0-1341589fbed2,1,65,65,11,1,1,1,False
fd8688e8-2c7a-4bad-b6e0-1341589fbed2,2,65,65,11,1,0.5,0.5,False
fd8688e8-2c7a-4bad-b6e0-1341589fbed2,3,65,65,10,1,0.5,0.5,False
884ce114-7f54-4557-8ca3-e4ace650e76c,1,12.5,12.5,12,1,0.5,0.5,False
884ce114-7f54-4557-8ca3-e4ace650e76c,2,12.5,12.5,11,1,1,1,False
884ce114-7f54-4557-8ca3-e4ace650e76c,3,12.5,12.5,12,0,0,0,False
35c91320-bb54-40d6-b7c9-af34df15e3fd,1,47.5,47.5,12,1,1,1,False
35c91320-bb54-40d6-b7c9-af34df15e3fd,2,47.5,47.5,12,1,0.5,0.5,False
35c91320-bb54-40d6-b7c9-af34df15e3fd,3,47.5,47.5,11,1,0.5,0.5,False
35c91320-bb54-40d6-b7c9-af34df15e3fd,4,47.5,47.5,10,1,0.5,0.5,False
9418c443-3071-4e62-bab6-d074701192c8,1,60,60,11,0,0,0,False
9418c443-3071-4e62-bab6-d074701192c8,2,60,60,10,1,0.5,0.5,False
9418c443-3071-4e62-bab6-d074701192c8,3,55,55,12,0,0,0,False
9418c443-3071-4e62-bab6-d074701192c8,4,55,55,8,1,0.5,0.5,False
4b7039ab-99f1-43b4-a0b8-643420ddbc7b,1,135,135,10,0,0,0,False
4b7039ab-99f1-43b4-a0b8-643420ddbc7b,2,135,135,8,1,0.5,0.5,False
4b7039ab-99f1-43b4-a0b8-643420ddbc7b,3,135,135,7,1,0.5,0.5,False
4b7039ab-99f1-43b4-a0b8-643420ddbc7b,4,130,130,8,1,0.5,0.5,False
0c2e09f5-6d96-4000-9c3d-5161ca270a6d,1,320,320,6,2,1.5,1.5,False
0c2e09f5-6d96-4000-9c3d-5161ca270a6d,2,320,320,6,1,1,1,False
0c2e09f5-6d96-4000-9c3d-5161ca270a6d,3,320,320,5,1,1,1,False
0c2e09f5-6d96-4000-9c3d-5161ca270a6d,4,320,320,4,1,1,1,False
5132c569-1d7e-4b3b-bc04-1bf756cb2194,1,100,100,12,1,0.5,0.5,False
5132c569-1d7e-4b3b-bc04-1bf756cb2194,2,100,100,11,1,1,1,False
5132c569-1d7e-4b3b-bc04-1bf756cb2194,3,100,100,11,0,0,0,False
5132c569-1d7e-4b3b-bc04-1bf756cb2194,4,100,100,10,0,0,0,False
1d7f2d6f-b183-42c5-ba91-4114b8ca05cf,1,70,70,12,1,1,1,False
1d7f2d6f-b183-42c5-ba91-4114b8ca05cf,2,70,70,12,1,1,1,False
1d7f2d6f-b183-42c5-ba91-4114b8ca05cf,3,70,70,12,1,1,1,False
e324966c-3a05-42c5-a904-e8ca32565710,1,275,275,12,1,1,1,False
e324966c-3a05-42c5-a904-e8ca32565710,2,275,275,11,1,1,1,False
e324966c-3a05-42c5-a904-e8ca32565710,3,275,275,10,1,1,1,False
43ca0281-e01d-424d-a4a5-596dbcf240ff,1,12.5,+12.5,10,1,1,1,False
43ca0281-e01d-424d-a4a5-596dbcf240ff,2,5,+5,13,1,0.5,0.5,False
43ca0281-e01d-424d-a4a5-596dbcf240ff,3,5,+5,9,1,1,1,False
6c74ad22-d81f-4148-a9ec-808cf2cd165c,1,30,+30,6,1,1,1,False
6c74ad22-d81f-4148-a9ec-808cf2cd165c,2,30,+30,5,2,1.5,1.5,False
6c74ad22-d81f-4148-a9ec-808cf2cd165c,3,30,+30,5,1,0.5,0.5,False
6c74ad22-d81f-4148-a9ec-808cf2cd165c,4,30,+30,5,0,0,0,False
c0d1565a-87f7-444b-844c-492f1959d861,1,175,175,8,1,0.5,0.5,False
c0d1565a-87f7-444b-844c-492f1959d861,2,175,175,8,0,0,0,False
c0d1565a-87f7-444b-844c-492f1959d861,3,175,175,8,0,0,0,False
cbe9cf14-9ea9-4a92-bea7-6cbf43fe0757,1,180,180,11,1,0.5,0.5,False
cbe9cf14-9ea9-4a92-bea7-6cbf43fe0757,2,180,180,10,0,0,0,False
cbe9cf14-9ea9-4a92-bea7-6cbf43fe0757,3,180,180,9,0,0,0,False
5fb0af8c-dbfd-4800-a26c-b123a99022df,1,35,35,10,1,1,1,False
5fb0af8c-dbfd-4800-a26c-b123a99022df,2,35,35,10,1,0.5,0.5,False
5fb0af8c-dbfd-4800-a26c-b123a99022df,3,35,35,9,0,0,0,False
5fb0af8c-dbfd-4800-a26c-b123a99022df,4,35,35,8,0,0,0,False
f1e5cacf-4f4b-45d7-ade9-6d8d8615732e,1,8.75,8.75,12,1,1,1,False
f1e5cacf-4f4b-45d7-ade9-6d8d8615732e,2,10,10,10,1,1,1,False
f1e5cacf-4f4b-45d7-ade9-6d8d8615732e,3,10,10,9,1,1,1,False
f1e5cacf-4f4b-45d7-ade9-6d8d8615732e,4,10,10,10,0,0,0,False
858d46cd-1756-4495-be54-125f1be8e16d,1,23.75,23.75,10,1,1,1,False
858d46cd-1756-4495-be54-125f1be8e16d,2,23.75,23.75,10,1,0.5,0.5,False
858d46cd-1756-4495-be54-125f1be8e16d,3,23.75,23.75,10,0,0,0,False
858d46cd-1756-4495-be54-125f1be8e16d,4,23.75,23.75,9,0,0,0,False
056d9cc3-9434-4944-bd1c-3cd33dc9eb4b,1,120,120,9,1,1,1,False
056d9cc3-9434-4944-bd1c-3cd33dc9eb4b,2,120,120,8,1,0.5,0.5,False
056d9cc3-9434-4944-bd1c-3cd33dc9eb4b,3,120,120,6,1,1,1,False
056d9cc3-9434-4944-bd1c-3cd33dc9eb4b,4,110,110,10,1,0.5,0.5,False
9d42cb55-b95a-46b3-8eea-c132a68c0bcb,1,67.5,67.5,7,1,1,1,False
9d42cb55-b95a-46b3-8eea-c132a68c0bcb,2,67.5,67.5,6,1,0.5,0.5,False
9d42cb55-b95a-46b3-8eea-c132a68c0bcb,3,62.5,62.5,8,1,1,1,False
9d42cb55-b95a-46b3-8eea-c132a68c0bcb,4,62.5,62.5,8,1,0.5,0.5,False
d22b741e-6d2c-4755-9998-233483a3b18c,1,47.5,47.5,12,1,1,1,False
d22b741e-6d2c-4755-9998-233483a3b18c,2,47.5,47.5,11,1,1,1,False
d22b741e-6d2c-4755-9998-233483a3b18c,3,47.5,47.5,10,1,1,1,False
fcdd40d4-9756-475f-b6a5-5f4172067117,1,30,30,11,1,1,1,False
fcdd40d4-9756-475f-b6a5-5f4172067117,2,30,30,12,1,1,1,False
fcdd40d4-9756-475f-b6a5-5f4172067117,3,30,30,12,1,0.5,0.5,False
c5da9b25-dd33-4d5a-b300-843a4d06ce49,1,35,35,14,1,0.5,0.5,False
c5da9b25-dd33-4d5a-b300-843a4d06ce49,2,35,35,13,1,1,1,False
c5da9b25-dd33-4d5a-b300-843a4d06ce49,3,35,35,14,0,0,0,False
2c845f77-930b-471c-a421-ce8ef2f0dbad,1,57.5,57.5,12,1,1,1,False
2c845f77-930b-471c-a421-ce8ef2f0dbad,2,57.5,57.5,12,1,1,1,False
2c845f77-930b-471c-a421-ce8ef2f0dbad,3,57.5,57.5,12,1,1,1,False
b08a083c-89ad-4501-a40c-5772410508fe,1,115,115,10,1,1,1,False
b08a083c-89ad-4501-a40c-5772410508fe,2,115,115,9,1,1,1,False
b08a083c-89ad-4501-a40c-5772410508fe,3,115,115,7,1,1,1,False
b08a083c-89ad-4501-a40c-5772410508fe,4,105,105,10,0,0,0,False
cce128d2-1dc7-4a6c-a607-420eb51be357,1,190,+190,7,1,1,1,False
cce128d2-1dc7-4a6c-a607-420eb51be357,2,190,+190,7,1,1,1,False
cce128d2-1dc7-4a6c-a607-420eb51be357,3,190,+190,8,1,1,1,False
98042142-0714-4d69-8416-1ab6fff83e81,1,215,215,11,1,0.5,0.5,False
98042142-0714-4d69-8416-1ab6fff83e81,2,215,215,10,1,0.5,0.5,False
98042142-0714-4d69-8416-1ab6fff83e81,3,215,215,8,1,1,1,False
af5e7c80-6030-4cc5-bbb9-6a25a7da7e6a,1,315,315,10,2,1.5,1.5,False
af5e7c80-6030-4cc5-bbb9-6a25a7da7e6a,2,315,315,11,1,1,1,False
af5e7c80-6030-4cc5-bbb9-6a25a7da7e6a,3,315,315,10,1,1,1,False
af5e7c80-6030-4cc5-bbb9-6a25a7da7e6a,4,315,315,8,1,1,1,False
d447b85b-1a7c-44be-b866-1a2b44f9aca5,1,245,245,12,1,1,1,False
d447b85b-1a7c-44be-b866-1a2b44f9aca5,2,245,245,11,2,1.5,1.5,False
d447b85b-1a7c-44be-b866-1a2b44f9aca5,3,245,245,11,1,1,1,False
d447b85b-1a7c-44be-b866-1a2b44f9aca5,4,245,245,10,1,1,1,False
081ed7dc-fbdd-4ba3-aff2-c7de55bafedc,1,275,275,12,2,1.5,1.5,False
081ed7dc-fbdd-4ba3-aff2-c7de55bafedc,2,275,275,12,1,1,1,False
081ed7dc-fbdd-4ba3-aff2-c7de55bafedc,3,275,275,11,1,1,1,False
6a479b19-4f10-4536-9601-6d39a725808c,1,85,85,12,1,1,1,False
6a479b19-4f10-4536-9601-6d39a725808c,2,85,85,11,1,1,1,False
6a479b19-4f10-4536-9601-6d39a725808c,3,85,85,8,1,1,1,False
6a479b19-4f10-4536-9601-6d39a725808c,4,80,80,8,1,1,1,False
ac00d12c-7da2-4d64-b170-8eade7784704,1,80,+80,14,1,1,1,False
ac00d12c-7da2-4d64-b170-8eade7784704,2,80,+80,12,1,1,1,False
ac00d12c-7da2-4d64-b170-8eade7784704,3,80,+80,12,1,1,1,False
1b75ee64-9bdb-4aac-b931-510b88076481,1,57.5,57.5,8,1,0.5,0.5,False
1b75ee64-9bdb-4aac-b931-510b88076481,2,57.5,57.5,5,1,1,1,False
1b75ee64-9bdb-4aac-b931-510b88076481,3,52.5,52.5,8,2,1.5,1.5,False
1b75ee64-9bdb-4aac-b931-510b88076481,4,52.5,52.5,8,1,1,1,False
e981ecce-fcd8-424e-bf7d-42b34b3295d2,1,60,60,11,1,1,1,False
e981ecce-fcd8-424e-bf7d-42b34b3295d2,2,60,60,9,1,0.5,0.5,False
e981ecce-fcd8-424e-bf7d-42b34b3295d2,3,57.5,57.5,10,1,0.5,0.5,False
e981ecce-fcd8-424e-bf7d-42b34b3295d2,4,57.5,57.5,9,1,0.5,0.5,False
c451870a-f0ac-4dbb-8434-1466a39928a2,1,165,165,9,1,0.5,0.5,False
c451870a-f0ac-4dbb-8434-1466a39928a2,2,165,165,7,1,1,1,False
c451870a-f0ac-4dbb-8434-1466a39928a2,3,152.5,152.5,10,1,1,1,False
feb2874f-017e-4ca3-b2cc-10795cca0748,1,62.5,62.5,12,1,1,1,False
feb2874f-017e-4ca3-b2cc-10795cca0748,2,62.5,62.5,11,1,1,1,False
feb2874f-017e-4ca3-b2cc-10795cca0748,3,62.5,62.5,10,1,1,1,False
96a25dab-15c2-4e60-9258-d2f6d8d08bf4,1,12.5,12.5,10,1,1,1,False
96a25dab-15c2-4e60-9258-d2f6d8d08bf4,2,12.5,12.5,10,1,1,1,False
96a25dab-15c2-4e60-9258-d2f6d8d08bf4,3,12.5,12.5,9,1,1,1,False
5023779f-a112-46e5-b743-c2596b0aedaa,1,45,45,13,1,1,1,False
5023779f-a112-46e5-b743-c2596b0aedaa,2,45,45,12,1,0.5,0.5,False
5023779f-a112-46e5-b743-c2596b0aedaa,3,45,45,11,1,1,1,False
5023779f-a112-46e5-b743-c2596b0aedaa,4,45,45,10,1,1,1,False
0a044239-3ada-47b3-aa5e-cbbabb98a93e,1,57.5,57.5,11,1,1,1,False
0a044239-3ada-47b3-aa5e-cbbabb98a93e,2,57.5,57.5,11,1,1,1,False
0a044239-3ada-47b3-aa5e-cbbabb98a93e,3,57.5,57.5,9,1,1,1,False
0a044239-3ada-47b3-aa5e-cbbabb98a93e,4,52.5,52.5,11,1,0.5,0.5,False
24754eba-d783-44ec-a489-2a22956b64cd,1,142.5,142.5,6,1,1,1,False
24754eba-d783-44ec-a489-2a22956b64cd,2,137.5,137.5,7,1,1,1,False
24754eba-d783-44ec-a489-2a22956b64cd,3,137.5,137.5,7,0,0,0,False
24754eba-d783-44ec-a489-2a22956b64cd,4,127.5,127.5,9,1,0.5,0.5,False
24e13348-dc56-4556-8945-a70a8aab5969,1,325,325,5,1,0.5,0.5,False
24e13348-dc56-4556-8945-a70a8aab5969,2,325,325,4,2,1.5,1.5,False
24e13348-dc56-4556-8945-a70a8aab5969,3,325,325,4,1,1,1,False
24e13348-dc56-4556-8945-a70a8aab5969,4,325,325,4,1,1,1,False
f2094146-f5e4-49f2-a1a1-09d184fb7437,1,100,100,11,1,0.5,0.5,False
f2094146-f5e4-49f2-a1a1-09d184fb7437,2,100,100,10,1,1,1,False
f2094146-f5e4-49f2-a1a1-09d184fb7437,3,95,95,11,1,1,1,False
f2094146-f5e4-49f2-a1a1-09d184fb7437,4,95,95,11,1,0.5,0.5,False
fb822b11-0e53-4eb1-ae5c-b372a694b84a,1,62.5,62.5,13,1,1,1,False
fb822b11-0e53-4eb1-ae5c-b372a694b84a,2,62.5,62.5,13,1,1,1,False
fb822b11-0e53-4eb1-ae5c-b372a694b84a,3,62.5,62.5,13,1,1,1,False
2821291b-0a20-4dcd-896a-9ddaade4c485,1,270,270,12,1,1,1,False
2821291b-0a20-4dcd-896a-9ddaade4c485,2,270,270,11,1,1,1,False
2821291b-0a20-4dcd-896a-9ddaade4c485,3,270,270,10,1,1,1,False
1029686d-dd93-4af2-b21b-56d83257d2fe,1,7.5,+7.5,12,2,1.5,1.5,False
1029686d-dd93-4af2-b21b-56d83257d2fe,2,7.5,+7.5,11,1,1,1,False
1029686d-dd93-4af2-b21b-56d83257d2fe,3,7.5,+7.5,9,1,1,1,False
1029686d-dd93-4af2-b21b-56d83257d2fe,4,2.5,+2.5,10,1,1,1,False
eeaf91a9-717f-46e3-9751-4a1a52fe7032,1,27.5,+27.5,6,1,1,1,False
eeaf91a9-717f-46e3-9751-4a1a52fe7032,2,25,+25,6,1,1,1,False
eeaf91a9-717f-46e3-9751-4a1a52fe7032,3,25,+25,6,1,0.5,0.5,False
eeaf91a9-717f-46e3-9751-4a1a52fe7032,4,25,+25,5,1,0.5,0.5,False
b2f89258-72fb-4e44-af38-285b262b0734,1,172.5,172.5,8,1,0.5,0.5,False
b2f89258-72fb-4e44-af38-285b262b0734,2,172.5,172.5,7,1,1,1,False
b2f89258-72fb-4e44-af38-285b262b0734,3,172.5,172.5,8,1,0.5,0.5,False
97179919-4529-4288-a4ea-0990caed6ae2,1,180,180,10,1,1,1,False
97179919-4529-4288-a4ea-0990caed6ae2,2,175,175,10,1,1,1,False
97179919-4529-4288-a4ea-0990caed6ae2,3,175,175,10,1,0.5,0.5,False
84b3af2f-f769-4851-ac12-cbf7372bc59d,1,35,35,9,1,1,1,False
84b3af2f-f769-4851-ac12-cbf7372bc59d,2,35,35,9,1,1,1,False
84b3af2f-f769-4851-ac12-cbf7372bc59d,3,35,35,8,2,1.5,1.5,False
84b3af2f-f769-4851-ac12-cbf7372bc59d,4,35,35,8,1,1,1,False
49b71fe4-d0a5-4837-882c-27cb458901cb,1,7.5,7.5,13,1,1,1,False
49b71fe4-d0a5-4837-882c-27cb458901cb,2,7.5,7.5,12,1,1,1,False
49b71fe4-d0a5-4837-882c-27cb458901cb,3,7.5,7.5,12,1,1,1,False
49b71fe4-d0a5-4837-882c-27cb458901cb,4,7.5,7.5,11,1,1,1,False
b324a1ee-d902-4b11-a7fc-bfd495e9e934,1,70,70,12,1,1,1,False
b324a1ee-d902-4b11-a7fc-bfd495e9e934,2,70,70,11,1,1,1,False
b324a1ee-d902-4b11-a7fc-bfd495e9e934,3,70,70,11,1,1,1,False
616c1ab0-0759-4fdd-a66c-6ebe22b20a23,1,22.5,22.5,11,1,1,1,False
616c1ab0-0759-4fdd-a66c-6ebe22b20a23,2,22.5,22.5,11,1,1,1,False
616c1ab0-0759-4fdd-a66c-6ebe22b20a23,3,22.5,22.5,10,1,1,1,False
616c1ab0-0759-4fdd-a66c-6ebe22b20a23,4,22.5,22.5,9,1,1,1,False
e7e32172-4142-478e-9028-97c0a294dcd4,1,122.5,122.5,9,0,0,0,False
e7e32172-4142-478e-9028-97c0a294dcd4,2,122.5,122.5,7,1,1,1,False
e7e32172-4142-478e-9028-97c0a294dcd4,3,122.5,122.5,7,0,0,0,False
e7e32172-4142-478e-9028-97c0a294dcd4,4,112.5,112.5,9,1,0.5,0.5,False
76cbe3cb-d34b-4820-a4b0-b8cf0c389e21,1,67.5,67.5,7,1,1,1,False
76cbe3cb-d34b-4820-a4b0-b8cf0c389e21,2,67.5,67.5,6,1,0.5,0.5,False
76cbe3cb-d34b-4820-a4b0-b8cf0c389e21,3,65,65,6,1,1,1,False
76cbe3cb-d34b-4820-a4b0-b8cf0c389e21,4,65,65,6,1,0.5,0.5,False
75b08c19-f357-4488-8787-fc41e6b2ac13,1,45,45,13,2,1.5,1.5,False
75b08c19-f357-4488-8787-fc41e6b2ac13,2,45,45,12,1,1,1,False
75b08c19-f357-4488-8787-fc41e6b2ac13,3,45,45,11,1,1,1,False
f0a5e175-a93e-4431-97d0-2d0f4de12422,1,27.5,27.5,14,1,1,1,False
f0a5e175-a93e-4431-97d0-2d0f4de12422,2,27.5,27.5,14,1,1,1,False
f0a5e175-a93e-4431-97d0-2d0f4de12422,3,27.5,27.5,13,1,1,1,False
560d13ba-b022-4dab-85c4-10bba6c11bd2,1,35,35,12,1,1,1,False
560d13ba-b022-4dab-85c4-10bba6c11bd2,2,35,35,12,1,1,1,False
560d13ba-b022-4dab-85c4-10bba6c11bd2,3,35,35,12,1,1,1,False
0a5c3a2b-b882-4a0f-8fa3-34749c80ee1e,1,52.5,52.5,12,1,1,1,False
0a5c3a2b-b882-4a0f-8fa3-34749c80ee1e,2,52.5,52.5,13,1,1,1,False
0a5c3a2b-b882-4a0f-8fa3-34749c80ee1e,3,52.5,52.5,15,1,1,1,False
dedfd653-be3d-48d9-b0dc-2537e48dab4e,1,112.5,112.5,11,1,1,1,False
dedfd653-be3d-48d9-b0dc-2537e48dab4e,2,112.5,112.5,10,1,0.5,0.5,False
dedfd653-be3d-48d9-b0dc-2537e48dab4e,3,112.5,112.5,8,1,1,1,False
dedfd653-be3d-48d9-b0dc-2537e48dab4e,4,105,105,10,1,0.5,0.5,False
e99bd564-10a8-4193-8f40-e760c26cc5ae,1,170,170,8,2,2,2,False
e99bd564-10a8-4193-8f40-e760c26cc5ae,2,170,170,8,2,2,2,False
e99bd564-10a8-4193-8f40-e760c26cc5ae,3,170,170,7,1,1,1,False
aad020fb-3ff2-4e11-8ee1-11e447fc78bf,1,205,205,10,2,2,2,False
aad020fb-3ff2-4e11-8ee1-11e447fc78bf,2,205,205,10,2,1.5,1.5,False
aad020fb-3ff2-4e11-8ee1-11e447fc78bf,3,205,205,9,1,1,1,False
c029c885-e908-4a91-a8e1-cd1c47234169,1,322.5,322.5,9,2,2,2,False
c029c885-e908-4a91-a8e1-cd1c47234169,2,302.5,302.5,11,2,1.5,1.5,False
c029c885-e908-4a91-a8e1-cd1c47234169,3,302.5,302.5,10,2,2,2,False
c029c885-e908-4a91-a8e1-cd1c47234169,4,302.5,302.5,9,2,2,2,False
37ebb101-fc27-4e77-9a41-c17102bc0d78,1,255,255,10,3,3,3,False
37ebb101-fc27-4e77-9a41-c17102bc0d78,2,255,255,9,3,2.5,2.5,False
37ebb101-fc27-4e77-9a41-c17102bc0d78,3,235,235,7,6,5+,6,False
11bd2484-b154-434f-8752-b7362601bedc,1,87.5,87.5,9,2,2,2,False
11bd2484-b154-434f-8752-b7362601bedc,2,87.5,87.5,8,2,2,2,False
11bd2484-b154-434f-8752-b7362601bedc,3,87.5,87.5,8,2,2,2,False
11bd2484-b154-434f-8752-b7362601bedc,4,82.5,82.5,9,2,1.5,1.5,False
83e44cf6-0146-496b-ad74-f27b17001750,1,70,+70,15,2,2,2,False
83e44cf6-0146-496b-ad74-f27b17001750,2,70,+70,14,2,2,2,False
83e44cf6-0146-496b-ad74-f27b17001750,3,70,+70,13,2,2,2,False
9a9e91da-375e-4b8a-a81c-f7c1a2240f2a,1,52.5,52.5,10,2,2,2,False
9a9e91da-375e-4b8a-a81c-f7c1a2240f2a,2,52.5,52.5,9,2,2,2,False
9a9e91da-375e-4b8a-a81c-f7c1a2240f2a,3,52.5,52.5,8,2,2,2,False
9a9e91da-375e-4b8a-a81c-f7c1a2240f2a,4,52.5,52.5,8,1,1,1,False
242b4279-de38-4961-b200-ad33e2786c79,1,60,60,10,2,2,2,False
242b4279-de38-4961-b200-ad33e2786c79,2,60,60,9,2,2,2,False
242b4279-de38-4961-b200-ad33e2786c79,3,57.5,57.5,9,1,1,1,False
242b4279-de38-4961-b200-ad33e2786c79,4,55,55,10,2,1.5,1.5,False
46f6d267-3e05-400d-8fac-9cd600875c7f,1,155,155,10,2,2,2,False
46f6d267-3e05-400d-8fac-9cd600875c7f,2,155,155,9,2,1.5,1.5,False
46f6d267-3e05-400d-8fac-9cd600875c7f,3,155,155,8,2,2,2,False
8dbc1697-0cc0-43f2-b49c-09d988604c7e,1,60,60,11,2,2,2,False
8dbc1697-0cc0-43f2-b49c-09d988604c7e,2,60,60,10,2,2,2,False
8dbc1697-0cc0-43f2-b49c-09d988604c7e,3,60,60,10,2,1.5,1.5,False
46581572-69f1-4722-a37e-78a9b3cf9a57,1,11.25,11.25,12,2,2,2,False
46581572-69f1-4722-a37e-78a9b3cf9a57,2,11.25,11.25,11,2,2,2,False
46581572-69f1-4722-a37e-78a9b3cf9a57,3,11.25,11.25,12,2,1.5,1.5,False
80ce82fc-a65a-4065-9cb8-f7553c0dc902,1,42.5,42.5,13,2,2,2,False
80ce82fc-a65a-4065-9cb8-f7553c0dc902,2,42.5,42.5,12,2,2,2,False
80ce82fc-a65a-4065-9cb8-f7553c0dc902,3,42.5,42.5,11,2,2,2,False
80ce82fc-a65a-4065-9cb8-f7553c0dc902,4,42.5,42.5,10,2,2,2,False
d149a861-96ee-4161-bf89-8997a5de0a1d,1,55,55,12,2,2,2,False
d149a861-96ee-4161-bf89-8997a5de0a1d,2,55,55,12,2,1.5,1.5,False
d149a861-96ee-4161-bf89-8997a5de0a1d,3,55,55,10,1,1,1,False
d149a861-96ee-4161-bf89-8997a5de0a1d,4,50,50,12,2,1.5,1.5,False
47970a6c-4ae0-45ec-9b92-c752b46e3fb8,1,140,140,8,1,0.5,0.5,False
47970a6c-4ae0-45ec-9b92-c752b46e3fb8,2,135,135,7,1,1,1,False
47970a6c-4ae0-45ec-9b92-c752b46e3fb8,3,125,125,9,3,2.5,2.5,False
47970a6c-4ae0-45ec-9b92-c752b46e3fb8,4,125,125,9,2,2,2,False
8c83ceab-3f8a-4229-b412-00cd4e260280,1,315,315,6,2,2,2,False
8c83ceab-3f8a-4229-b412-00cd4e260280,2,315,315,6,2,2,2,False
8c83ceab-3f8a-4229-b412-00cd4e260280,3,315,315,5,2,2,2,False
8c83ceab-3f8a-4229-b412-00cd4e260280,4,315,315,5,2,2,2,False
76994cf1-4e29-45c6-801c-ea5f7f06d260,1,90,90,14,2,2,2,False
76994cf1-4e29-45c6-801c-ea5f7f06d260,2,90,90,14,2,1.5,1.5,False
76994cf1-4e29-45c6-801c-ea5f7f06d260,3,90,90,12,2,2,2,False
76994cf1-4e29-45c6-801c-ea5f7f06d260,4,90,90,12,2,1.5,1.5,False
e1c4413f-7a4f-4021-b89f-67b9b0e5f0f2,1,7.5,+7.5,11,2,2,2,False
e1c4413f-7a4f-4021-b89f-67b9b0e5f0f2,2,7.5,+7.5,10,2,2,2,False
e1c4413f-7a4f-4021-b89f-67b9b0e5f0f2,3,2.5,+2.5,10,2,2,2,False
e1c4413f-7a4f-4021-b89f-67b9b0e5f0f2,4,0,+0,11,2,2,2,False
8c515530-7af1-41e8-aa36-b57b39621e2b,1,22.5,+22.5,6,2,2,2,False
8c515530-7af1-41e8-aa36-b57b39621e2b,2,20,+20,6,2,2,2,False
8c515530-7af1-41e8-aa36-b57b39621e2b,3,20,+20,6,2,1.5,1.5,False
8c515530-7af1-41e8-aa36-b57b39621e2b,4,20,+20,5,2,1.5,1.5,False
b3e1f5ac-6e9d-4be3-97f6-c58ab1275ce4,1,165,165,8,2,2,2,False
b3e1f5ac-6e9d-4be3-97f6-c58ab1275ce4,2,165,165,8,2,2,2,False
b3e1f5ac-6e9d-4be3-97f6-c58ab1275ce4,3,165,165,8,2,2,2,False
4476c5ad-3f82-40da-835a-d5e3fad15459,1,175,175,10,2,2,2,False
4476c5ad-3f82-40da-835a-d5e3fad15459,2,175,175,9,2,1.5,1.5,False
4476c5ad-3f82-40da-835a-d5e3fad15459,3,175,175,9,1,1,1,False
00935e08-2d41-4a48-aceb-05ec01cc9011,1,32.5,32.5,10,2,2,2,False
00935e08-2d41-4a48-aceb-05ec01cc9011,2,32.5,32.5,10,2,2,2,False
00935e08-2d41-4a48-aceb-05ec01cc9011,3,32.5,32.5,9,2,2,2,False
00935e08-2d41-4a48-aceb-05ec01cc9011,4,32.5,32.5,8,2,2,2,False
6f33fa8c-5da2-4c80-9d65-5a4b8021b19e,1,6.25,6.25,12,2,2,2,False
6f33fa8c-5da2-4c80-9d65-5a4b8021b19e,2,7.5,7.5,11,2,2,2,False
6f33fa8c-5da2-4c80-9d65-5a4b8021b19e,3,7.5,7.5,10,2,2,2,False
6f33fa8c-5da2-4c80-9d65-5a4b8021b19e,4,7.5,7.5,10,2,2,2,False
6bb76c11-00a8-4ba4-9500-6ba1ee796c17,1,67.5,67.5,12,2,2,2,False
6bb76c11-00a8-4ba4-9500-6ba1ee796c17,2,67.5,67.5,11,2,2,2,False
6bb76c11-00a8-4ba4-9500-6ba1ee796c17,3,67.5,67.5,11,2,2,2,False
d0844bff-7090-4c87-b818-c9c140c7fb4d,1,22.5,22.5,9,2,2,2,False
d0844bff-7090-4c87-b818-c9c140c7fb4d,2,22.5,22.5,9,2,2,2,False
d0844bff-7090-4c87-b818-c9c140c7fb4d,3,22.5,22.5,8,2,2,2,False
d0844bff-7090-4c87-b818-c9c140c7fb4d,4,22.5,22.5,8,2,2,2,False
092c4b72-4a09-4a9c-a817-aa4d48b6cbc8,1,120,120,9,2,1.5,1.5,False
092c4b72-4a09-4a9c-a817-aa4d48b6cbc8,2,120,120,8,1,1,1,False
092c4b72-4a09-4a9c-a817-aa4d48b6cbc8,3,120,120,7,2,1.5,1.5,False
092c4b72-4a09-4a9c-a817-aa4d48b6cbc8,4,112.5,112.5,9,2,2,2,False
28452614-2452-49c4-b7f2-e68c8e39e251,1,65,65,8,2,2,2,False
28452614-2452-49c4-b7f2-e68c8e39e251,2,65,65,7,2,1.5,1.5,False
28452614-2452-49c4-b7f2-e68c8e39e251,3,65,65,6,2,2,2,False
28452614-2452-49c4-b7f2-e68c8e39e251,4,60,60,8,2,2,2,False
7ea02532-a36a-4530-8717-ca9bd7e77137,1,40,40,14,2,2,2,False
7ea02532-a36a-4530-8717-ca9bd7e77137,2,40,40,13,2,2,2,False
7ea02532-a36a-4530-8717-ca9bd7e77137,3,40,40,13,2,2,2,False
cf42dced-4f7c-4d43-8445-b06405352c31,1,27.5,27.5,11,2,2,2,False
cf42dced-4f7c-4d43-8445-b06405352c31,2,27.5,27.5,11,2,2,2,False
cf42dced-4f7c-4d43-8445-b06405352c31,3,27.5,27.5,11,2,2,2,False
e97916b6-e038-49e4-832e-518a51ef4f23,1,32.5,32.5,12,2,2,2,False
e97916b6-e038-49e4-832e-518a51ef4f23,2,32.5,32.5,12,2,2,2,False
e97916b6-e038-49e4-832e-518a51ef4f23,3,32.5,32.5,12,2,2,2,False
d4d74b53-f085-4df3-b9e8-fb83c93df894,1,45,45,15,2,2,2,False
d4d74b53-f085-4df3-b9e8-fb83c93df894,2,47.5,47.5,13,2,2,2,False
d4d74b53-f085-4df3-b9e8-fb83c93df894,3,47.5,47.5,12,2,2,2,False
d563b4df-5eca-410e-9b6b-7c2c3ddb5079,1,110,110,10,2,2,2,False
d563b4df-5eca-410e-9b6b-7c2c3ddb5079,2,110,110,9,2,2,2,False
d563b4df-5eca-410e-9b6b-7c2c3ddb5079,3,110,110,8,2,2,2,False
d563b4df-5eca-410e-9b6b-7c2c3ddb5079,4,100,100,10,2,2,2,False
1f262510-c1a0-47d1-bfc3-f55a9d5a44d4,1,175,+175,8,2,2,2,False
1f262510-c1a0-47d1-bfc3-f55a9d5a44d4,2,175,+175,8,2,2,2,False
1f262510-c1a0-47d1-bfc3-f55a9d5a44d4,3,175,+175,8,2,2,2,False
0cd614b1-f311-458f-99b0-6e42132398f6,1,205,205,10,2,2,2,False
0cd614b1-f311-458f-99b0-6e42132398f6,2,205,205,9,2,2,2,False
0cd614b1-f311-458f-99b0-6e42132398f6,3,205,205,8,2,1.5,1.5,False
b99ca773-6345-421f-9bfc-cb59962275c3,1,315,315,10,2,2,2,False
b99ca773-6345-421f-9bfc-cb59962275c3,2,315,315,10,2,1.5,1.5,False
b99ca773-6345-421f-9bfc-cb59962275c3,3,315,315,9,2,2,2,False
b99ca773-6345-421f-9bfc-cb59962275c3,4,315,315,8,2,2,2,False
7335d85a-6b39-46a5-b87c-81991e5af87a,1,235,235,12,2,2,2,False
7335d85a-6b39-46a5-b87c-81991e5af87a,2,235,235,11,2,2,2,False
7335d85a-6b39-46a5-b87c-81991e5af87a,3,235,235,11,2,2,2,False
7335d85a-6b39-46a5-b87c-81991e5af87a,4,235,235,10,2,2,2,False
152455ed-7551-46b0-93fb-5a016fa49749,1,275,275,11,2,2,2,False
152455ed-7551-46b0-93fb-5a016fa49749,2,275,275,11,2,2,2,False
152455ed-7551-46b0-93fb-5a016fa49749,3,275,275,11,2,1.5,1.5,False
e47ef386-0507-4168-8502-3d5bbebfd09f,1,85,85,10,2,2,2,False
e47ef386-0507-4168-8502-3d5bbebfd09f,2,85,85,9,2,2,2,False
e47ef386-0507-4168-8502-3d5bbebfd09f,3,85,85,8,2,2,2,False
e47ef386-0507-4168-8502-3d5bbebfd09f,4,77.5,77.5,10,2,2,2,False
fd882df1-ff1e-4a88-ad53-4ed56aa745c0,1,75,+75,12,2,2,2,False
fd882df1-ff1e-4a88-ad53-4ed56aa745c0,2,65,+65,15,2,2,2,False
fd882df1-ff1e-4a88-ad53-4ed56aa745c0,3,65,+65,14,2,2,2,False
747e8805-3a56-4c79-8c5f-1273f3dd487d,1,52.5,52.5,9,2,2,2,False
747e8805-3a56-4c79-8c5f-1273f3dd487d,2,52.5,52.5,9,2,2,2,False
747e8805-3a56-4c79-8c5f-1273f3dd487d,3,52.5,52.5,8,2,2,2,False
747e8805-3a56-4c79-8c5f-1273f3dd487d,4,52.5,52.5,7,2,2,2,False
e1b93661-ed3a-4b8e-93a5-66fd07c6b4a5,1,60,60,11,2,2,2,False
e1b93661-ed3a-4b8e-93a5-66fd07c6b4a5,2,60,60,9,2,2,2,False
e1b93661-ed3a-4b8e-93a5-66fd07c6b4a5,3,55,55,11,2,2,2,False
e1b93661-ed3a-4b8e-93a5-66fd07c6b4a5,4,55,55,10,2,2,2,False
e656a64f-30b8-41ef-9e52-1fbec34a2ca2,1,150,150,11,2,2,2,False
e656a64f-30b8-41ef-9e52-1fbec34a2ca2,2,150,150,10,2,1.5,1.5,False
e656a64f-30b8-41ef-9e52-1fbec34a2ca2,3,150,150,9,2,2,2,False
0aa9a575-0d10-4ff6-87b3-dfb3b39aadfc,1,60,60,10,2,2,2,False
0aa9a575-0d10-4ff6-87b3-dfb3b39aadfc,2,57.5,57.5,11,2,2,2,False
0aa9a575-0d10-4ff6-87b3-dfb3b39aadfc,3,57.5,57.5,10,2,2,2,False
f160eabb-96e2-4c7c-a887-0c7794251ad0,1,11.25,11.25,11,2,2,2,False
f160eabb-96e2-4c7c-a887-0c7794251ad0,2,11.25,11.25,10,2,2,2,False
f160eabb-96e2-4c7c-a887-0c7794251ad0,3,11.25,11.25,10,2,2,2,False
c0bb5212-aa23-4ae4-95df-23c5ff354676,1,42.5,42.5,11,2,2,2,False
c0bb5212-aa23-4ae4-95df-23c5ff354676,2,42.5,42.5,11,2,2,2,False
c0bb5212-aa23-4ae4-95df-23c5ff354676,3,42.5,42.5,10,2,2,2,False
c0bb5212-aa23-4ae4-95df-23c5ff354676,4,40,40,11,2,2,2,False
fd2094e0-1779-4874-b6b2-a1d1b8a8e7e4,1,55,55,12,2,2,2,False
fd2094e0-1779-4874-b6b2-a1d1b8a8e7e4,2,55,55,11,2,2,2,False
fd2094e0-1779-4874-b6b2-a1d1b8a8e7e4,3,52.5,52.5,11,1,1,1,False
fd2094e0-1779-4874-b6b2-a1d1b8a8e7e4,4,47.5,47.5,13,2,1.5,1.5,False
be63d3da-bc8b-45fe-9cf8-1a591eb19c8e,1,135,135,9,2,2,2,False
be63d3da-bc8b-45fe-9cf8-1a591eb19c8e,2,135,135,8,2,2,2,False
be63d3da-bc8b-45fe-9cf8-1a591eb19c8e,3,135,135,7,2,1.5,1.5,False
be63d3da-bc8b-45fe-9cf8-1a591eb19c8e,4,130,130,8,2,2,2,False
c572dcb1-e3ed-47a7-900b-f00576a3b9c8,1,312.5,312.5,6,2,2,2,False
c572dcb1-e3ed-47a7-900b-f00576a3b9c8,2,312.5,312.5,6,2,2,2,False
c572dcb1-e3ed-47a7-900b-f00576a3b9c8,3,312.5,312.5,5,2,2,2,False
c572dcb1-e3ed-47a7-900b-f00576a3b9c8,4,312.5,312.5,5,2,2,2,False
2db22451-a399-44be-9e3d-4e0519d0e902,1,95,95,11,2,2,2,False
2db22451-a399-44be-9e3d-4e0519d0e902,2,95,95,11,2,2,2,False
2db22451-a399-44be-9e3d-4e0519d0e902,3,95,95,10,2,2,2,False
2db22451-a399-44be-9e3d-4e0519d0e902,4,95,95,10,1,1,1,False
f11a0dd3-4a84-4691-8c2d-b6b6884551b2,1,60,60,12,2,2,2,False
f11a0dd3-4a84-4691-8c2d-b6b6884551b2,2,60,60,12,2,2,2,False
f11a0dd3-4a84-4691-8c2d-b6b6884551b2,3,60,60,12,2,2,2,False
f2afbef3-5177-414b-94a0-70ab7fe6e382,1,265,265,11,2,2,2,False
f2afbef3-5177-414b-94a0-70ab7fe6e382,2,265,265,10,2,2,2,False
f2afbef3-5177-414b-94a0-70ab7fe6e382,3,255,255,11,2,2,2,False
ccf46843-2d35-4594-bc07-71ab541c8bd1,1,7.5,+7.5,12,2,2,2,False
ccf46843-2d35-4594-bc07-71ab541c8bd1,2,7.5,+7.5,9,2,2,2,False
ccf46843-2d35-4594-bc07-71ab541c8bd1,3,5,+5,8,2,2,2,False
c5bffe24-02c7-4c90-9b84-a07cb0b199a7,1,17.5,+17.5,6,2,2,2,False
c5bffe24-02c7-4c90-9b84-a07cb0b199a7,2,17.5,+17.5,6,2,2,2,False
c5bffe24-02c7-4c90-9b84-a07cb0b199a7,3,17.5,+17.5,6,2,2,2,False
c5bffe24-02c7-4c90-9b84-a07cb0b199a7,4,17.5,+17.5,5,2,2,2,False
f43909f1-5e37-4db4-b732-84d614a24534,1,157.5,157.5,9,2,2,2,False
f43909f1-5e37-4db4-b732-84d614a24534,2,157.5,157.5,9,2,2,2,False
f43909f1-5e37-4db4-b732-84d614a24534,3,157.5,157.5,9,2,2,2,False
2be22532-145c-4bfc-b395-58de37ae59b7,1,172.5,172.5,10,2,2,2,False
2be22532-145c-4bfc-b395-58de37ae59b7,2,172.5,172.5,9,2,1.5,1.5,False
2be22532-145c-4bfc-b395-58de37ae59b7,3,172.5,172.5,8,2,1.5,1.5,False
ebd6a607-ada5-4f43-ba4b-fdd238f76fa0,1,30,30,12,2,2,2,False
ebd6a607-ada5-4f43-ba4b-fdd238f76fa0,2,30,30,12,2,2,2,False
ebd6a607-ada5-4f43-ba4b-fdd238f76fa0,3,30,30,11,2,2,2,False
ebd6a607-ada5-4f43-ba4b-fdd238f76fa0,4,30,30,10,2,2,2,False
aa8bc5a2-5c2a-44b1-b721-7a987b4515ae,1,5,5,12,2,2,2,False
aa8bc5a2-5c2a-44b1-b721-7a987b4515ae,2,6.25,6.25,10,2,2,2,False
aa8bc5a2-5c2a-44b1-b721-7a987b4515ae,3,6.25,6.25,10,2,2,2,False
aa8bc5a2-5c2a-44b1-b721-7a987b4515ae,4,6.25,6.25,10,3,2.5,2.5,False
34539389-b1a6-4c8c-894a-2531b8b264c7,1,67.5,67.5,10,2,2,2,False
34539389-b1a6-4c8c-894a-2531b8b264c7,2,67.5,67.5,10,2,2,2,False
34539389-b1a6-4c8c-894a-2531b8b264c7,3,67.5,67.5,10,2,2,2,False
41449dfc-11fc-4a53-aa58-1cf85cb3d5d2,1,20,20,12,2,2,2,False
41449dfc-11fc-4a53-aa58-1cf85cb3d5d2,2,20,20,12,2,2,2,False
41449dfc-11fc-4a53-aa58-1cf85cb3d5d2,3,20,20,12,2,2,2,False
41449dfc-11fc-4a53-aa58-1cf85cb3d5d2,4,20,20,12,2,2,2,False
e1366cd5-b956-441d-a1d7-e5cd4839d3d3,1,120,120,9,2,1.5,1.5,False
e1366cd5-b956-441d-a1d7-e5cd4839d3d3,2,120,120,7,2,2,2,False
e1366cd5-b956-441d-a1d7-e5cd4839d3d3,3,120,120,7,1,1,1,False
e1366cd5-b956-441d-a1d7-e5cd4839d3d3,4,110,110,9,2,2,2,False
d5a75de8-02fc-47c3-9645-34a3af35240d,1,65,65,8,2,2,2,False
d5a75de8-02fc-47c3-9645-34a3af35240d,2,65,65,7,1,1,1,False
d5a75de8-02fc-47c3-9645-34a3af35240d,3,65,65,6,2,2,2,False
d5a75de8-02fc-47c3-9645-34a3af35240d,4,65,65,6,1,0.5,0.5,False
9dc22f8d-9819-42b8-aa19-969e1ddf09d5,1,40,40,12,2,2,2,False
9dc22f8d-9819-42b8-aa19-969e1ddf09d5,2,40,40,12,2,2,2,False
9dc22f8d-9819-42b8-aa19-969e1ddf09d5,3,40,40,12,2,2,2,False
b8212e0d-6225-4de2-9cbd-7f3c208724d2,1,25,25,14,3,2.5,2.5,False
b8212e0d-6225-4de2-9cbd-7f3c208724d2,2,25,25,14,3,2.5,2.5,False
b8212e0d-6225-4de2-9cbd-7f3c208724d2,3,25,25,14,3,2.5,2.5,False
55dba73a-ccbd-420d-9f04-45dab0156510,1,30,30,15,2,2,2,False
55dba73a-ccbd-420d-9f04-45dab0156510,2,30,30,14,3,2.5,2.5,False
55dba73a-ccbd-420d-9f04-45dab0156510,3,30,30,14,2,1.5,1.5,False
5535eb05-ea6b-42ec-89a9-93b352d7dc7b,1,45,45,14,2,2,2,False
5535eb05-ea6b-42ec-89a9-93b352d7dc7b,2,45,45,14,2,2,2,False
5535eb05-ea6b-42ec-89a9-93b352d7dc7b,3,45,45,14,2,2,2,False
4c0cce2b-323f-49a3-b11e-e5427e51ed66,1,110,110,10,2,2,2,False
4c0cce2b-323f-49a3-b11e-e5427e51ed66,2,110,110,8,2,2,2,False
4c0cce2b-323f-49a3-b11e-e5427e51ed66,3,110,110,8,2,1.5,1.5,False
4c0cce2b-323f-49a3-b11e-e5427e51ed66,4,100,100,10,1,0.5,0.5,False
792d9c64-0f10-4b6a-b764-dbd9753de2d5,1,135,+135,10,3,3,3,False
792d9c64-0f10-4b6a-b764-dbd9753de2d5,2,160,+160,9,3,3,3,False
792d9c64-0f10-4b6a-b764-dbd9753de2d5,3,160,+160,9,3,3,3,False
eeb09809-17e5-4083-91e4-9b2238283ff6,1,195,195,11,3,2.5,2.5,False
eeb09809-17e5-4083-91e4-9b2238283ff6,2,195,195,10,3,3,3,False
eeb09809-17e5-4083-91e4-9b2238283ff6,3,195,195,9,3,2.5,2.5,False
812a679a-3034-45b1-a8bd-2eeea07b0c84,1,302.5,302.5,10,3,3,3,False
812a679a-3034-45b1-a8bd-2eeea07b0c84,2,302.5,302.5,10,3,3,3,False
812a679a-3034-45b1-a8bd-2eeea07b0c84,3,302.5,302.5,9,3,3,3,False
812a679a-3034-45b1-a8bd-2eeea07b0c84,4,302.5,302.5,9,3,2.5,2.5,False
32b3453f-7238-4698-890a-622592b15acc,1,225,225,12,3,3,3,False
32b3453f-7238-4698-890a-622592b15acc,2,225,225,11,3,3,3,False
32b3453f-7238-4698-890a-622592b15acc,3,225,225,11,3,3,3,False
32b3453f-7238-4698-890a-622592b15acc,4,225,225,10,3,3,3,False
55c88a19-be46-42fe-a589-4398c8a2448e,1,280,280,10,3,2.5,2.5,False
55c88a19-be46-42fe-a589-4398c8a2448e,2,280,280,9,3,3,3,False
55c88a19-be46-42fe-a589-4398c8a2448e,3,255,255,11,3,3,3,False
bb8ca606-6f13-4c2e-a922-a347361a697d,1,80,80,11,3,3,3,False
bb8ca606-6f13-4c2e-a922-a347361a697d,2,80,80,10,3,3,3,False
bb8ca606-6f13-4c2e-a922-a347361a697d,3,80,80,9,3,3,3,False
bb8ca606-6f13-4c2e-a922-a347361a697d,4,80,80,8,3,2.5,2.5,False
f44c2a65-1837-434c-b988-1d7f80fc5e77,1,70,+70,12,3,3,3,False
f44c2a65-1837-434c-b988-1d7f80fc5e77,2,70,+70,11,3,3,3,False
f44c2a65-1837-434c-b988-1d7f80fc5e77,3,70,+70,11,3,3,3,False
e880f1b6-aa76-4eba-b6b0-56cf0aae41f4,1,50,50,10,3,3,3,False
e880f1b6-aa76-4eba-b6b0-56cf0aae41f4,2,50,50,9,3,3,3,False
e880f1b6-aa76-4eba-b6b0-56cf0aae41f4,3,50,50,8,3,3,3,False
e880f1b6-aa76-4eba-b6b0-56cf0aae41f4,4,50,50,7,3,3,3,False
98b92118-3818-4ce8-b0af-1f0d0426bdde,1,57.5,57.5,12,3,3,3,False
98b92118-3818-4ce8-b0af-1f0d0426bdde,2,57.5,57.5,10,3,3,3,False
98b92118-3818-4ce8-b0af-1f0d0426bdde,3,57.5,57.5,8,3,3,3,False
98b92118-3818-4ce8-b0af-1f0d0426bdde,4,52.5,52.5,11,3,3,3,False
95a84b5d-5205-468f-9d48-baa7f48ff414,1,147.5,147.5,10,3,3,3,False
95a84b5d-5205-468f-9d48-baa7f48ff414,2,147.5,147.5,9,3,3,3,False
95a84b5d-5205-468f-9d48-baa7f48ff414,3,147.5,147.5,8,3,3,3,False
efea2b6d-57fa-4b13-84db-16eb06608273,1,57.5,57.5,11,2,2,2,False
efea2b6d-57fa-4b13-84db-16eb06608273,2,57.5,57.5,9,3,3,3,False
efea2b6d-57fa-4b13-84db-16eb06608273,3,52.5,52.5,12,2,2,2,False
30fe7578-ac51-47d1-bf7a-26b95ec8f2cd,1,10,10,12,3,3,3,False
30fe7578-ac51-47d1-bf7a-26b95ec8f2cd,2,10,10,11,3,3,3,False
30fe7578-ac51-47d1-bf7a-26b95ec8f2cd,3,10,10,11,3,3,3,False
2474165f-8932-4ebe-b787-4a8395afae69,1,37.5,37.5,15,3,3,3,False
2474165f-8932-4ebe-b787-4a8395afae69,2,37.5,37.5,14,3,3,3,False
2474165f-8932-4ebe-b787-4a8395afae69,3,37.5,37.5,13,3,3,3,False
2474165f-8932-4ebe-b787-4a8395afae69,4,37.5,37.5,12,3,3,3,False
96fb2290-5e44-4fd1-87ad-f32f6ca4fe56,1,55,55,12,2,2,2,False
96fb2290-5e44-4fd1-87ad-f32f6ca4fe56,2,55,55,10,3,3,3,False
96fb2290-5e44-4fd1-87ad-f32f6ca4fe56,3,50,50,10,3,3,3,False
96fb2290-5e44-4fd1-87ad-f32f6ca4fe56,4,50,50,9,2,2,2,False
5d4583d5-fb4a-48ae-9857-32080188194b,1,132.5,132.5,8,3,3,3,False
5d4583d5-fb4a-48ae-9857-32080188194b,2,132.5,132.5,7,3,3,3,False
5d4583d5-fb4a-48ae-9857-32080188194b,3,122.5,122.5,9,3,3,3,False
5d4583d5-fb4a-48ae-9857-32080188194b,4,122.5,122.5,9,3,3,3,False
ec2984c1-962f-498d-8791-65b82099b7c1,1,297.5,297.5,6,3,3,3,False
ec2984c1-962f-498d-8791-65b82099b7c1,2,297.5,297.5,6,3,3,3,False
ec2984c1-962f-498d-8791-65b82099b7c1,3,297.5,297.5,6,3,3,3,False
ec2984c1-962f-498d-8791-65b82099b7c1,4,297.5,297.5,6,3,3,3,False
58e71c08-63b5-4379-8cec-784304e7088d,1,95,95,10,3,2.5,2.5,False
58e71c08-63b5-4379-8cec-784304e7088d,2,95,95,11,3,2.5,2.5,False
58e71c08-63b5-4379-8cec-784304e7088d,3,95,95,10,3,3,3,False
58e71c08-63b5-4379-8cec-784304e7088d,4,90,90,11,3,2.5,2.5,False
b9f3a52b-6095-4f08-a3eb-eb51e0a89bbb,1,25,25,12,6,5+,6,False
b9f3a52b-6095-4f08-a3eb-eb51e0a89bbb,2,35,35,12,6,5+,6,False
b9f3a52b-6095-4f08-a3eb-eb51e0a89bbb,3,45,45,12,5,4.5,4.5,False
23dffc53-995c-4871-b73d-944a6db7a509,1,252.5,252.5,11,3,3,3,False
23dffc53-995c-4871-b73d-944a6db7a509,2,252.5,252.5,10,3,3,3,False
23dffc53-995c-4871-b73d-944a6db7a509,3,235,235,12,3,3,3,False
105338e5-abb8-4370-a1e4-deb6e8abf759,1,7.5,+7.5,11,3,3,3,False
105338e5-abb8-4370-a1e4-deb6e8abf759,2,7.5,+7.5,10,3,3,3,False
105338e5-abb8-4370-a1e4-deb6e8abf759,3,5,+5,10,2,2,2,False
105338e5-abb8-4370-a1e4-deb6e8abf759,4,0,+0,10,2,2,2,False
4749e606-9d86-4bca-91a2-f623f7a66d7d,1,10,+10,6,3,3,3,False
4749e606-9d86-4bca-91a2-f623f7a66d7d,2,10,+10,6,3,3,3,False
4749e606-9d86-4bca-91a2-f623f7a66d7d,3,10,+10,6,3,3,3,False
4749e606-9d86-4bca-91a2-f623f7a66d7d,4,10,+10,6,3,2.5,2.5,False
288ee654-3fcb-477d-93b2-557db80cec91,1,150,150,9,3,3,3,False
288ee654-3fcb-477d-93b2-557db80cec91,2,150,150,9,3,3,3,False
288ee654-3fcb-477d-93b2-557db80cec91,3,150,150,9,3,3,3,False
2daf1f06-9d3a-4383-b088-e3663003370c,1,170,170,9,3,3,3,False
2daf1f06-9d3a-4383-b088-e3663003370c,2,170,170,8,3,3,3,False
2daf1f06-9d3a-4383-b088-e3663003370c,3,160,160,10,3,2.5,2.5,False
6e5c6470-75e6-472c-b0dc-d4360f88644b,1,30,30,10,3,3,3,False
6e5c6470-75e6-472c-b0dc-d4360f88644b,2,30,30,10,3,3,3,False
6e5c6470-75e6-472c-b0dc-d4360f88644b,3,30,30,9,3,3,3,False
6e5c6470-75e6-472c-b0dc-d4360f88644b,4,30,30,9,3,3,3,False
19af9949-a529-4f43-99e4-f149dd801051,1,5,5,10,3,3,3,False
19af9949-a529-4f43-99e4-f149dd801051,2,5,5,10,3,3,3,False
19af9949-a529-4f43-99e4-f149dd801051,3,5,5,10,3,3,3,False
19af9949-a529-4f43-99e4-f149dd801051,4,5,5,10,3,3,3,False
9c44c2d8-8d91-416e-944e-29abb18018b1,1,55,55,13,3,3,3,False
9c44c2d8-8d91-416e-944e-29abb18018b1,2,60,60,12,3,3,3,False
9c44c2d8-8d91-416e-944e-29abb18018b1,3,65,65,10,3,3,3,False
fd7df17f-0fef-42ed-bc9a-b71402d67616,1,20,20,10,3,3,3,False
fd7df17f-0fef-42ed-bc9a-b71402d67616,2,20,20,10,3,3,3,False
fd7df17f-0fef-42ed-bc9a-b71402d67616,3,20,20,10,3,3,3,False
fd7df17f-0fef-42ed-bc9a-b71402d67616,4,20,20,10,3,3,3,False
eefed796-298c-4e08-89c8-dbeffa186417,1,115,115,9,3,3,3,False
eefed796-298c-4e08-89c8-dbeffa186417,2,115,115,8,3,3,3,False
eefed796-298c-4e08-89c8-dbeffa186417,3,115,115,7,3,3,3,False
eefed796-298c-4e08-89c8-dbeffa186417,4,107.5,107.5,9,3,3,3,False
d0ce796e-5677-4d44-801e-7a90db36e382,1,62.5,62.5,8,3,3,3,False
d0ce796e-5677-4d44-801e-7a90db36e382,2,62.5,62.5,7,3,3,3,False
d0ce796e-5677-4d44-801e-7a90db36e382,3,62.5,62.5,7,3,2.5,2.5,False
d0ce796e-5677-4d44-801e-7a90db36e382,4,62.5,62.5,6,3,3,3,False
ac2f9956-3d94-4b9c-8076-bc927e38e42f,1,35,35,15,3,3,3,False
ac2f9956-3d94-4b9c-8076-bc927e38e42f,2,35,35,15,3,3,3,False
ac2f9956-3d94-4b9c-8076-bc927e38e42f,3,35,35,15,3,3,3,False
3319b56f-c7a5-4f81-97bb-398e38e5afa9,1,25,25,12,3,3,3,False
3319b56f-c7a5-4f81-97bb-398e38e5afa9,2,25,25,12,3,3,3,False
3319b56f-c7a5-4f81-97bb-398e38e5afa9,3,25,25,12,3,3,3,False
058ef6e9-d20f-44e7-8fa4-52326de37d77,1,27.5,27.5,12,3,3,3,False
058ef6e9-d20f-44e7-8fa4-52326de37d77,2,30,30,12,3,3,3,False
058ef6e9-d20f-44e7-8fa4-52326de37d77,3,30,30,11,3,3,3,False
7fcde844-2c3c-4194-aa1a-6b9d4d70d0a3,1,45,45,12,3,3,3,False
7fcde844-2c3c-4194-aa1a-6b9d4d70d0a3,2,45,45,12,3,3,3,False
7fcde844-2c3c-4194-aa1a-6b9d4d70d0a3,3,45,45,12,3,3,3,False
912f76c3-898e-41a4-b545-491cd2d54b4a,1,112.5,112.5,8,3,3,3,False
912f76c3-898e-41a4-b545-491cd2d54b4a,2,112.5,112.5,8,3,3,3,False
912f76c3-898e-41a4-b545-491cd2d54b4a,3,105,105,8,3,3,3,False
4401fa01-a78f-4f83-80f9-6821f18fbe93,1,287.5,287.5,7,6,5+,6,False
4401fa01-a78f-4f83-80f9-6821f18fbe93,2,287.5,287.5,7,6,5+,6,False
685ab050-d23f-4f5c-a10c-17034b76788f,1,85,85,12,6,5+,6,False
685ab050-d23f-4f5c-a10c-17034b76788f,2,85,85,13,5,4.5,4.5,False
f9dafa71-e809-4dd7-a0cd-30b7965d8fdc,1,177.5,177.5,12,6,5+,6,False
f9dafa71-e809-4dd7-a0cd-30b7965d8fdc,2,177.5,177.5,11,6,5+,6,False
b9fed5f5-e246-4a32-8035-ad760bcde45b,1,70,70,9,6,5+,6,False
b9fed5f5-e246-4a32-8035-ad760bcde45b,2,70,70,8,6,5+,6,False
bbc12f83-c209-49f5-a5d1-6e0d58985a64,1,22.5,22.5,10,6,5+,6,False
bbc12f83-c209-49f5-a5d1-6e0d58985a64,2,22.5,22.5,10,6,5+,6,False
fd55da2d-e161-49d0-82b2-029b5b7d4d77,1,7.5,+7.5,13,6,5+,6,False
fd55da2d-e161-49d0-82b2-029b5b7d4d77,2,7.5,+7.5,13,6,5+,6,False
b116a96e-78a7-4e7f-9ec0-eeb38f54f909,1,55,55,7,6,5+,6,False
b116a96e-78a7-4e7f-9ec0-eeb38f54f909,2,55,55,7,6,5+,6,False
29bd787e-afd4-44a1-a6b3-9a80d94e27a1,1,20,20,11,6,5+,6,False
29bd787e-afd4-44a1-a6b3-9a80d94e27a1,2,20,20,11,6,5+,6,False
1abbbc2e-ca00-41b3-8cf6-0bf490175e97,1,147.5,147.5,12,6,5+,6,False
1abbbc2e-ca00-41b3-8cf6-0bf490175e97,2,147.5,147.5,11,6,5+,6,False
ece20f1b-b65c-4339-a51f-62f6d650fe9b,1,157.5,157.5,12,6,5+,6,False
ece20f1b-b65c-4339-a51f-62f6d650fe9b,2,157.5,157.5,11,6,5+,6,False
1a703ce2-4bed-4daf-af0c-59736b596979,1,25,25,17,6,5+,6,False
1a703ce2-4bed-4daf-af0c-59736b596979,2,25,25,16,6,5+,6,False
6cf0997c-6fae-444c-b264-235097513624,1,205,205,9,6,5+,6,False
6cf0997c-6fae-444c-b264-235097513624,2,205,205,8,6,5+,6,False
cd8808b1-f164-4e0e-97df-be68f743062b,1,20,20,10,6,5+,6,False
cd8808b1-f164-4e0e-97df-be68f743062b,2,20,20,10,6,5+,6,False
aa2d1cad-1ebc-4948-9f2b-242590b1c9ea,1,235,+235,9,6,5+,6,False
aa2d1cad-1ebc-4948-9f2b-242590b1c9ea,2,235,+235,8,6,5+,6,False
4139ac2d-adef-44e7-841e-767dd26b60ae,1,185,185,10,6,5+,6,False
4139ac2d-adef-44e7-841e-767dd26b60ae,2,185,185,10,5,4.5,4.5,False
897feb05-35a6-4e8d-b803-e5bfac3ae22f,1,95,+95,10,6,5+,6,False
897feb05-35a6-4e8d-b803-e5bfac3ae22f,2,95,+95,10,6,5+,6,False
18afa794-e60b-4474-8563-e1093330db90,1,8.75,8.75,14,6,5+,6,False
18afa794-e60b-4474-8563-e1093330db90,2,8.75,8.75,14,6,5+,6,False
44aca6fe-0710-46a3-bfe9-8eb8504e216f,1,37.5,37.5,14,6,5+,6,False
44aca6fe-0710-46a3-bfe9-8eb8504e216f,2,37.5,37.5,13,6,5+,6,False
e587734a-96a7-45ce-98c9-2442b1ba0087,1,30,30,15,6,5+,6,False
e587734a-96a7-45ce-98c9-2442b1ba0087,2,30,30,15,6,5+,6,False
92554b83-19fb-47da-8df0-e197afa355b6,1,55,+55,16,6,5+,6,False
92554b83-19fb-47da-8df0-e197afa355b6,2,55,+55,16,6,5+,6,False
0380e710-f1a2-411c-840f-042a650bbc9b,1,122.5,122.5,10,6,5+,6,False
0380e710-f1a2-411c-840f-042a650bbc9b,2,122.5,122.5,9,6,5+,6,False
c2bdc7f1-d351-4eae-8586-912b0cbcfca8,1,32.5,32.5,13,6,5+,6,False
c2bdc7f1-d351-4eae-8586-912b0cbcfca8,2,32.5,32.5,13,6,5+,6,False
7ccfb0e9-bbbe-4f6d-b799-d737d92fd423,1,57.5,57.5,12,6,5+,6,False
7ccfb0e9-bbbe-4f6d-b799-d737d92fd423,2,57.5,57.5,11,6,5+,6,False
6eb05130-5093-4404-bf7c-a25bbd6cc9d6,1,77.5,77.5,12,6,5+,6,False
6eb05130-5093-4404-bf7c-a25bbd6cc9d6,2,77.5,77.5,11,6,5+,6,False
4c6bba43-2631-45f8-b4a6-cc62e26ac1f3,1,235,235,11,6,5+,6,False
4c6bba43-2631-45f8-b4a6-cc62e26ac1f3,2,235,235,10,6,5+,6,False
9f9091eb-9f8f-4ce2-8178-2d1aee6f19c2,1,77.5,77.5,13,6,5+,6,False
9f9091eb-9f8f-4ce2-8178-2d1aee6f19c2,2,77.5,77.5,15,6,5+,6,False
c8b658a3-9925-4407-a7a0-4d0b5691f089,1,80,80,12,6,5+,6,False
c8b658a3-9925-4407-a7a0-4d0b5691f089,2,80,80,12,6,5+,6,False
1ff0cd43-d1cf-4c94-b17b-485f10486d7a,1,93,93,11,6,5+,6,False
1ff0cd43-d1cf-4c94-b17b-485f10486d7a,2,93,93,11,6,5+,6,False
2b754f1c-4565-4a2d-8ddf-ef8557a7db8c,1,7.5,+7.5,6,6,5+,6,False
2b754f1c-4565-4a2d-8ddf-ef8557a7db8c,2,7.5,+7.5,6,6,5+,6,False
211ea796-ac0e-447d-bb4d-4f4134f67075,1,137.5,137.5,11,6,5+,6,False
211ea796-ac0e-447d-bb4d-4f4134f67075,2,137.5,137.5,10,6,5+,6,False
3c767781-2467-4379-9978-0cc188869149,1,65,65,8,6,5+,6,False
3c767781-2467-4379-9978-0cc188869149,2,65,65,7,6,5+,6,False
713cba5d-f6a2-48ce-8013-be4b92a2efde,1,72.5,72.5,11,6,5+,6,False
713cba5d-f6a2-48ce-8013-be4b92a2efde,2,72.5,72.5,10,6,5+,6,False
fba1efce-e405-4a40-a1e0-90b0752b6d61,1,30,30,10,6,5+,6,False
fba1efce-e405-4a40-a1e0-90b0752b6d61,2,30,30,9,6,5+,6,False
98349794-7196-46d0-9e00-95c7180580a6,1,22.5,22.5,13,6,5+,6,False
98349794-7196-46d0-9e00-95c7180580a6,2,22.5,22.5,12,6,5+,6,False
8eb7690c-d21f-4ff0-bce6-d62f99cbc547,1,312.5,312.5,7,2,2,2,False
8eb7690c-d21f-4ff0-bce6-d62f99cbc547,2,312.5,312.5,7,1,1,1,False
8eb7690c-d21f-4ff0-bce6-d62f99cbc547,3,312.5,312.5,6,1,1,1,False
8eb7690c-d21f-4ff0-bce6-d62f99cbc547,4,312.5,312.5,6,1,1,1,False
04c1cbdf-f4ce-4a9d-b579-8d9bf5f32c65,1,90,90,15,1,1,1,False
04c1cbdf-f4ce-4a9d-b579-8d9bf5f32c65,2,90,90,14,1,1,1,False
04c1cbdf-f4ce-4a9d-b579-8d9bf5f32c65,3,90,90,13,1,1,1,False
04c1cbdf-f4ce-4a9d-b579-8d9bf5f32c65,4,90,90,12,1,0.5,0.5,False
8469a4f3-e577-4092-bd85-8d160046d5de,1,195,195,12,1,1,1,False
8469a4f3-e577-4092-bd85-8d160046d5de,2,195,195,11,1,1,1,False
8469a4f3-e577-4092-bd85-8d160046d5de,3,195,195,10,1,1,1,False
ac6253d8-8985-4a27-9569-4a701055e678,1,80,80,8,1,1,1,False
ac6253d8-8985-4a27-9569-4a701055e678,2,80,80,7,1,1,1,False
ac6253d8-8985-4a27-9569-4a701055e678,3,80,80,6,1,0.5,0.5,False
8e9910ca-737f-4c2b-b877-91d2e4db06c1,1,25,25,10,1,1,1,False
8e9910ca-737f-4c2b-b877-91d2e4db06c1,2,25,25,9,1,1,1,False
8e9910ca-737f-4c2b-b877-91d2e4db06c1,3,25,25,9,1,1,1,False
afa196e8-a6c1-41e7-af11-9513cbdbac05,1,20,+20,12,1,1,1,False
afa196e8-a6c1-41e7-af11-9513cbdbac05,2,20,+20,12,1,0.5,0.5,False
afa196e8-a6c1-41e7-af11-9513cbdbac05,3,20,+20,10,1,1,1,False
46c9b04b-4f4c-43c5-9b1b-73ad6c7e3c3a,1,60,60,8,1,1,1,False
46c9b04b-4f4c-43c5-9b1b-73ad6c7e3c3a,2,60,60,8,1,0.5,0.5,False
46c9b04b-4f4c-43c5-9b1b-73ad6c7e3c3a,3,60,60,6,1,0.5,0.5,False
46c9b04b-4f4c-43c5-9b1b-73ad6c7e3c3a,4,55,55,9,1,0.5,0.5,False
9f6a323e-a627-48af-a0d3-4e59018dc7d8,1,22.5,22.5,10,1,1,1,False
9f6a323e-a627-48af-a0d3-4e59018dc7d8,2,22.5,22.5,10,1,1,1,False
9f6a323e-a627-48af-a0d3-4e59018dc7d8,3,22.5,22.5,9,1,1,1,False
9f6a323e-a627-48af-a0d3-4e59018dc7d8,4,22.5,22.5,9,1,1,1,False
00e05595-2656-4ead-8ec1-2ecd40920f10,1,172.5,172.5,9,1,1,1,False
00e05595-2656-4ead-8ec1-2ecd40920f10,2,172.5,172.5,8,1,1,1,False
00e05595-2656-4ead-8ec1-2ecd40920f10,3,172.5,172.5,8,1,1,1,False
6cd531b3-7d3e-42b2-b93c-564f88df72f2,1,172.5,172.5,12,1,1,1,False
6cd531b3-7d3e-42b2-b93c-564f88df72f2,2,172.5,172.5,11,1,1,1,False
6cd531b3-7d3e-42b2-b93c-564f88df72f2,3,172.5,172.5,10,1,1,1,False
2c9546f9-2467-4113-a562-6e076fbf03fc,1,30,30,12,2,1.5,1.5,False
2c9546f9-2467-4113-a562-6e076fbf03fc,2,30,30,11,1,1,1,False
2c9546f9-2467-4113-a562-6e076fbf03fc,3,30,30,11,1,1,1,False
079424a9-9572-4801-9689-3ce3c3e88b21,1,220,220,10,1,1,1,False
079424a9-9572-4801-9689-3ce3c3e88b21,2,220,220,9,1,1,1,False
079424a9-9572-4801-9689-3ce3c3e88b21,3,220,220,8,1,1,1,False
cd42f0a5-e5d8-4102-835b-97c178db24e7,1,22.5,22.5,12,1,0.5,0.5,False
cd42f0a5-e5d8-4102-835b-97c178db24e7,2,22.5,22.5,9,1,1,1,False
cd42f0a5-e5d8-4102-835b-97c178db24e7,3,20,20,10,1,1,1,False
826c47ef-b49c-4bab-95ba-383af5896fb2,1,265,+265,8,1,1,1,False
826c47ef-b49c-4bab-95ba-383af5896fb2,2,265,+265,7,1,1,1,False
826c47ef-b49c-4bab-95ba-383af5896fb2,3,265,+265,7,1,1,1,False
01d6401f-0de2-414c-b2d8-c653acf3c0ca,1,205,205,10,1,1,1,False
01d6401f-0de2-414c-b2d8-c653acf3c0ca,2,205,205,10,1,0.5,0.5,False
01d6401f-0de2-414c-b2d8-c653acf3c0ca,3,205,205,9,1,1,1,False
49c9c7f3-654f-42a0-b127-0d82e7c6a154,1,110,+110,11,1,1,1,False
49c9c7f3-654f-42a0-b127-0d82e7c6a154,2,110,+110,11,1,1,1,False
49c9c7f3-654f-42a0-b127-0d82e7c6a154,3,110,+110,11,1,1,1,False
49c9c7f3-654f-42a0-b127-0d82e7c6a154,4,110,+110,10,1,1,1,False
fe549fe9-84d7-4609-8569-9fe8c32ade99,1,10,10,12,1,1,1,False
fe549fe9-84d7-4609-8569-9fe8c32ade99,2,10,10,12,1,1,1,False
fe549fe9-84d7-4609-8569-9fe8c32ade99,3,10,10,11,1,1,1,False
fe549fe9-84d7-4609-8569-9fe8c32ade99,4,10,10,11,1,1,1,False
ac006159-0166-4af7-ac75-4ee954ad444c,1,40,40,15,1,1,1,False
ac006159-0166-4af7-ac75-4ee954ad444c,2,40,40,14,1,1,1,False
ac006159-0166-4af7-ac75-4ee954ad444c,3,40,40,13,1,1,1,False
0d8f968f-7955-4498-b041-2e3ab83bd31e,1,35,35,12,1,1,1,False
0d8f968f-7955-4498-b041-2e3ab83bd31e,2,35,35,11,1,1,1,False
0d8f968f-7955-4498-b041-2e3ab83bd31e,3,35,35,10,1,1,1,False
31cc0a33-59c0-4979-a648-d5afe54dd37c,1,67.5,+67.5,14,1,1,1,False
31cc0a33-59c0-4979-a648-d5afe54dd37c,2,67.5,+67.5,14,1,1,1,False
31cc0a33-59c0-4979-a648-d5afe54dd37c,3,67.5,+67.5,14,1,1,1,False
b5ce9f12-2192-4bc9-8c63-d969a172b6a9,1,137.5,137.5,9,1,0.5,0.5,False
b5ce9f12-2192-4bc9-8c63-d969a172b6a9,2,130,130,8,2,1.5,1.5,False
b5ce9f12-2192-4bc9-8c63-d969a172b6a9,3,130,130,8,1,1,1,False
b5ce9f12-2192-4bc9-8c63-d969a172b6a9,4,130,130,8,0,0,0,False
489a5a6b-d87c-47d5-b3cb-60da323ffa60,1,37.5,37.5,11,1,1,1,False
489a5a6b-d87c-47d5-b3cb-60da323ffa60,2,37.5,37.5,10,1,1,1,False
489a5a6b-d87c-47d5-b3cb-60da323ffa60,3,37.5,37.5,10,1,1,1,False
489a5a6b-d87c-47d5-b3cb-60da323ffa60,4,35,35,12,1,1,1,False
056ed691-f68d-4d8d-b5d2-a33e8bf80f26,1,65,65,10,1,1,1,False
056ed691-f68d-4d8d-b5d2-a33e8bf80f26,2,65,65,9,1,1,1,False
056ed691-f68d-4d8d-b5d2-a33e8bf80f26,3,65,65,7,1,0.5,0.5,False
e3481f20-cd2a-4c76-b1fa-5d3a18423cc4,1,80,80,14,1,1,1,False
e3481f20-cd2a-4c76-b1fa-5d3a18423cc4,2,80,80,13,1,1,1,False
e3481f20-cd2a-4c76-b1fa-5d3a18423cc4,3,80,80,13,1,1,1,False
d9027eb8-fbcb-44cc-a6b0-d2147970fdc5,1,265,265,10,1,1,1,False
d9027eb8-fbcb-44cc-a6b0-d2147970fdc5,2,265,265,10,1,1,1,False
d9027eb8-fbcb-44cc-a6b0-d2147970fdc5,3,265,265,9,1,1,1,False
cedd9f96-c14e-49e2-af71-2f27fe8b8caa,1,90,90,12,1,1,1,False
cedd9f96-c14e-49e2-af71-2f27fe8b8caa,2,90,90,10,1,0.5,0.5,False
cedd9f96-c14e-49e2-af71-2f27fe8b8caa,3,90,90,7,1,0.5,0.5,False
cedd9f96-c14e-49e2-af71-2f27fe8b8caa,4,82.5,82.5,10,1,1,1,False
68f94096-9429-427b-ac3d-7122f0c638cc,1,85,85,13,1,1,1,False
68f94096-9429-427b-ac3d-7122f0c638cc,2,85,85,13,1,1,1,False
68f94096-9429-427b-ac3d-7122f0c638cc,3,85,85,13,1,1,1,False
439c8263-e927-4fc5-bcf4-0c7f24f7688a,1,110,110,12,1,1,1,False
439c8263-e927-4fc5-bcf4-0c7f24f7688a,2,110,110,11,1,1,1,False
439c8263-e927-4fc5-bcf4-0c7f24f7688a,3,110,110,11,1,1,1,False
439c8263-e927-4fc5-bcf4-0c7f24f7688a,4,110,110,10,1,1,1,False
45b12bca-084c-4292-8e4d-23407d6c4dd0,1,32.5,+32.5,6,1,0.5,0.5,False
45b12bca-084c-4292-8e4d-23407d6c4dd0,2,32.5,+32.5,5,1,1,1,False
45b12bca-084c-4292-8e4d-23407d6c4dd0,3,32.5,+32.5,4,1,1,1,False
45b12bca-084c-4292-8e4d-23407d6c4dd0,4,32.5,+32.5,5,0,0,0,False
8dbd6b82-d067-4fe4-bf2f-c78d17ff0803,1,155,155,10,1,1,1,False
8dbd6b82-d067-4fe4-bf2f-c78d17ff0803,2,155,155,9,1,1,1,False
8dbd6b82-d067-4fe4-bf2f-c78d17ff0803,3,155,155,8,1,1,1,False
14ce0a20-cadf-47f7-a225-b933f8fe4497,1,70,70,8,1,1,1,False
14ce0a20-cadf-47f7-a225-b933f8fe4497,2,70,70,8,1,1,1,False
14ce0a20-cadf-47f7-a225-b933f8fe4497,3,70,70,8,1,1,1,False
422f700e-1869-4154-a0e7-03fba383db2b,1,85,85,9,1,1,1,False
422f700e-1869-4154-a0e7-03fba383db2b,2,85,85,8,1,1,1,False
422f700e-1869-4154-a0e7-03fba383db2b,3,77.5,77.5,11,1,1,1,False
8281767f-0d05-48dd-8306-921dcd609e98,1,32.5,32.5,11,1,1,1,False
8281767f-0d05-48dd-8306-921dcd609e98,2,32.5,32.5,10,1,1,1,False
8281767f-0d05-48dd-8306-921dcd609e98,3,32.5,32.5,10,1,0.5,0.5,False
8281767f-0d05-48dd-8306-921dcd609e98,4,32.5,32.5,9,1,0.5,0.5,False
02713aea-402b-45b4-b96f-7cf9823932ff,1,25,25,13,1,1,1,False
02713aea-402b-45b4-b96f-7cf9823932ff,2,25,25,12,1,1,1,False
02713aea-402b-45b4-b96f-7cf9823932ff,3,25,25,11,1,1,1,False
02713aea-402b-45b4-b96f-7cf9823932ff,4,25,25,10,1,0.5,0.5,False
18ef5a59-7217-4f47-a324-a7dae41d1c86,1,317.5,317.5,7,1,1,1,False
18ef5a59-7217-4f47-a324-a7dae41d1c86,2,317.5,317.5,5,2,1.5,1.5,False
18ef5a59-7217-4f47-a324-a7dae41d1c86,3,295,295,5,1,1,1,False
08cf4584-4403-4719-9209-771d3491c60e,1,95,95,12,1,1,1,False
08cf4584-4403-4719-9209-771d3491c60e,2,95,95,11,1,1,1,False
08cf4584-4403-4719-9209-771d3491c60e,3,95,95,10,1,1,1,False
08cf4584-4403-4719-9209-771d3491c60e,4,85,85,14,1,1,1,False
ff3bd518-2c8d-4128-9c21-4274fee0bd61,1,192.5,192.5,13,1,0.5,0.5,False
ff3bd518-2c8d-4128-9c21-4274fee0bd61,2,192.5,192.5,11,1,1,1,False
ff3bd518-2c8d-4128-9c21-4274fee0bd61,3,192.5,192.5,11,1,0.5,0.5,False
d2a9de4c-673e-478f-9577-772a950b366d,1,75,75,10,1,1,1,False
d2a9de4c-673e-478f-9577-772a950b366d,2,75,75,9,1,1,1,False
d2a9de4c-673e-478f-9577-772a950b366d,3,75,75,8,1,1,1,False
0b5ffc4b-9406-49b7-ac22-766e693210fb,1,22.5,22.5,12,1,1,1,False
0b5ffc4b-9406-49b7-ac22-766e693210fb,2,22.5,22.5,12,1,1,1,False
0b5ffc4b-9406-49b7-ac22-766e693210fb,3,22.5,22.5,12,1,1,1,False
fd34f650-94ce-4136-a935-ff7518923ba6,1,20,+20,11,1,1,1,False
fd34f650-94ce-4136-a935-ff7518923ba6,2,20,+20,11,1,1,1,False
fd34f650-94ce-4136-a935-ff7518923ba6,3,20,+20,10,1,1,1,False
fd34f650-94ce-4136-a935-ff7518923ba6,4,12.5,+12.5,12,1,1,1,False
a326458d-2679-44b6-8873-f9fc9c9cc7ab,1,62.5,62.5,7,1,1,1,False
a326458d-2679-44b6-8873-f9fc9c9cc7ab,2,62.5,62.5,6,1,0.5,0.5,False
a326458d-2679-44b6-8873-f9fc9c9cc7ab,3,57.5,57.5,8,1,1,1,False
a326458d-2679-44b6-8873-f9fc9c9cc7ab,4,57.5,57.5,8,1,0.5,0.5,False
dac0f657-3343-4d80-9907-826f83b4a0cd,1,20,20,11,1,1,1,False
dac0f657-3343-4d80-9907-826f83b4a0cd,2,20,20,12,1,1,1,False
dac0f657-3343-4d80-9907-826f83b4a0cd,3,20,20,12,1,1,1,False
dac0f657-3343-4d80-9907-826f83b4a0cd,4,20,20,12,1,1,1,False
bc7e06c0-c309-47a9-a807-6be1fd7f74ec,1,165,165,10,1,1,1,False
bc7e06c0-c309-47a9-a807-6be1fd7f74ec,2,165,165,9,1,1,1,False
bc7e06c0-c309-47a9-a807-6be1fd7f74ec,3,165,165,9,1,1,1,False
d352795c-57fa-485a-b083-374104fa43a9,1,165,165,13,1,1,1,False
d352795c-57fa-485a-b083-374104fa43a9,2,165,165,12,1,1,1,False
d352795c-57fa-485a-b083-374104fa43a9,3,165,165,11,1,1,1,False
2ac9878b-db6b-496c-88e0-f960c8de981e,1,27.5,27.5,15,2,2,2,False
2ac9878b-db6b-496c-88e0-f960c8de981e,2,25,25,17,2,2,2,False
2ac9878b-db6b-496c-88e0-f960c8de981e,3,25,25,16,1,1,1,False
6340565c-6dcf-4987-8fc8-528d5f1357f4,1,222.5,222.5,9,1,1,1,False
6340565c-6dcf-4987-8fc8-528d5f1357f4,2,222.5,222.5,8,1,0.5,0.5,False
6340565c-6dcf-4987-8fc8-528d5f1357f4,3,207.5,207.5,10,1,0.5,0.5,False
a4f93423-bba7-4358-8f3a-0d9eb69fa3d4,1,22.5,22.5,11,1,1,1,False
a4f93423-bba7-4358-8f3a-0d9eb69fa3d4,2,22.5,22.5,10,1,1,1,False
a4f93423-bba7-4358-8f3a-0d9eb69fa3d4,3,22.5,22.5,10,1,1,1,False
a4f93423-bba7-4358-8f3a-0d9eb69fa3d4,4,20,20,14,1,0.5,0.5,False
330213e5-b34f-4d4f-a0cf-bbdbb24bff64,1,260,+260,8,1,1,1,False
330213e5-b34f-4d4f-a0cf-bbdbb24bff64,2,260,+260,7,1,1,1,False
330213e5-b34f-4d4f-a0cf-bbdbb24bff64,3,260,+260,7,1,1,1,False
318482f7-12b6-45e5-a6a1-b4b729a888a5,1,205,205,10,1,0.5,0.5,False
318482f7-12b6-45e5-a6a1-b4b729a888a5,2,205,205,9,1,1,1,False
318482f7-12b6-45e5-a6a1-b4b729a888a5,3,205,205,8,1,1,1,False
b9d4afa1-36ff-4548-8aff-0e871884e5bb,1,105,+105,11,1,1,1,False
b9d4afa1-36ff-4548-8aff-0e871884e5bb,2,105,+105,11,1,1,1,False
b9d4afa1-36ff-4548-8aff-0e871884e5bb,3,105,+105,11,1,1,1,False
b9d4afa1-36ff-4548-8aff-0e871884e5bb,4,105,+105,10,1,1,1,False
7a525032-5a7d-46c4-bb8c-cf136ac960e9,1,8.75,8.75,14,1,1,1,False
7a525032-5a7d-46c4-bb8c-cf136ac960e9,2,8.75,8.75,14,1,1,1,False
7a525032-5a7d-46c4-bb8c-cf136ac960e9,3,8.75,8.75,13,1,1,1,False
7a525032-5a7d-46c4-bb8c-cf136ac960e9,4,8.75,8.75,13,1,1,1,False
d8df9d2e-570a-4e4f-b7ce-56745d206e41,1,40,40,13,1,1,1,False
d8df9d2e-570a-4e4f-b7ce-56745d206e41,2,40,40,12,1,1,1,False
d8df9d2e-570a-4e4f-b7ce-56745d206e41,3,40,40,12,1,1,1,False
898e9058-ffbc-4cf5-ac8f-b83fd87919c0,1,35,35,11,1,1,1,False
898e9058-ffbc-4cf5-ac8f-b83fd87919c0,2,35,35,10,1,1,1,False
898e9058-ffbc-4cf5-ac8f-b83fd87919c0,3,32.5,32.5,12,1,1,1,False
06f9bd9e-9d69-4698-8806-6d8f95d61c13,1,65,+65,14,1,1,1,False
06f9bd9e-9d69-4698-8806-6d8f95d61c13,2,65,+65,14,1,1,1,False
06f9bd9e-9d69-4698-8806-6d8f95d61c13,3,65,+65,14,1,1,1,False
851f1803-08c5-4e25-919e-d179562dbf7f,1,132.5,132.5,11,1,1,1,False
851f1803-08c5-4e25-919e-d179562dbf7f,2,132.5,132.5,9,2,1.5,1.5,False
851f1803-08c5-4e25-919e-d179562dbf7f,3,132.5,132.5,8,1,1,1,False
851f1803-08c5-4e25-919e-d179562dbf7f,4,125,125,10,1,0.5,0.5,False
0de9028e-91bf-4608-aeed-00a9b325de10,1,35,35,13,1,1,1,False
0de9028e-91bf-4608-aeed-00a9b325de10,2,35,35,12,1,1,1,False
0de9028e-91bf-4608-aeed-00a9b325de10,3,35,35,11,1,1,1,False
0de9028e-91bf-4608-aeed-00a9b325de10,4,35,35,10,1,1,1,False
94445ac1-78ba-41ff-983f-65bef698e549,1,67.5,67.5,8,1,0.5,0.5,False
94445ac1-78ba-41ff-983f-65bef698e549,2,65,65,8,1,1,1,False
94445ac1-78ba-41ff-983f-65bef698e549,3,65,65,7,1,1,1,False
865e3d40-a930-4f2f-a3ee-90c8440a5aa0,1,80,80,11,1,1,1,False
865e3d40-a930-4f2f-a3ee-90c8440a5aa0,2,80,80,11,1,1,1,False
865e3d40-a930-4f2f-a3ee-90c8440a5aa0,3,80,80,12,1,1,1,False
913e6cdc-73dd-4601-9518-6090ad9f4cfb,1,257.5,257.5,10,1,1,1,False
913e6cdc-73dd-4601-9518-6090ad9f4cfb,2,257.5,257.5,10,1,1,1,False
913e6cdc-73dd-4601-9518-6090ad9f4cfb,3,257.5,257.5,9,1,1,1,False
a57f62c4-91f6-45e9-92df-a2f5c4da8549,1,97.5,97.5,10,1,1,1,False
a57f62c4-91f6-45e9-92df-a2f5c4da8549,2,97.5,97.5,8,1,0.5,0.5,False
a57f62c4-91f6-45e9-92df-a2f5c4da8549,3,92.5,92.5,9,1,1,1,False
a57f62c4-91f6-45e9-92df-a2f5c4da8549,4,92.5,92.5,9,0,0,0,False
bee237af-186f-4840-8016-7b2dfee14176,1,85,85,12,1,1,1,False
bee237af-186f-4840-8016-7b2dfee14176,2,85,85,12,1,1,1,False
bee237af-186f-4840-8016-7b2dfee14176,3,85,85,12,1,1,1,False
2ebfd6ff-8121-49c5-9418-2e97dfaac2fa,1,98,98,12,3,2.5,2.5,False
2ebfd6ff-8121-49c5-9418-2e97dfaac2fa,2,98,98,12,2,2,2,False
2ebfd6ff-8121-49c5-9418-2e97dfaac2fa,3,98,98,12,2,2,2,False
2ebfd6ff-8121-49c5-9418-2e97dfaac2fa,4,98,98,11,2,2,2,False
5544c2b8-4492-4017-8b21-ee993dbbfe97,1,35,+35,5,2,1.5,1.5,False
5544c2b8-4492-4017-8b21-ee993dbbfe97,2,35,+35,5,1,0.5,0.5,False
5544c2b8-4492-4017-8b21-ee993dbbfe97,3,35,+35,4,1,0.5,0.5,False
5544c2b8-4492-4017-8b21-ee993dbbfe97,4,20,+20,6,1,1,1,False
231d94a5-4d3a-4e36-9699-59b3459a180d,1,155,155,9,1,1,1,False
231d94a5-4d3a-4e36-9699-59b3459a180d,2,150,150,10,1,1,1,False
231d94a5-4d3a-4e36-9699-59b3459a180d,3,140,140,12,1,1,1,False
85e57ed3-a738-443d-972f-edee57dfe3ad,1,65,65,8,1,1,1,False
85e57ed3-a738-443d-972f-edee57dfe3ad,2,65,65,8,1,1,1,False
85e57ed3-a738-443d-972f-edee57dfe3ad,3,65,65,7,1,1,1,False
1d96c03f-e9c9-4700-90e7-1306c088b61a,1,82.5,82.5,10,1,1,1,False
1d96c03f-e9c9-4700-90e7-1306c088b61a,2,82.5,82.5,9,1,1,1,False
1d96c03f-e9c9-4700-90e7-1306c088b61a,3,82.5,82.5,8,1,0.5,0.5,False
23a264be-08d8-4236-86f7-25a8ffa79991,1,32.5,32.5,11,1,0.5,0.5,False
23a264be-08d8-4236-86f7-25a8ffa79991,2,32.5,32.5,10,1,0.5,0.5,False
23a264be-08d8-4236-86f7-25a8ffa79991,3,32.5,32.5,9,1,1,1,False
23a264be-08d8-4236-86f7-25a8ffa79991,4,32.5,32.5,8,1,1,1,False
9c29b998-70d5-4a97-9bc4-8747db917c89,1,27.5,27.5,8,1,1,1,False
9c29b998-70d5-4a97-9bc4-8747db917c89,2,25,25,11,1,1,1,False
9c29b998-70d5-4a97-9bc4-8747db917c89,3,25,25,9,1,1,1,False
9c29b998-70d5-4a97-9bc4-8747db917c89,4,25,25,9,1,0.5,0.5,False
5e64e890-e946-45ed-9c04-a65fb5a760f4,1,317.5,317.5,6,2,2,2,False
5e64e890-e946-45ed-9c04-a65fb5a760f4,2,317.5,317.5,6,2,2,2,False
5e64e890-e946-45ed-9c04-a65fb5a760f4,3,317.5,317.5,5,2,2,2,False
5e64e890-e946-45ed-9c04-a65fb5a760f4,4,317.5,317.5,4,2,2,2,False
7acad0f4-6cff-487b-b676-3d9561306d5a,1,90,90,13,2,2,2,False
7acad0f4-6cff-487b-b676-3d9561306d5a,2,90,90,12,2,2,2,False
7acad0f4-6cff-487b-b676-3d9561306d5a,3,90,90,10,2,2,2,False
7acad0f4-6cff-487b-b676-3d9561306d5a,4,82.5,82.5,14,2,1.5,1.5,False
44e279b8-7fd4-4c54-b39e-986508916306,1,185,185,12,2,2,2,False
44e279b8-7fd4-4c54-b39e-986508916306,2,185,185,11,2,2,2,False
44e279b8-7fd4-4c54-b39e-986508916306,3,185,185,10,2,2,2,False
8da1ee04-858a-4105-bdf2-fcca80d9e932,1,77.5,77.5,7,2,2,2,False
8da1ee04-858a-4105-bdf2-fcca80d9e932,2,77.5,77.5,6,2,2,2,False
8da1ee04-858a-4105-bdf2-fcca80d9e932,3,72.5,72.5,8,2,2,2,False
85122c8c-1a83-489d-b74f-adb332751ab5,1,22.5,22.5,10,2,2,2,False
85122c8c-1a83-489d-b74f-adb332751ab5,2,22.5,22.5,10,2,2,2,False
85122c8c-1a83-489d-b74f-adb332751ab5,3,22.5,22.5,10,2,2,2,False
504b0154-5c38-430b-857f-9fc9fdeec171,1,15,+15,12,2,2,2,False
504b0154-5c38-430b-857f-9fc9fdeec171,2,15,+15,12,2,2,2,False
504b0154-5c38-430b-857f-9fc9fdeec171,3,15,+15,11,2,2,2,False
504b0154-5c38-430b-857f-9fc9fdeec171,4,15,+15,9,2,2,2,False
49b69e57-0861-4463-8a2f-c50a2775a865,1,57.5,57.5,9,2,2,2,False
49b69e57-0861-4463-8a2f-c50a2775a865,2,57.5,57.5,8,2,2,2,False
49b69e57-0861-4463-8a2f-c50a2775a865,3,57.5,57.5,7,2,1.5,1.5,False
49b69e57-0861-4463-8a2f-c50a2775a865,4,57.5,57.5,6,2,2,2,False
8b9a9bed-0ba8-49e1-9ce1-438b628ed019,1,15,15,14,2,2,2,False
8b9a9bed-0ba8-49e1-9ce1-438b628ed019,2,17.5,17.5,14,2,2,2,False
8b9a9bed-0ba8-49e1-9ce1-438b628ed019,3,17.5,17.5,14,2,2,2,False
8b9a9bed-0ba8-49e1-9ce1-438b628ed019,4,17.5,17.5,15,2,2,2,False
2e837123-00bb-4a3e-87a4-341e8a5f7d94,1,150,150,11,2,2,2,False
2e837123-00bb-4a3e-87a4-341e8a5f7d94,2,150,150,12,2,2,2,False
2e837123-00bb-4a3e-87a4-341e8a5f7d94,3,150,150,11,2,2,2,False
be739f87-2c05-474d-92aa-0457447876eb,1,165,165,11,2,2,2,False
be739f87-2c05-474d-92aa-0457447876eb,2,165,165,10,2,2,2,False
be739f87-2c05-474d-92aa-0457447876eb,3,165,165,10,2,2,2,False
e112ff39-59d5-4342-8fcb-370bb00f1b4c,1,30,30,9,2,2,2,False
e112ff39-59d5-4342-8fcb-370bb00f1b4c,2,27.5,27.5,16,2,2,2,False
e112ff39-59d5-4342-8fcb-370bb00f1b4c,3,27.5,27.5,15,2,2,2,False
3a5185e3-cdab-48b8-aeda-fef5703847a1,1,207.5,207.5,10,2,2,2,False
3a5185e3-cdab-48b8-aeda-fef5703847a1,2,207.5,207.5,9,2,2,2,False
3a5185e3-cdab-48b8-aeda-fef5703847a1,3,207.5,207.5,9,2,1.5,1.5,False
23b00918-b936-4bc6-ac5b-3c77c0d36028,1,22.5,22.5,10,2,2,2,False
23b00918-b936-4bc6-ac5b-3c77c0d36028,2,20,20,14,2,2,2,False
23b00918-b936-4bc6-ac5b-3c77c0d36028,3,20,20,13,2,2,2,False
23b00918-b936-4bc6-ac5b-3c77c0d36028,4,20,20,12,2,1.5,1.5,False
f84303a4-5187-47ed-937b-85f0744f9efb,1,247.5,+247.5,8,2,2,2,False
f84303a4-5187-47ed-937b-85f0744f9efb,2,247.5,+247.5,7,2,2,2,False
f84303a4-5187-47ed-937b-85f0744f9efb,3,247.5,+247.5,7,2,2,2,False
06946828-9693-42f8-9a18-aa7a8d915e16,1,195,195,11,2,1.5,1.5,False
06946828-9693-42f8-9a18-aa7a8d915e16,2,195,195,10,2,2,2,False
06946828-9693-42f8-9a18-aa7a8d915e16,3,195,195,9,2,1.5,1.5,False
aa9ee562-3028-49e0-8480-6d9bbf1c4253,1,100,+100,10,2,2,2,False
aa9ee562-3028-49e0-8480-6d9bbf1c4253,2,100,+100,10,2,2,2,False
aa9ee562-3028-49e0-8480-6d9bbf1c4253,3,100,+100,10,2,2,2,False
aa9ee562-3028-49e0-8480-6d9bbf1c4253,4,100,+100,10,2,2,2,False
a7ecf628-d2a3-4239-ab46-5ef36bcba235,1,8.75,8.75,12,2,2,2,False
a7ecf628-d2a3-4239-ab46-5ef36bcba235,2,8.75,8.75,12,2,2,2,False
a7ecf628-d2a3-4239-ab46-5ef36bcba235,3,8.75,8.75,11,2,2,2,False
a7ecf628-d2a3-4239-ab46-5ef36bcba235,4,8.75,8.75,11,2,2,2,False
0cca1bcc-3f53-4c18-bdd7-401ab4277222,1,37.5,37.5,13,3,2.5,2.5,False
0cca1bcc-3f53-4c18-bdd7-401ab4277222,2,37.5,37.5,13,2,2,2,False
0cca1bcc-3f53-4c18-bdd7-401ab4277222,3,37.5,37.5,14,2,2,2,False
61558fc0-1528-420e-9c1e-d9fe94c3cb91,1,32.5,32.5,13,2,2,2,False
61558fc0-1528-420e-9c1e-d9fe94c3cb91,2,32.5,32.5,12,2,2,2,False
61558fc0-1528-420e-9c1e-d9fe94c3cb91,3,32.5,32.5,11,2,1.5,1.5,False
198a6bf5-3e67-4250-9a77-6e122cb63bbb,1,55,+55,17,2,2,2,False
198a6bf5-3e67-4250-9a77-6e122cb63bbb,2,55,+55,17,2,2,2,False
198a6bf5-3e67-4250-9a77-6e122cb63bbb,3,55,+55,17,2,2,2,False
2ab6513a-7308-4a84-9dcb-71b7254887c7,1,135,135,10,2,1.5,1.5,False
2ab6513a-7308-4a84-9dcb-71b7254887c7,2,135,135,7,2,2,2,False
2ab6513a-7308-4a84-9dcb-71b7254887c7,3,125,125,9,2,2,2,False
2ab6513a-7308-4a84-9dcb-71b7254887c7,4,125,125,9,2,2,2,False
feb0aa1e-5ab9-45ab-ad3a-048a98668edc,1,32.5,32.5,14,2,2,2,False
feb0aa1e-5ab9-45ab-ad3a-048a98668edc,2,32.5,32.5,14,2,2,2,False
feb0aa1e-5ab9-45ab-ad3a-048a98668edc,3,32.5,32.5,13,2,2,2,False
feb0aa1e-5ab9-45ab-ad3a-048a98668edc,4,32.5,32.5,12,2,2,2,False
28d9bccc-a5e8-4783-af4f-c7ddda32e63b,1,65,65,9,2,2,2,False
28d9bccc-a5e8-4783-af4f-c7ddda32e63b,2,65,65,8,2,2,2,False
28d9bccc-a5e8-4783-af4f-c7ddda32e63b,3,60,60,10,2,2,2,False
3cd64783-5069-4c70-9ca7-d9f41f54ceee,1,75,75,12,2,2,2,False
3cd64783-5069-4c70-9ca7-d9f41f54ceee,2,75,75,12,2,2,2,False
3cd64783-5069-4c70-9ca7-d9f41f54ceee,3,75,75,12,2,2,2,False
0bebe2d0-5b3b-49cd-bc06-b1574461b893,1,245,245,10,2,2,2,False
0bebe2d0-5b3b-49cd-bc06-b1574461b893,2,245,245,9,2,2,2,False
0bebe2d0-5b3b-49cd-bc06-b1574461b893,3,245,245,9,2,2,2,False
91757e6b-3388-4e56-8ca2-2b50df1bfcc1,1,90,90,11,3,2.5,2.5,False
91757e6b-3388-4e56-8ca2-2b50df1bfcc1,2,90,90,10,2,2,2,False
91757e6b-3388-4e56-8ca2-2b50df1bfcc1,3,90,90,10,2,2,2,False
91757e6b-3388-4e56-8ca2-2b50df1bfcc1,4,90,90,10,2,2,2,False
6d0b0538-cea2-4d5b-aec1-8601872a9e4c,1,80,80,13,2,2,2,False
6d0b0538-cea2-4d5b-aec1-8601872a9e4c,2,80,80,13,2,2,2,False
6d0b0538-cea2-4d5b-aec1-8601872a9e4c,3,80,80,13,2,2,2,False
06303c76-8b8c-41f0-9a8b-7ced82cb9641,1,25,+25,6,2,2,2,False
06303c76-8b8c-41f0-9a8b-7ced82cb9641,2,25,+25,5,2,2,2,False
06303c76-8b8c-41f0-9a8b-7ced82cb9641,3,25,+25,5,2,2,2,False
06303c76-8b8c-41f0-9a8b-7ced82cb9641,4,25,+25,5,1,1,1,False
8890ce39-b523-4396-a9b4-97bacee3bab2,1,145,145,11,2,2,2,False
8890ce39-b523-4396-a9b4-97bacee3bab2,2,145,145,11,2,2,2,False
8890ce39-b523-4396-a9b4-97bacee3bab2,3,145,145,10,2,1.5,1.5,False
b915bb97-5e77-4c0e-a646-7356477d2ff5,1,60,60,9,2,2,2,False
b915bb97-5e77-4c0e-a646-7356477d2ff5,2,60,60,9,2,2,2,False
b915bb97-5e77-4c0e-a646-7356477d2ff5,3,60,60,9,2,2,2,False
37c797ef-5583-4784-9bed-ca148d74c367,1,82.5,82.5,8,2,2,2,False
37c797ef-5583-4784-9bed-ca148d74c367,2,82.5,82.5,8,2,2,2,False
37c797ef-5583-4784-9bed-ca148d74c367,3,82.5,82.5,8,2,2,2,False
faefe0f7-a4aa-41f4-9da2-da3535de772d,1,32.5,32.5,9,2,2,2,False
faefe0f7-a4aa-41f4-9da2-da3535de772d,2,32.5,32.5,9,2,1.5,1.5,False
faefe0f7-a4aa-41f4-9da2-da3535de772d,3,30,30,11,2,2,2,False
faefe0f7-a4aa-41f4-9da2-da3535de772d,4,30,30,10,2,1.5,1.5,False
7440ea2a-24eb-421e-95da-47dd7c355c57,1,25,25,10,2,2,2,False
7440ea2a-24eb-421e-95da-47dd7c355c57,2,25,25,9,2,2,2,False
7440ea2a-24eb-421e-95da-47dd7c355c57,3,25,25,8,2,2,2,False
7440ea2a-24eb-421e-95da-47dd7c355c57,4,25,25,8,2,2,2,False
f9966fc7-ee6f-4cf8-954d-ac4c1fe70554,1,310,310,6,2,2,2,False
f9966fc7-ee6f-4cf8-954d-ac4c1fe70554,2,310,310,6,2,2,2,False
f9966fc7-ee6f-4cf8-954d-ac4c1fe70554,3,310,310,5,2,2,2,False
f9966fc7-ee6f-4cf8-954d-ac4c1fe70554,4,310,310,5,2,1.5,1.5,False
dc48fe46-3e44-4407-9395-167819cb22eb,1,90,90,13,2,2,2,False
dc48fe46-3e44-4407-9395-167819cb22eb,2,90,90,12,2,1.5,1.5,False
dc48fe46-3e44-4407-9395-167819cb22eb,3,90,90,10,2,2,2,False
dc48fe46-3e44-4407-9395-167819cb22eb,4,90,90,9,1,1,1,False
a4eba0b5-0e64-4877-86b1-410f8eed5388,1,190,190,10,2,2,2,False
a4eba0b5-0e64-4877-86b1-410f8eed5388,2,180,180,12,2,2,2,False
a4eba0b5-0e64-4877-86b1-410f8eed5388,3,180,180,11,1,1,1,False
804ccbab-630e-4f8c-97c1-397892d17e96,1,75,75,8,2,2,2,False
804ccbab-630e-4f8c-97c1-397892d17e96,2,75,75,7,2,2,2,False
804ccbab-630e-4f8c-97c1-397892d17e96,3,75,75,6,2,2,2,False
8588b1ba-2f85-4afd-a46b-27430bd0b662,1,22.5,22.5,9,2,2,2,False
8588b1ba-2f85-4afd-a46b-27430bd0b662,2,22.5,22.5,9,2,2,2,False
8588b1ba-2f85-4afd-a46b-27430bd0b662,3,22.5,22.5,9,2,2,2,False
4189dd84-40a9-4a2e-ac26-5f406ec52975,1,7.5,+7.5,15,2,2,2,False
4189dd84-40a9-4a2e-ac26-5f406ec52975,2,7.5,+7.5,14,2,2,2,False
4189dd84-40a9-4a2e-ac26-5f406ec52975,3,7.5,+7.5,12,2,2,2,False
4189dd84-40a9-4a2e-ac26-5f406ec52975,4,7.5,+7.5,11,2,2,2,False
be688878-8f7d-4e1d-a3f8-f065b7c8a342,1,60,60,7,2,2,2,False
be688878-8f7d-4e1d-a3f8-f065b7c8a342,2,60,60,6,2,1.5,1.5,False
be688878-8f7d-4e1d-a3f8-f065b7c8a342,3,57.5,57.5,7,2,1.5,1.5,False
be688878-8f7d-4e1d-a3f8-f065b7c8a342,4,57.5,57.5,6,2,2,2,False
fbf826d5-f8c8-4896-881e-e7298af9aa19,1,62.5,62.5,10,2,2,2,False
fbf826d5-f8c8-4896-881e-e7298af9aa19,2,62.5,62.5,9,1,0.5,0.5,False
fbf826d5-f8c8-4896-881e-e7298af9aa19,3,57.5,57.5,10,1,1,1,False
fbf826d5-f8c8-4896-881e-e7298af9aa19,4,57.5,57.5,9,2,1.5,1.5,False
f79f511d-1f3d-42de-b1cd-c9eecdfac118,1,150,150,10,2,2,2,False
f79f511d-1f3d-42de-b1cd-c9eecdfac118,2,150,150,10,2,2,2,False
f79f511d-1f3d-42de-b1cd-c9eecdfac118,3,150,150,10,2,2,2,False
45f50f8c-25cf-49ae-a836-f952eef35f3d,1,165,165,11,2,2,2,False
45f50f8c-25cf-49ae-a836-f952eef35f3d,2,165,165,10,2,1.5,1.5,False
45f50f8c-25cf-49ae-a836-f952eef35f3d,3,155,155,12,2,2,2,False
99e02dc7-7a4c-40d2-aca4-6e3972691f1a,1,30,30,13,2,2,2,False
99e02dc7-7a4c-40d2-aca4-6e3972691f1a,2,27.5,27.5,14,2,2,2,False
99e02dc7-7a4c-40d2-aca4-6e3972691f1a,3,27.5,27.5,13,2,2,2,False
970f55c0-16b8-40a1-b1ac-a23b4644b6e5,1,205,205,10,2,1.5,1.5,False
970f55c0-16b8-40a1-b1ac-a23b4644b6e5,2,205,205,9,2,1.5,1.5,False
970f55c0-16b8-40a1-b1ac-a23b4644b6e5,3,205,205,8,2,2,2,False
9dbc046b-11e5-4906-84e0-3a2bac9bf579,1,22.5,22.5,10,2,1.5,1.5,False
9dbc046b-11e5-4906-84e0-3a2bac9bf579,2,20,20,13,2,1.5,1.5,False
1736236e-c1fd-464b-a3e6-ea76dff7f384,1,242.5,+242.5,8,2,2,2,False
1736236e-c1fd-464b-a3e6-ea76dff7f384,2,242.5,+242.5,7,2,2,2,False
1736236e-c1fd-464b-a3e6-ea76dff7f384,3,242.5,+242.5,7,2,2,2,False
06d80d4e-88b1-4e91-bd4f-255b7eaa1f41,1,195,195,10,2,2,2,False
06d80d4e-88b1-4e91-bd4f-255b7eaa1f41,2,195,195,9,2,2,2,False
06d80d4e-88b1-4e91-bd4f-255b7eaa1f41,3,195,195,8,2,2,2,False
097542a6-4620-47a6-9cf8-189bbe200243,1,95,+95,10,2,2,2,False
097542a6-4620-47a6-9cf8-189bbe200243,2,95,+95,10,2,2,2,False
097542a6-4620-47a6-9cf8-189bbe200243,3,95,+95,10,2,2,2,False
097542a6-4620-47a6-9cf8-189bbe200243,4,95,+95,9,2,2,2,False
f6697d19-807b-4d21-a2e0-8af40061b379,1,7.5,7.5,12,2,2,2,False
f6697d19-807b-4d21-a2e0-8af40061b379,2,7.5,7.5,12,2,2,2,False
f6697d19-807b-4d21-a2e0-8af40061b379,3,7.5,7.5,12,2,2,2,False
f6697d19-807b-4d21-a2e0-8af40061b379,4,7.5,7.5,12,2,2,2,False
1ca12653-e592-456c-9846-8bceed1ec6e8,1,40,40,13,2,2,2,False
1ca12653-e592-456c-9846-8bceed1ec6e8,2,40,40,13,2,2,2,False
1ca12653-e592-456c-9846-8bceed1ec6e8,3,40,40,13,2,1.5,1.5,False
1f565be4-91e6-4735-ad0a-c96878603152,1,32.5,32.5,12,2,2,2,False
1f565be4-91e6-4735-ad0a-c96878603152,2,32.5,32.5,11,2,2,2,False
1f565be4-91e6-4735-ad0a-c96878603152,3,32.5,32.5,10,2,1.5,1.5,False
d44ee900-4f97-408b-86e6-eefb47f1ebdb,1,95,+95,19,2,2,2,False
d44ee900-4f97-408b-86e6-eefb47f1ebdb,2,95,+95,17,2,2,2,False
d44ee900-4f97-408b-86e6-eefb47f1ebdb,3,95,+95,15,2,2,2,False
89bb62eb-8d8b-4d50-be59-8b142562bfdb,1,130,130,11,2,2,2,False
89bb62eb-8d8b-4d50-be59-8b142562bfdb,2,130,130,10,2,2,2,False
89bb62eb-8d8b-4d50-be59-8b142562bfdb,3,130,130,7,2,2,2,False
89bb62eb-8d8b-4d50-be59-8b142562bfdb,4,120,120,11,2,1.5,1.5,False
7ddd3384-0646-4e6b-88da-3be4bdefeaba,1,30,30,15,2,2,2,False
7ddd3384-0646-4e6b-88da-3be4bdefeaba,2,32.5,32.5,13,2,2,2,False
7ddd3384-0646-4e6b-88da-3be4bdefeaba,3,32.5,32.5,12,2,2,2,False
7ddd3384-0646-4e6b-88da-3be4bdefeaba,4,32.5,32.5,11,2,2,2,False
b1160fe3-0876-4ab3-afd7-afc8edd0e41b,1,65,65,9,2,2,2,False
b1160fe3-0876-4ab3-afd7-afc8edd0e41b,2,65,65,7,2,2,2,False
b1160fe3-0876-4ab3-afd7-afc8edd0e41b,3,57.5,57.5,11,2,1.5,1.5,False
ec765e0e-6f7d-4cd4-a0b9-7056a40dedbe,1,75,75,11,2,2,2,False
ec765e0e-6f7d-4cd4-a0b9-7056a40dedbe,2,75,75,11,2,2,2,False
ec765e0e-6f7d-4cd4-a0b9-7056a40dedbe,3,75,75,11,2,2,2,False
095960c5-0081-4ff0-84e7-c576c46425e8,1,237.5,237.5,10,2,2,2,False
095960c5-0081-4ff0-84e7-c576c46425e8,2,237.5,237.5,9,2,2,2,False
095960c5-0081-4ff0-84e7-c576c46425e8,3,237.5,237.5,9,2,2,2,False
64b66e06-0a13-4095-81a2-1cbedd8b61d4,1,87.5,87.5,12,3,2.5,2.5,False
64b66e06-0a13-4095-81a2-1cbedd8b61d4,2,87.5,87.5,10,2,2,2,False
64b66e06-0a13-4095-81a2-1cbedd8b61d4,3,87.5,87.5,8,1,1,1,False
64b66e06-0a13-4095-81a2-1cbedd8b61d4,4,80,80,10,2,1.5,1.5,False
045cef16-dfde-4266-9373-962d99899908,1,80,80,12,2,2,2,False
045cef16-dfde-4266-9373-962d99899908,2,80,80,12,2,2,2,False
045cef16-dfde-4266-9373-962d99899908,3,80,80,12,2,2,2,False
829a0bc3-2ced-43fd-9615-110e518190e2,1,115,115,10,2,2,2,False
829a0bc3-2ced-43fd-9615-110e518190e2,2,115,115,9,2,2,2,False
829a0bc3-2ced-43fd-9615-110e518190e2,3,115,115,9,2,2,2,False
829a0bc3-2ced-43fd-9615-110e518190e2,4,115,115,8,2,2,2,False
8a923258-1f96-4341-9ec0-d6c7b2d06beb,1,22.5,+22.5,6,2,2,2,False
8a923258-1f96-4341-9ec0-d6c7b2d06beb,2,22.5,+22.5,5,2,2,2,False
8a923258-1f96-4341-9ec0-d6c7b2d06beb,3,22.5,+22.5,5,2,2,2,False
8a923258-1f96-4341-9ec0-d6c7b2d06beb,4,22.5,+22.5,5,2,1.5,1.5,False
87367434-7c1c-41a4-b82f-b0b0eb4dc36b,1,145,145,10,2,2,2,False
87367434-7c1c-41a4-b82f-b0b0eb4dc36b,2,145,145,10,2,2,2,False
87367434-7c1c-41a4-b82f-b0b0eb4dc36b,3,145,145,9,2,2,2,False
64239fcd-db9f-46c7-984b-d214e72d7059,1,57.5,57.5,8,2,2,2,False
64239fcd-db9f-46c7-984b-d214e72d7059,2,57.5,57.5,8,2,2,2,False
64239fcd-db9f-46c7-984b-d214e72d7059,3,57.5,57.5,9,2,2,2,False
15947a77-88d3-409c-8a80-1fe8955287b4,1,82.5,82.5,8,2,2,2,False
15947a77-88d3-409c-8a80-1fe8955287b4,2,82.5,82.5,8,2,2,2,False
15947a77-88d3-409c-8a80-1fe8955287b4,3,77.5,77.5,10,2,2,2,False
7ffac02e-303a-45a3-8854-ccb530ffc3f1,1,30,30,12,2,1.5,1.5,False
7ffac02e-303a-45a3-8854-ccb530ffc3f1,2,30,30,11,2,1.5,1.5,False
7ffac02e-303a-45a3-8854-ccb530ffc3f1,3,30,30,10,2,1.5,1.5,False
7ffac02e-303a-45a3-8854-ccb530ffc3f1,4,30,30,9,2,2,2,False
ad6a6b18-4c10-45bc-9645-e48076e6ec04,1,22.5,22.5,12,2,2,2,False
ad6a6b18-4c10-45bc-9645-e48076e6ec04,2,22.5,22.5,11,2,2,2,False
ad6a6b18-4c10-45bc-9645-e48076e6ec04,3,22.5,22.5,10,2,1.5,1.5,False
ad6a6b18-4c10-45bc-9645-e48076e6ec04,4,22.5,22.5,8,2,2,2,False
b6ed9077-a1a0-44c3-aa23-9c1c5f8a5c34,1,287.5,287.5,7,3,3,3,False
b6ed9077-a1a0-44c3-aa23-9c1c5f8a5c34,2,287.5,287.5,7,3,3,3,False
b6ed9077-a1a0-44c3-aa23-9c1c5f8a5c34,3,287.5,287.5,6,3,3,3,False
b6ed9077-a1a0-44c3-aa23-9c1c5f8a5c34,4,287.5,287.5,6,3,3,3,False
f7105114-c708-4897-a55f-b4c9cf4c823b,1,90,90,12,3,2.5,2.5,False
f7105114-c708-4897-a55f-b4c9cf4c823b,2,90,90,11,3,2.5,2.5,False
f7105114-c708-4897-a55f-b4c9cf4c823b,3,90,90,9,3,3,3,False
f7105114-c708-4897-a55f-b4c9cf4c823b,4,82.5,82.5,12,3,3,3,False
99d74a51-9de6-431a-a696-96602faeb2bb,1,185,185,11,3,2.5,2.5,False
99d74a51-9de6-431a-a696-96602faeb2bb,2,185,185,10,3,3,3,False
99d74a51-9de6-431a-a696-96602faeb2bb,3,177.5,177.5,10,3,3,3,False
e786a848-4889-49c5-b654-37bcea967e76,1,70,70,9,3,3,3,False
e786a848-4889-49c5-b654-37bcea967e76,2,70,70,8,3,3,3,False
e786a848-4889-49c5-b654-37bcea967e76,3,70,70,8,3,2.5,2.5,False
149495ed-cbe5-4695-b601-40aed4a1628c,1,85,+85,11,3,3,3,False
149495ed-cbe5-4695-b601-40aed4a1628c,2,85,+85,10,3,3,3,False
149495ed-cbe5-4695-b601-40aed4a1628c,3,70,+70,11,3,3,3,False
1cee7874-aa86-444e-b37a-12f54d337d3e,1,20,20,12,3,3,3,False
1cee7874-aa86-444e-b37a-12f54d337d3e,2,20,20,12,3,3,3,False
1cee7874-aa86-444e-b37a-12f54d337d3e,3,20,20,12,3,3,3,False
e3ad2397-6e99-4f8a-99a3-598e0bec2882,1,5,+5,14,3,3,3,False
e3ad2397-6e99-4f8a-99a3-598e0bec2882,2,5,+5,13,3,3,3,False
e3ad2397-6e99-4f8a-99a3-598e0bec2882,3,5,+5,12,3,3,3,False
e3ad2397-6e99-4f8a-99a3-598e0bec2882,4,5,+5,11,3,2.5,2.5,False
d958b9c3-9656-409b-8bd8-631957bfba1e,1,55,55,9,3,3,3,False
d958b9c3-9656-409b-8bd8-631957bfba1e,2,55,55,8,3,3,3,False
d958b9c3-9656-409b-8bd8-631957bfba1e,3,55,55,7,3,3,3,False
d958b9c3-9656-409b-8bd8-631957bfba1e,4,55,55,7,3,2.5,2.5,False
cd71d44a-cec0-4a2d-ad52-2d00f3001533,1,15,15,11,3,3,3,False
cd71d44a-cec0-4a2d-ad52-2d00f3001533,2,15,15,11,3,3,3,False
cd71d44a-cec0-4a2d-ad52-2d00f3001533,3,15,15,11,3,2.5,2.5,False
cd71d44a-cec0-4a2d-ad52-2d00f3001533,4,15,15,11,3,2.5,2.5,False
5492fdac-c69d-4e6b-884e-dbf21257ed28,1,142.5,142.5,10,3,3,3,False
5492fdac-c69d-4e6b-884e-dbf21257ed28,2,142.5,142.5,10,3,3,3,False
5492fdac-c69d-4e6b-884e-dbf21257ed28,3,142.5,142.5,10,3,2.5,2.5,False
d1e78b54-668b-4c97-a904-730f46723f6a,1,155,155,12,3,3,3,False
d1e78b54-668b-4c97-a904-730f46723f6a,2,150,150,12,3,3,3,False
d1e78b54-668b-4c97-a904-730f46723f6a,3,150,150,12,3,3,3,False
8b1856a6-dfab-445e-8198-292055c0d0d9,1,30,30,14,2,2,2,False
8b1856a6-dfab-445e-8198-292055c0d0d9,2,25,25,15,3,3,3,False
8b1856a6-dfab-445e-8198-292055c0d0d9,3,25,25,15,3,3,3,False
3e0ee886-1214-4ae8-8020-db95acb2bea3,1,195,195,10,3,3,3,False
3e0ee886-1214-4ae8-8020-db95acb2bea3,2,195,195,10,3,3,3,False
3e0ee886-1214-4ae8-8020-db95acb2bea3,3,195,195,10,3,2.5,2.5,False
fd6e81b0-c271-4a51-a2d0-3243587d478b,1,20,20,14,3,2.5,2.5,False
fd6e81b0-c271-4a51-a2d0-3243587d478b,2,20,20,13,3,2.5,2.5,False
fd6e81b0-c271-4a51-a2d0-3243587d478b,3,20,20,12,3,3,3,False
fd6e81b0-c271-4a51-a2d0-3243587d478b,4,20,20,10,3,3,3,False
e112e546-dc4d-446e-87ea-6e15f9c67be1,1,230,+230,8,3,3,3,False
e112e546-dc4d-446e-87ea-6e15f9c67be1,2,230,+230,8,3,3,3,False
e112e546-dc4d-446e-87ea-6e15f9c67be1,3,230,+230,8,3,3,3,False
4fe3d754-216c-4586-bbcf-8795b2bccf1c,1,187.5,187.5,10,3,2.5,2.5,False
4fe3d754-216c-4586-bbcf-8795b2bccf1c,2,187.5,187.5,9,3,3,3,False
4fe3d754-216c-4586-bbcf-8795b2bccf1c,3,187.5,187.5,8,3,3,3,False
beedf265-8b24-4b90-8687-bbb4f3cd5a6e,1,85,+85,10,3,3,3,False
beedf265-8b24-4b90-8687-bbb4f3cd5a6e,2,85,+85,10,3,3,3,False
beedf265-8b24-4b90-8687-bbb4f3cd5a6e,3,85,+85,10,3,3,3,False
beedf265-8b24-4b90-8687-bbb4f3cd5a6e,4,85,+85,9,3,3,3,False
062dce63-6576-4720-aecd-6bad375468f9,1,7.5,7.5,10,3,3,3,False
062dce63-6576-4720-aecd-6bad375468f9,2,7.5,7.5,10,3,3,3,False
062dce63-6576-4720-aecd-6bad375468f9,3,7.5,7.5,10,3,3,3,False
062dce63-6576-4720-aecd-6bad375468f9,4,7.5,7.5,9,3,3,3,False
0fc9438f-884b-4eaf-9838-765905ac500b,1,45,45,10,2,2,2,False
0fc9438f-884b-4eaf-9838-765905ac500b,2,40,40,14,3,3,3,False
0fc9438f-884b-4eaf-9838-765905ac500b,3,40,40,14,3,3,3,False
d766bac6-fbc8-4bda-bac0-b8c640eb9f67,1,30,30,13,3,3,3,False
d766bac6-fbc8-4bda-bac0-b8c640eb9f67,2,30,30,12,3,3,3,False
d766bac6-fbc8-4bda-bac0-b8c640eb9f67,3,30,30,11,3,2.5,2.5,False
6951f97b-197b-4c33-a893-baaa2e159621,1,105,+105,14,3,2.5,2.5,False
6951f97b-197b-4c33-a893-baaa2e159621,2,105,+105,13,3,3,3,False
6951f97b-197b-4c33-a893-baaa2e159621,3,105,+105,12,3,3,3,False
1773d915-f9b4-480e-809b-75605f1c71bf,1,132.5,132.5,9,3,3,3,False
1773d915-f9b4-480e-809b-75605f1c71bf,2,132.5,132.5,8,3,3,3,False
1773d915-f9b4-480e-809b-75605f1c71bf,3,122.5,122.5,10,3,3,3,False
1773d915-f9b4-480e-809b-75605f1c71bf,4,122.5,122.5,9,3,2.5,2.5,False
5d316b84-8784-4230-9fa9-e8ae49fe2efd,1,30,30,12,3,3,3,False
5d316b84-8784-4230-9fa9-e8ae49fe2efd,2,30,30,12,3,3,3,False
5d316b84-8784-4230-9fa9-e8ae49fe2efd,3,30,30,12,3,3,3,False
5d316b84-8784-4230-9fa9-e8ae49fe2efd,4,30,30,12,3,3,3,False
48a35b39-35ec-46a3-89e3-dd2253bd673a,1,62.5,62.5,10,3,3,3,False
48a35b39-35ec-46a3-89e3-dd2253bd673a,2,62.5,62.5,7,3,3,3,False
48a35b39-35ec-46a3-89e3-dd2253bd673a,3,57.5,57.5,9,3,3,3,False
c56d7e79-e505-418c-a6bb-1e4ed58104d2,1,100,100,7,2,2,2,False
c56d7e79-e505-418c-a6bb-1e4ed58104d2,2,90,90,8,1,0.5,0.5,False
c56d7e79-e505-418c-a6bb-1e4ed58104d2,3,75,75,10,3,2.5,2.5,False
aa0363af-8a19-4a4a-97f4-ce14102a9363,1,65,65,12,6,5+,6,False
aa0363af-8a19-4a4a-97f4-ce14102a9363,2,70,70,12,3,3,3,False
aa0363af-8a19-4a4a-97f4-ce14102a9363,3,70,70,12,3,3,3,False
2577b63a-cadd-48a1-bdc7-e21c7a424578,1,225,225,10,3,3,3,False
2577b63a-cadd-48a1-bdc7-e21c7a424578,2,225,225,10,3,2.5,2.5,False
2577b63a-cadd-48a1-bdc7-e21c7a424578,3,225,225,10,3,2.5,2.5,False
a9c38420-8af1-4ce5-a6be-d34c2652dc2c,1,70,70,12,6,5+,6,False
a9c38420-8af1-4ce5-a6be-d34c2652dc2c,2,75,75,12,3,3,3,False
a9c38420-8af1-4ce5-a6be-d34c2652dc2c,3,75,75,12,3,3,3,False
0080faaf-af8d-4a26-8f86-4376187efceb,1,110,110,10,3,3,3,False
0080faaf-af8d-4a26-8f86-4376187efceb,2,110,110,9,3,3,3,False
0080faaf-af8d-4a26-8f86-4376187efceb,3,110,110,9,3,3,3,False
0080faaf-af8d-4a26-8f86-4376187efceb,4,110,110,8,3,3,3,False
dcd2557a-a431-469b-9f63-7ef7f317551c,1,10,+10,7,3,3,3,False
dcd2557a-a431-469b-9f63-7ef7f317551c,2,10,+10,7,3,3,3,False
dcd2557a-a431-469b-9f63-7ef7f317551c,3,10,+10,6,3,3,3,False
dcd2557a-a431-469b-9f63-7ef7f317551c,4,10,+10,6,3,3,3,False
e08b0a57-0c73-417d-ab3a-9aab7d0237c7,1,150,150,9,3,3,3,False
e08b0a57-0c73-417d-ab3a-9aab7d0237c7,2,150,150,8,3,3,3,False
e08b0a57-0c73-417d-ab3a-9aab7d0237c7,3,150,150,7,3,3,3,False
0c48eda5-d772-4a96-8fad-3e43468e129a,1,55,55,8,3,3,3,False
0c48eda5-d772-4a96-8fad-3e43468e129a,2,55,55,8,3,3,3,False
0c48eda5-d772-4a96-8fad-3e43468e129a,3,55,55,8,3,3,3,False
669c2ad4-4cfe-4a40-b597-4465f77428e5,1,77.5,77.5,10,3,3,3,False
669c2ad4-4cfe-4a40-b597-4465f77428e5,2,77.5,77.5,9,3,3,3,False
669c2ad4-4cfe-4a40-b597-4465f77428e5,3,77.5,77.5,8,3,3,3,False
ff02ece6-0913-4873-845f-55e26b3c2349,1,30,30,10,3,3,3,False
ff02ece6-0913-4873-845f-55e26b3c2349,2,30,30,10,2,2,2,False
ff02ece6-0913-4873-845f-55e26b3c2349,3,30,30,9,3,2.5,2.5,False
ff02ece6-0913-4873-845f-55e26b3c2349,4,30,30,8,3,3,3,False
429ea8e0-73a7-4ee1-b590-2937d8d1fd30,1,25,25,9,0,0,0,False
429ea8e0-73a7-4ee1-b590-2937d8d1fd30,2,25,25,7,1,1,1,False
429ea8e0-73a7-4ee1-b590-2937d8d1fd30,3,22.5,22.5,8,2,2,2,False
429ea8e0-73a7-4ee1-b590-2937d8d1fd30,4,20,20,10,1,1,1,False
46b2f2f4-439b-46ac-957a-d1f13c1cea60,1,80,80,11,6,5+,6,False
46b2f2f4-439b-46ac-957a-d1f13c1cea60,2,80,80,11,6,5+,6,False
c969aca6-0a29-4ac6-a95d-c53cdb98397d,1,167.5,167.5,12,6,5+,6,False
c969aca6-0a29-4ac6-a95d-c53cdb98397d,2,167.5,167.5,11,6,5+,6,False
147627e2-5244-4cab-a607-f8188e09545f,1,45,45,12,6,5+,6,False
147627e2-5244-4cab-a607-f8188e09545f,2,45,45,11,6,5+,6,False
fec372dd-9795-4f27-980d-70b0a26ab759,1,152.5,152.5,10,6,5+,6,False
fec372dd-9795-4f27-980d-70b0a26ab759,2,152.5,152.5,10,5,4.5,4.5,False
55efb501-5c18-40f4-9de8-653c6d06d138,1,45,45,11,6,5+,6,False
55efb501-5c18-40f4-9de8-653c6d06d138,2,45,45,11,5,4.5,4.5,False
553d1bda-7469-4d80-bc6a-43a1a7d4080d,1,72.5,72.5,11,6,5+,6,False
553d1bda-7469-4d80-bc6a-43a1a7d4080d,2,72.5,72.5,10,6,5+,6,False
9a648536-b992-40ae-8321-d91ec2756d51,1,85,85,14,6,5+,6,False
9a648536-b992-40ae-8321-d91ec2756d51,2,85,85,14,6,5+,6,False
c76a4e6c-7e1b-4c14-b3e1-d4f2ddc64b86,1,285,285,7,6,5+,6,False
c76a4e6c-7e1b-4c14-b3e1-d4f2ddc64b86,2,285,285,7,6,5+,6,False
4bc4fe5a-e8ae-410e-b52a-90b22b0fa72e,1,62.5,62.5,9,6,5+,6,False
4bc4fe5a-e8ae-410e-b52a-90b22b0fa72e,2,62.5,62.5,8,6,5+,6,False
93ca6d8b-8dc9-4e90-bf2c-f9bcf174d070,1,145,145,10,6,5+,6,False
93ca6d8b-8dc9-4e90-bf2c-f9bcf174d070,2,145,145,10,4,4,4,False
148333d8-4ca7-43f4-a4f2-8475a8e6ce8f,1,77.5,77.5,7,5,4.5,4.5,False
148333d8-4ca7-43f4-a4f2-8475a8e6ce8f,2,77.5,77.5,6,6,5+,6,False
61ced632-89dc-4dd9-80dd-5c20d471a299,1,70,70,12,6,5+,6,False
61ced632-89dc-4dd9-80dd-5c20d471a299,2,70,70,11,6,5+,6,False
8809b415-568a-4c1d-b3b1-6ec1b94ced59,1,245,245,11,6,5+,6,False
8809b415-568a-4c1d-b3b1-6ec1b94ced59,2,245,245,11,6,5+,6,False
6d0a54c7-769c-406a-9b73-7acdf6d35e94,1,0,+0,12,6,5+,6,False
6d0a54c7-769c-406a-9b73-7acdf6d35e94,2,0,+0,12,6,5+,6,False
7f89db20-e2cd-4645-973b-cfdbbe897ae7,1,110,110,8,6,5+,6,False
7f89db20-e2cd-4645-973b-cfdbbe897ae7,2,110,110,8,4,4,4,False
f049870c-b069-49ba-8fec-87eb8966bbd2,1,55,55,10,6,5+,6,False
f049870c-b069-49ba-8fec-87eb8966bbd2,2,55,55,10,6,5+,6,False
cb14ee8e-798f-4be9-91ca-8b86cb6645c1,1,295,295,8,6,5+,6,False
cb14ee8e-798f-4be9-91ca-8b86cb6645c1,2,295,295,8,6,5+,6,False
19881279-82db-427c-9ebb-8bd84341cda2,1,137.5,137.5,9,6,5+,6,False
19881279-82db-427c-9ebb-8bd84341cda2,2,137.5,137.5,8,5,4.5,4.5,False
d5348267-48df-4f78-ad55-158e1efb453a,1,110,110,9,6,5+,6,False
d5348267-48df-4f78-ad55-158e1efb453a,2,110,110,9,5,4.5,4.5,False
b52e5c3e-8315-4787-a22b-52105b2e4cfc,1,37.5,37.5,10,6,5+,6,False
b52e5c3e-8315-4787-a22b-52105b2e4cfc,2,37.5,37.5,9,6,5+,6,False
49f93df7-80f9-4490-a1db-1d2100b84beb,1,80,80,12,6,5+,6,False
49f93df7-80f9-4490-a1db-1d2100b84beb,2,80,80,11,6,5+,6,False
07a121f3-9c18-489d-a841-fa6ee0e0964e,1,160,160,8,6,5+,6,False
07a121f3-9c18-489d-a841-fa6ee0e0964e,2,160,160,8,6,5+,6,False
8aa41138-6880-4971-9e41-732b0972077c,1,85,85,14,6,5+,6,False
8aa41138-6880-4971-9e41-732b0972077c,2,85,85,13,6,5+,6,False
29203af6-65c2-4645-825d-1b588347de2d,1,60,60,8,6,5+,6,False
29203af6-65c2-4645-825d-1b588347de2d,2,60,60,8,6,5+,6,False
348fc65d-2115-4d28-a321-99e8b4d19af6,1,27.5,27.5,12,6,5+,6,False
348fc65d-2115-4d28-a321-99e8b4d19af6,2,27.5,27.5,12,6,5+,6,False
41494b66-9d2d-4ebe-924d-1d1256e4f627,1,202.5,202.5,11,6,5+,6,False
41494b66-9d2d-4ebe-924d-1d1256e4f627,2,202.5,202.5,11,6,5+,6,False
8f9e2cd0-6f80-43d6-92f4-96e66bdb7bd3,1,90,90,10,6,5+,6,False
8f9e2cd0-6f80-43d6-92f4-96e66bdb7bd3,2,90,90,10,6,5+,6,False
b91966d0-ae1f-47ac-a28d-7c7ca9c34d3a,1,130,130,7,6,5+,6,False
b91966d0-ae1f-47ac-a28d-7c7ca9c34d3a,2,130,130,7,4,4,4,False
b91966d0-ae1f-47ac-a28d-7c7ca9c34d3a,3,130,130,6,6,5+,6,False
5dd9b62b-e18f-42d9-8706-3ea2f94b2b87,1,22.5,22.5,12,6,5+,6,False
5dd9b62b-e18f-42d9-8706-3ea2f94b2b87,2,20,20,17,6,5+,6,False
3d3c7ab3-ca62-4b93-ba88-85a1a296b775,1,182.5,182.5,8,6,5+,6,False
3d3c7ab3-ca62-4b93-ba88-85a1a296b775,2,182.5,182.5,8,6,5+,6,False
1b5cd27e-a2ff-44e4-bfab-bb772d462322,1,82.5,82.5,12,6,5+,6,False
1b5cd27e-a2ff-44e4-bfab-bb772d462322,2,82.5,82.5,12,6,5+,6,False
4b8e8916-8a15-4ccb-b32e-d4958f855a65,1,27.5,27.5,15,6,5+,6,False
4b8e8916-8a15-4ccb-b32e-d4958f855a65,2,27.5,27.5,14,6,5+,6,False
d48d24be-a7ed-4f0a-bbf9-79d4244b541c,1,27.5,27.5,13,6,5+,6,False
d48d24be-a7ed-4f0a-bbf9-79d4244b541c,2,27.5,27.5,13,6,5+,6,False
d8aa75b7-f468-4820-863d-ddea049d9ade,1,35,35,13,6,5+,6,False
d8aa75b7-f468-4820-863d-ddea049d9ade,2,35,35,13,6,5+,6,False
7d874a86-42b5-4261-ac23-e8928482e677,1,90,90,12,1,1,1,False
7d874a86-42b5-4261-ac23-e8928482e677,2,90,90,12,1,1,1,False
7d874a86-42b5-4261-ac23-e8928482e677,3,90,90,12,1,1,1,False
fa9f0564-2e19-475e-b7ca-cb258a506fbd,1,180,180,13,1,1,1,False
fa9f0564-2e19-475e-b7ca-cb258a506fbd,2,180,180,12,1,1,1,False
fa9f0564-2e19-475e-b7ca-cb258a506fbd,3,180,180,11,1,0.5,0.5,False
ed6f3d94-886c-49da-9552-a471b87e4789,1,52.5,52.5,10,1,0.5,0.5,False
ed6f3d94-886c-49da-9552-a471b87e4789,2,52.5,52.5,8,1,1,1,False
ed6f3d94-886c-49da-9552-a471b87e4789,3,50,50,8,2,1.5,1.5,False
ed6f3d94-886c-49da-9552-a471b87e4789,4,50,50,9,1,0.5,0.5,False
37ce4d03-d11a-41e7-8c4a-f2ef0f0a1a06,1,167.5,167.5,11,1,1,1,False
37ce4d03-d11a-41e7-8c4a-f2ef0f0a1a06,2,167.5,167.5,10,1,1,1,False
37ce4d03-d11a-41e7-8c4a-f2ef0f0a1a06,3,167.5,167.5,9,1,0.5,0.5,False
0f25181e-3396-43e2-9ef7-2bed18c678d2,1,52.5,52.5,10,1,0.5,0.5,False
0f25181e-3396-43e2-9ef7-2bed18c678d2,2,52.5,52.5,9,1,0.5,0.5,False
0f25181e-3396-43e2-9ef7-2bed18c678d2,3,52.5,52.5,8,0,0,0,False
6a52aab2-580a-45bf-a495-b4cdbf69da3e,1,75,75,13,1,1,1,False
6a52aab2-580a-45bf-a495-b4cdbf69da3e,2,75,75,12,1,1,1,False
6a52aab2-580a-45bf-a495-b4cdbf69da3e,3,75,75,13,1,0.5,0.5,False
46fe9a0a-57a2-4f96-be0b-fb32804d2ca7,1,95,95,16,1,1,1,False
46fe9a0a-57a2-4f96-be0b-fb32804d2ca7,2,95,95,12,1,1,1,False
46fe9a0a-57a2-4f96-be0b-fb32804d2ca7,3,90,90,13,1,0.5,0.5,False
768a80b8-2d76-4f69-8df6-9b6dbbfd877b,1,315,315,8,1,1,1,False
768a80b8-2d76-4f69-8df6-9b6dbbfd877b,2,315,315,6,2,1.5,1.5,False
768a80b8-2d76-4f69-8df6-9b6dbbfd877b,3,315,315,6,1,1,1,False
768a80b8-2d76-4f69-8df6-9b6dbbfd877b,4,315,315,5,1,0.5,0.5,False
bcb0aa29-2cb8-4984-9b01-59ba70c53436,1,70,70,8,1,0.5,0.5,False
bcb0aa29-2cb8-4984-9b01-59ba70c53436,2,70,70,8,1,0.5,0.5,False
bcb0aa29-2cb8-4984-9b01-59ba70c53436,3,70,70,8,1,0.5,0.5,False
0572fee4-c1ae-470d-96d7-3084668853d2,1,170,170,9,1,1,1,False
0572fee4-c1ae-470d-96d7-3084668853d2,2,170,170,8,1,0.5,0.5,False
0572fee4-c1ae-470d-96d7-3084668853d2,3,160,160,9,1,1,1,False
0572fee4-c1ae-470d-96d7-3084668853d2,4,160,160,8,1,1,1,False
417c405c-ecad-4407-9453-b4cd9450267b,1,90,90,6,1,0.5,0.5,False
417c405c-ecad-4407-9453-b4cd9450267b,2,90,90,4,1,0.5,0.5,False
417c405c-ecad-4407-9453-b4cd9450267b,3,82.5,82.5,7,1,1,1,False
417c405c-ecad-4407-9453-b4cd9450267b,4,82.5,82.5,7,1,0.5,0.5,False
1ac4f656-cb30-454e-8a86-dec3a5fcf4e2,1,82.5,82.5,10,1,0.5,0.5,False
1ac4f656-cb30-454e-8a86-dec3a5fcf4e2,2,77.5,77.5,12,1,1,1,False
1ac4f656-cb30-454e-8a86-dec3a5fcf4e2,3,77.5,77.5,10,1,1,1,False
1ac4f656-cb30-454e-8a86-dec3a5fcf4e2,4,75,75,10,1,1,1,False
6348d060-0bb8-4934-b831-d2a6ac143270,1,7.5,+7.5,13,1,1,1,False
6348d060-0bb8-4934-b831-d2a6ac143270,2,7.5,+7.5,11,1,1,1,False
6348d060-0bb8-4934-b831-d2a6ac143270,3,7.5,+7.5,10,1,0.5,0.5,False
6f0cb757-f498-491f-8199-b97afde79149,1,122.5,122.5,8,1,1,1,False
6f0cb757-f498-491f-8199-b97afde79149,2,122.5,122.5,7,1,1,1,False
6f0cb757-f498-491f-8199-b97afde79149,3,122.5,122.5,6,1,1,1,False
6f0cb757-f498-491f-8199-b97afde79149,4,117.5,117.5,8,0,0,0,False
53c38d8a-5e6d-43ab-aef4-879f21dfa64d,1,65,65,8,1,1,1,False
53c38d8a-5e6d-43ab-aef4-879f21dfa64d,2,65,65,6,1,1,1,False
53c38d8a-5e6d-43ab-aef4-879f21dfa64d,3,65,65,6,1,1,1,False
53c38d8a-5e6d-43ab-aef4-879f21dfa64d,4,65,65,5,1,0.5,0.5,False
685037bc-fa48-4d13-b163-855eae1e2020,1,342.5,342.5,8,1,1,1,False
685037bc-fa48-4d13-b163-855eae1e2020,2,342.5,342.5,8,1,1,1,False
685037bc-fa48-4d13-b163-855eae1e2020,3,342.5,342.5,7,1,1,1,False
685037bc-fa48-4d13-b163-855eae1e2020,4,342.5,342.5,7,1,1,1,False
af099410-1f7e-4704-9e33-075b98640308,1,155,155,8,1,1,1,False
af099410-1f7e-4704-9e33-075b98640308,2,155,155,7,1,1,1,False
af099410-1f7e-4704-9e33-075b98640308,3,155,155,7,1,1,1,False
af099410-1f7e-4704-9e33-075b98640308,4,155,155,7,1,1,1,False
fa742b84-603f-4ae2-b5a2-e15f619364aa,1,127.5,127.5,8,1,1,1,False
fa742b84-603f-4ae2-b5a2-e15f619364aa,2,127.5,127.5,6,1,1,1,False
fa742b84-603f-4ae2-b5a2-e15f619364aa,3,117.5,117.5,8,1,1,1,False
136f3074-54b2-4d6d-8800-9ce3bfb3950c,1,40,40,11,1,1,1,False
136f3074-54b2-4d6d-8800-9ce3bfb3950c,2,40,40,11,1,1,1,False
136f3074-54b2-4d6d-8800-9ce3bfb3950c,3,40,40,10,1,1,1,False
2152c6d8-9f67-4960-bea0-368e4b2e13ca,1,95,95,11,2,1.5,1.5,False
2152c6d8-9f67-4960-bea0-368e4b2e13ca,2,95,95,11,1,1,1,False
2152c6d8-9f67-4960-bea0-368e4b2e13ca,3,95,95,11,1,1,1,False
e14a85a3-27bb-4f89-9802-917cb51c6176,1,182.5,182.5,8,1,1,1,False
e14a85a3-27bb-4f89-9802-917cb51c6176,2,182.5,182.5,7,1,0.5,0.5,False
e14a85a3-27bb-4f89-9802-917cb51c6176,3,182.5,182.5,6,1,0.5,0.5,False
86fec016-1bd8-4311-a326-cefda63838cd,1,92.5,92.5,15,1,1,1,False
86fec016-1bd8-4311-a326-cefda63838cd,2,92.5,92.5,14,1,0.5,0.5,False
86fec016-1bd8-4311-a326-cefda63838cd,3,92.5,92.5,12,1,1,1,False
c32ec7e1-950b-469d-b552-624c6e67b4c8,1,65,65,9,1,1,1,False
c32ec7e1-950b-469d-b552-624c6e67b4c8,2,65,65,8,1,1,1,False
c32ec7e1-950b-469d-b552-624c6e67b4c8,3,65,65,8,1,1,1,False
aae89c70-e572-44c6-bb8c-629edb33e19b,1,30,30,12,1,1,1,False
aae89c70-e572-44c6-bb8c-629edb33e19b,2,30,30,12,1,1,1,False
aae89c70-e572-44c6-bb8c-629edb33e19b,3,30,30,12,1,0.5,0.5,False
1daf0908-6c10-41c1-ac09-81b90566447d,1,230,230,10,1,1,1,False
1daf0908-6c10-41c1-ac09-81b90566447d,2,230,230,10,1,0.5,0.5,False
1daf0908-6c10-41c1-ac09-81b90566447d,3,230,230,9,1,1,1,False
e15f90cd-d9b5-4ac3-8b9b-61a679e7c8cc,1,100,100,11,1,1,1,False
e15f90cd-d9b5-4ac3-8b9b-61a679e7c8cc,2,100,100,10,1,0.5,0.5,False
e15f90cd-d9b5-4ac3-8b9b-61a679e7c8cc,3,100,100,8,1,0.5,0.5,False
cb534753-9f8a-4209-a460-411059940268,1,147.5,147.5,6,1,0.5,0.5,False
cb534753-9f8a-4209-a460-411059940268,2,147.5,147.5,4,1,0.5,0.5,False
cb534753-9f8a-4209-a460-411059940268,3,132.5,132.5,7,1,1,1,False
cb534753-9f8a-4209-a460-411059940268,4,132.5,132.5,8,1,0.5,0.5,False
412e6d2c-89eb-4f4e-84bb-f541eeb9bf11,1,22.5,22.5,15,1,1,1,False
412e6d2c-89eb-4f4e-84bb-f541eeb9bf11,2,25,25,11,1,1,1,False
412e6d2c-89eb-4f4e-84bb-f541eeb9bf11,3,25,25,11,1,1,1,False
783cae37-bb60-4c09-a8ab-5fc7208df891,1,200,200,8,2,1.5,1.5,False
783cae37-bb60-4c09-a8ab-5fc7208df891,2,200,200,8,1,1,1,False
783cae37-bb60-4c09-a8ab-5fc7208df891,3,200,200,8,1,1,1,False
783cae37-bb60-4c09-a8ab-5fc7208df891,4,200,200,9,0,0,0,False
04c3b4ae-fbb9-48c7-8295-1227e6587134,1,97.5,97.5,11,1,0.5,0.5,False
04c3b4ae-fbb9-48c7-8295-1227e6587134,2,97.5,97.5,9,1,0.5,0.5,False
04c3b4ae-fbb9-48c7-8295-1227e6587134,3,90,90,12,1,1,1,False
04c3b4ae-fbb9-48c7-8295-1227e6587134,4,90,90,10,1,0.5,0.5,False
ee08ebb6-e462-4c5d-a863-028b06925344,1,35,35,9,1,1,1,False
ee08ebb6-e462-4c5d-a863-028b06925344,2,35,35,8,1,1,1,False
ee08ebb6-e462-4c5d-a863-028b06925344,3,35,35,9,0,0,0,False
1f15014a-0ad0-4368-b2cd-52406b36d184,1,30,30,15,1,1,1,False
1f15014a-0ad0-4368-b2cd-52406b36d184,2,30,30,13,1,1,1,False
1f15014a-0ad0-4368-b2cd-52406b36d184,3,30,30,12,1,1,1,False
1f15014a-0ad0-4368-b2cd-52406b36d184,4,30,30,12,1,0.5,0.5,False
64c8b3ed-a987-430b-8c24-4ff6d8dcc0b9,1,40,40,11,1,1,1,False
64c8b3ed-a987-430b-8c24-4ff6d8dcc0b9,2,40,40,11,1,1,1,False
64c8b3ed-a987-430b-8c24-4ff6d8dcc0b9,3,40,40,10,1,1,1,False
7fa5ed73-849f-441d-b444-bc2a0febebf5,1,93,93,10,1,1,1,False
7fa5ed73-849f-441d-b444-bc2a0febebf5,2,93,93,10,1,1,1,False
7fa5ed73-849f-441d-b444-bc2a0febebf5,3,93,93,10,1,1,1,False
2b7ff2cc-8e01-473f-b01c-9ff30dbbc1f3,1,177.5,177.5,12,1,1,1,False
2b7ff2cc-8e01-473f-b01c-9ff30dbbc1f3,2,177.5,177.5,12,1,1,1,False
2b7ff2cc-8e01-473f-b01c-9ff30dbbc1f3,3,177.5,177.5,11,1,1,1,False
82684dda-8a37-4d89-9694-76c864898946,1,52.5,52.5,10,1,1,1,False
82684dda-8a37-4d89-9694-76c864898946,2,52.5,52.5,9,1,0.5,0.5,False
82684dda-8a37-4d89-9694-76c864898946,3,52.5,52.5,7,1,0.5,0.5,False
82684dda-8a37-4d89-9694-76c864898946,4,47.5,47.5,9,1,1,1,False
b9531ef1-5574-4cdd-9587-ba3c8a7d07ad,1,165,165,11,1,1,1,False
b9531ef1-5574-4cdd-9587-ba3c8a7d07ad,2,165,165,10,1,1,1,False
b9531ef1-5574-4cdd-9587-ba3c8a7d07ad,3,165,165,9,1,0.5,0.5,False
785d5d25-eccc-4e62-8e6f-177c131a81a0,1,50,50,10,1,1,1,False
785d5d25-eccc-4e62-8e6f-177c131a81a0,2,50,50,9,1,1,1,False
785d5d25-eccc-4e62-8e6f-177c131a81a0,3,50,50,8,1,1,1,False
5910c4e8-a4d4-456f-8406-91132ffeb596,1,72.5,72.5,13,2,1.5,1.5,False
5910c4e8-a4d4-456f-8406-91132ffeb596,2,72.5,72.5,13,1,1,1,False
5910c4e8-a4d4-456f-8406-91132ffeb596,3,72.5,72.5,13,1,1,1,False
a65850c7-2ee1-4d6a-ae82-68d8b4fab612,1,95,95,15,1,1,1,False
a65850c7-2ee1-4d6a-ae82-68d8b4fab612,2,95,95,13,1,1,1,False
a65850c7-2ee1-4d6a-ae82-68d8b4fab612,3,90,90,13,1,1,1,False
fb8b0798-c03c-45ab-95a7-815472bfe8e1,1,312.5,312.5,7,2,1.5,1.5,False
fb8b0798-c03c-45ab-95a7-815472bfe8e1,2,312.5,312.5,6,2,2,2,False
fb8b0798-c03c-45ab-95a7-815472bfe8e1,3,312.5,312.5,5,2,2,2,False
fb8b0798-c03c-45ab-95a7-815472bfe8e1,4,312.5,312.5,4,2,1.5,1.5,False
2f423f00-3ff4-4bab-9a49-026826939462,1,65,65,9,1,1,1,False
2f423f00-3ff4-4bab-9a49-026826939462,2,65,65,9,1,1,1,False
2f423f00-3ff4-4bab-9a49-026826939462,3,65,65,9,1,1,1,False
b05f4d41-3996-4059-b035-b8e8116229d2,1,157.5,157.5,11,2,2,2,False
b05f4d41-3996-4059-b035-b8e8116229d2,2,157.5,157.5,10,2,1.5,1.5,False
b05f4d41-3996-4059-b035-b8e8116229d2,3,157.5,157.5,9,1,1,1,False
b05f4d41-3996-4059-b035-b8e8116229d2,4,157.5,157.5,8,2,1.5,1.5,False
38f27ad8-2b25-4003-975d-b4d92e9b0746,1,87.5,87.5,6,2,1.5,1.5,False
38f27ad8-2b25-4003-975d-b4d92e9b0746,2,87.5,87.5,5,2,2,2,False
38f27ad8-2b25-4003-975d-b4d92e9b0746,3,87.5,87.5,5,1,1,1,False
38f27ad8-2b25-4003-975d-b4d92e9b0746,4,87.5,87.5,4,2,2,2,False
a10bbfa9-2448-4dfc-aa9b-075b9641fa54,1,80,80,10,2,1.5,1.5,False
a10bbfa9-2448-4dfc-aa9b-075b9641fa54,2,75,75,12,2,2,2,False
a10bbfa9-2448-4dfc-aa9b-075b9641fa54,3,75,75,11,2,2,2,False
a10bbfa9-2448-4dfc-aa9b-075b9641fa54,4,75,75,10,2,1.5,1.5,False
13d6c8b5-de8d-44a8-9c07-268b22ff6039,1,6.25,+6.25,12,2,2,2,False
13d6c8b5-de8d-44a8-9c07-268b22ff6039,2,6.25,+6.25,10,2,2,2,False
13d6c8b5-de8d-44a8-9c07-268b22ff6039,3,5,+5,10,2,1.5,1.5,False
2cd5c391-32b9-4408-857d-852dec841d31,1,127.5,127.5,6,1,0.5,0.5,False
2cd5c391-32b9-4408-857d-852dec841d31,2,122.5,122.5,6,1,1,1,False
2cd5c391-32b9-4408-857d-852dec841d31,3,120,120,6,1,1,1,False
2cd5c391-32b9-4408-857d-852dec841d31,4,120,120,6,1,0.5,0.5,False
03caf8f2-3332-4fd6-86c8-b3cdb10a2377,1,65,65,8,1,0.5,0.5,False
03caf8f2-3332-4fd6-86c8-b3cdb10a2377,2,65,65,7,1,0.5,0.5,False
03caf8f2-3332-4fd6-86c8-b3cdb10a2377,3,65,65,6,1,0.5,0.5,False
03caf8f2-3332-4fd6-86c8-b3cdb10a2377,4,65,65,5,1,1,1,False
03caf8f2-3332-4fd6-86c8-b3cdb10a2377,5,60,60,8,1,1,1,False
035b1c01-e835-4806-aa05-a4e75b8cc036,1,340,340,8,1,1,1,False
035b1c01-e835-4806-aa05-a4e75b8cc036,2,340,340,8,1,1,1,False
035b1c01-e835-4806-aa05-a4e75b8cc036,3,340,340,7,1,1,1,False
035b1c01-e835-4806-aa05-a4e75b8cc036,4,340,340,7,1,1,1,False
d2d3f1fc-af04-4eed-aa3e-bb002d5dcf23,1,152.5,152.5,8,1,1,1,False
d2d3f1fc-af04-4eed-aa3e-bb002d5dcf23,2,152.5,152.5,7,1,1,1,False
d2d3f1fc-af04-4eed-aa3e-bb002d5dcf23,3,152.5,152.5,7,1,1,1,False
d2d3f1fc-af04-4eed-aa3e-bb002d5dcf23,4,152.5,152.5,6,1,1,1,False
fe483a8d-b09c-4304-b447-06bd948ccea2,1,122.5,122.5,9,1,1,1,False
fe483a8d-b09c-4304-b447-06bd948ccea2,2,122.5,122.5,8,1,1,1,False
fe483a8d-b09c-4304-b447-06bd948ccea2,3,122.5,122.5,6,1,1,1,False
19ad41a4-482f-449b-9d38-314e2d1e35ff,1,40,40,10,1,1,1,False
19ad41a4-482f-449b-9d38-314e2d1e35ff,2,40,40,10,1,1,1,False
19ad41a4-482f-449b-9d38-314e2d1e35ff,3,40,40,9,1,1,1,False
a3395f4e-9f53-4565-969b-4c27efcde0d9,1,90,90,12,1,1,1,False
a3395f4e-9f53-4565-969b-4c27efcde0d9,2,90,90,12,1,1,1,False
a3395f4e-9f53-4565-969b-4c27efcde0d9,3,90,90,11,1,1,1,False
d691ad58-f42d-4036-915c-387441194e2d,1,177.5,177.5,9,1,1,1,False
d691ad58-f42d-4036-915c-387441194e2d,2,177.5,177.5,8,1,0.5,0.5,False
d691ad58-f42d-4036-915c-387441194e2d,3,177.5,177.5,6,1,1,1,False
d48ceed9-e80c-4dcd-9d37-6ff5dd3a5ab0,1,97.5,97.5,12,1,1,1,False
d48ceed9-e80c-4dcd-9d37-6ff5dd3a5ab0,2,97.5,97.5,11,1,1,1,False
d48ceed9-e80c-4dcd-9d37-6ff5dd3a5ab0,3,97.5,97.5,10,1,0.5,0.5,False
14c1744f-9cd0-4757-88cd-ca5c32243f10,1,65,65,8,1,1,1,False
14c1744f-9cd0-4757-88cd-ca5c32243f10,2,65,65,8,1,0.5,0.5,False
14c1744f-9cd0-4757-88cd-ca5c32243f10,3,65,65,7,1,1,1,False
977bdcd3-b22b-46a8-9c4f-2b511395bd28,1,27.5,27.5,14,1,1,1,False
977bdcd3-b22b-46a8-9c4f-2b511395bd28,2,27.5,27.5,14,1,1,1,False
977bdcd3-b22b-46a8-9c4f-2b511395bd28,3,27.5,27.5,13,1,1,1,False
8d6342a4-5595-4468-8782-9db79af528ae,1,217.5,217.5,10,1,1,1,False
8d6342a4-5595-4468-8782-9db79af528ae,2,217.5,217.5,10,1,1,1,False
8d6342a4-5595-4468-8782-9db79af528ae,3,217.5,217.5,10,1,1,1,False
0cfd798d-7498-478d-8938-afd99fe96dff,1,102.5,102.5,10,1,1,1,False
0cfd798d-7498-478d-8938-afd99fe96dff,2,102.5,102.5,9,1,1,1,False
0cfd798d-7498-478d-8938-afd99fe96dff,3,102.5,102.5,7,1,1,1,False
a1e0716d-69a4-4690-8c58-f5ccd0dc4c52,1,142.5,142.5,7,1,1,1,False
a1e0716d-69a4-4690-8c58-f5ccd0dc4c52,2,142.5,142.5,6,1,0.5,0.5,False
a1e0716d-69a4-4690-8c58-f5ccd0dc4c52,3,142.5,142.5,5,1,1,1,False
a1e0716d-69a4-4690-8c58-f5ccd0dc4c52,4,142.5,142.5,5,1,1,1,False
6ada34f1-1440-4a6f-a402-c8c10863a79d,1,22.5,22.5,11,1,1,1,False
6ada34f1-1440-4a6f-a402-c8c10863a79d,2,22.5,22.5,11,1,1,1,False
6ada34f1-1440-4a6f-a402-c8c10863a79d,3,22.5,22.5,10,1,1,1,False
ee0a973b-5c42-41bb-b45e-2c5ccfa15ef0,1,195,195,8,1,1,1,False
ee0a973b-5c42-41bb-b45e-2c5ccfa15ef0,2,195,195,8,1,1,1,False
ee0a973b-5c42-41bb-b45e-2c5ccfa15ef0,3,195,195,8,1,1,1,False
ee0a973b-5c42-41bb-b45e-2c5ccfa15ef0,4,195,195,8,1,1,1,False
42ea1e3e-6cfe-4887-bc4b-d71435d7947b,1,92.5,92.5,13,1,1,1,False
42ea1e3e-6cfe-4887-bc4b-d71435d7947b,2,92.5,92.5,12,1,0.5,0.5,False
42ea1e3e-6cfe-4887-bc4b-d71435d7947b,3,92.5,92.5,11,1,0.5,0.5,False
42ea1e3e-6cfe-4887-bc4b-d71435d7947b,4,92.5,92.5,10,1,1,1,False
063638a0-fa61-450e-ba38-a6ba0a650c87,1,32.5,32.5,12,1,0.5,0.5,False
063638a0-fa61-450e-ba38-a6ba0a650c87,2,30,30,13,2,1.5,1.5,False
063638a0-fa61-450e-ba38-a6ba0a650c87,3,30,30,12,2,1.5,1.5,False
804a668f-9029-4ac2-be61-7b2d9cb0cbd9,1,30,30,12,1,1,1,False
804a668f-9029-4ac2-be61-7b2d9cb0cbd9,2,30,30,11,1,1,1,False
804a668f-9029-4ac2-be61-7b2d9cb0cbd9,3,30,30,10,2,1.5,1.5,False
804a668f-9029-4ac2-be61-7b2d9cb0cbd9,4,30,30,10,1,1,1,False
fd10ba46-5c1f-4128-9516-43a4097f2c24,1,37.5,37.5,13,1,1,1,False
fd10ba46-5c1f-4128-9516-43a4097f2c24,2,37.5,37.5,13,1,1,1,False
fd10ba46-5c1f-4128-9516-43a4097f2c24,3,37.5,37.5,12,1,0.5,0.5,False
563454f9-525b-40b2-90ca-d655fcbb7406,1,88,88,10,1,1,1,False
563454f9-525b-40b2-90ca-d655fcbb7406,2,88,88,10,1,1,1,False
563454f9-525b-40b2-90ca-d655fcbb7406,3,88,88,10,1,1,1,False
7f351db6-7fe3-44d5-a340-b0865acf66bf,1,170,170,13,1,1,1,False
7f351db6-7fe3-44d5-a340-b0865acf66bf,2,170,170,13,1,1,1,False
7f351db6-7fe3-44d5-a340-b0865acf66bf,3,170,170,12,1,1,1,False
8d5d6ead-a44a-43d2-8307-da55e0f08e9f,1,52.5,52.5,10,1,1,1,False
8d5d6ead-a44a-43d2-8307-da55e0f08e9f,2,52.5,52.5,8,1,1,1,False
8d5d6ead-a44a-43d2-8307-da55e0f08e9f,3,50,50,9,1,1,1,False
8d5d6ead-a44a-43d2-8307-da55e0f08e9f,4,50,50,7,1,1,1,False
4aa002ff-6f0f-4298-87b8-7c495a4e6d36,1,160,160,12,1,0.5,0.5,False
4aa002ff-6f0f-4298-87b8-7c495a4e6d36,2,160,160,11,1,1,1,False
4aa002ff-6f0f-4298-87b8-7c495a4e6d36,3,160,160,10,1,0.5,0.5,False
f608f921-5bc2-4bb0-b1b4-008a8f41ceee,1,50,50,9,1,1,1,False
f608f921-5bc2-4bb0-b1b4-008a8f41ceee,2,50,50,8,1,1,1,False
f608f921-5bc2-4bb0-b1b4-008a8f41ceee,3,45,45,12,1,1,1,False
70567b2a-0eb5-401c-96a7-c43a935ffccb,1,72.5,72.5,12,1,1,1,False
70567b2a-0eb5-401c-96a7-c43a935ffccb,2,72.5,72.5,12,1,1,1,False
70567b2a-0eb5-401c-96a7-c43a935ffccb,3,72.5,72.5,12,1,1,1,False
d29524b4-6dce-4f1e-bde2-db60a3ff462a,1,92.5,92.5,16,1,1,1,False
d29524b4-6dce-4f1e-bde2-db60a3ff462a,2,92.5,92.5,15,1,1,1,False
d29524b4-6dce-4f1e-bde2-db60a3ff462a,3,92.5,92.5,12,1,0.5,0.5,False
c1e23381-d5f7-4d1c-9957-bddd008f1d3a,1,320,320,6,1,1,1,False
c1e23381-d5f7-4d1c-9957-bddd008f1d3a,2,320,320,6,1,1,1,False
c1e23381-d5f7-4d1c-9957-bddd008f1d3a,3,320,320,5,1,0.5,0.5,False
c1e23381-d5f7-4d1c-9957-bddd008f1d3a,4,320,320,4,1,1,1,False
19057471-567b-4db7-af60-17698b4c1d19,1,65,65,8,1,1,1,False
19057471-567b-4db7-af60-17698b4c1d19,2,65,65,8,1,0.5,0.5,False
19057471-567b-4db7-af60-17698b4c1d19,3,65,65,8,1,1,1,False
35eb6532-6cce-41fa-906b-69ad5892711a,1,160,160,11,1,1,1,False
35eb6532-6cce-41fa-906b-69ad5892711a,2,160,160,10,1,0.5,0.5,False
35eb6532-6cce-41fa-906b-69ad5892711a,3,160,160,9,1,0.5,0.5,False
35eb6532-6cce-41fa-906b-69ad5892711a,4,160,160,8,1,1,1,False
27a5eb22-9e9d-42b1-b365-1c82a34c7a37,1,85,85,7,2,1.5,1.5,False
27a5eb22-9e9d-42b1-b365-1c82a34c7a37,2,85,85,7,1,0.5,0.5,False
27a5eb22-9e9d-42b1-b365-1c82a34c7a37,3,85,85,6,1,1,1,False
27a5eb22-9e9d-42b1-b365-1c82a34c7a37,4,80,80,8,1,1,1,False
65b5b5b6-aa50-4185-a7ed-2eadae98479b,1,80,80,10,1,1,1,False
65b5b5b6-aa50-4185-a7ed-2eadae98479b,2,80,80,9,2,1.5,1.5,False
65b5b5b6-aa50-4185-a7ed-2eadae98479b,3,77.5,77.5,10,1,1,1,False
65b5b5b6-aa50-4185-a7ed-2eadae98479b,4,75,75,11,1,1,1,False
52f66b86-7415-4344-9059-bf61506f5bf8,1,265,265,14,1,1,1,False
52f66b86-7415-4344-9059-bf61506f5bf8,2,265,265,12,1,1,1,False
52f66b86-7415-4344-9059-bf61506f5bf8,3,265,265,11,1,1,1,False
56b52c44-bec4-4332-a9c1-65b97111b946,1,7.5,+7.5,11,2,1.5,1.5,False
56b52c44-bec4-4332-a9c1-65b97111b946,2,7.5,+7.5,10,1,1,1,False
56b52c44-bec4-4332-a9c1-65b97111b946,3,2.5,+2.5,11,1,1,1,False
bd3cfd59-7a7a-4dda-8748-366a2aaa7fcd,1,125,125,7,2,1.5,1.5,False
bd3cfd59-7a7a-4dda-8748-366a2aaa7fcd,2,125,125,6,1,1,1,False
bd3cfd59-7a7a-4dda-8748-366a2aaa7fcd,3,125,125,5,1,1,1,False
bd3cfd59-7a7a-4dda-8748-366a2aaa7fcd,4,120,120,6,1,1,1,False
bd3cfd59-7a7a-4dda-8748-366a2aaa7fcd,5,120,120,6,1,1,1,False
23496172-d8c0-4fa8-8771-760aa7090ecb,1,67.5,67.5,7,2,1.5,1.5,False
23496172-d8c0-4fa8-8771-760aa7090ecb,2,67.5,67.5,6,1,0.5,0.5,False
23496172-d8c0-4fa8-8771-760aa7090ecb,3,62.5,62.5,8,1,1,1,False
23496172-d8c0-4fa8-8771-760aa7090ecb,4,62.5,62.5,7,1,1,1,False
23496172-d8c0-4fa8-8771-760aa7090ecb,5,62.5,62.5,7,1,1,1,False
b40ecda3-6624-4654-a791-3cb4b10b5aed,1,337.5,337.5,8,1,1,1,False
b40ecda3-6624-4654-a791-3cb4b10b5aed,2,337.5,337.5,8,1,1,1,False
b40ecda3-6624-4654-a791-3cb4b10b5aed,3,337.5,337.5,7,1,1,1,False
b40ecda3-6624-4654-a791-3cb4b10b5aed,4,337.5,337.5,7,1,1,1,False
0a866bf7-e029-4657-8bd1-64c475b16e4b,1,145,145,9,1,1,1,False
0a866bf7-e029-4657-8bd1-64c475b16e4b,2,145,145,8,1,1,1,False
0a866bf7-e029-4657-8bd1-64c475b16e4b,3,145,145,8,1,1,1,False
0a866bf7-e029-4657-8bd1-64c475b16e4b,4,145,145,7,1,1,1,False
d1960840-99d9-4345-8032-efa80d534bbf,1,127.5,127.5,8,1,0.5,0.5,False
d1960840-99d9-4345-8032-efa80d534bbf,2,127.5,127.5,6,1,0.5,0.5,False
d1960840-99d9-4345-8032-efa80d534bbf,3,125,125,5,1,0.5,0.5,False
9df1436a-07c0-48a2-960c-5a052a93b891,1,37.5,37.5,12,1,1,1,False
9df1436a-07c0-48a2-960c-5a052a93b891,2,37.5,37.5,12,1,1,1,False
9df1436a-07c0-48a2-960c-5a052a93b891,3,37.5,37.5,11,1,1,1,False
ad0aca29-c363-425f-825a-339bb7f9c73e,1,88,88,12,1,1,1,False
ad0aca29-c363-425f-825a-339bb7f9c73e,2,88,88,11,1,1,1,False
ad0aca29-c363-425f-825a-339bb7f9c73e,3,88,88,11,1,1,1,False
2848abf1-bfd7-4278-a6f7-e93ec2ea96f6,1,175,175,9,2,1.5,1.5,False
2848abf1-bfd7-4278-a6f7-e93ec2ea96f6,2,175,175,8,1,1,1,False
2848abf1-bfd7-4278-a6f7-e93ec2ea96f6,3,175,175,6,1,1,1,False
8048c1c5-aa91-4011-b6a2-e73b63a10673,1,92.5,92.5,13,2,1.5,1.5,False
8048c1c5-aa91-4011-b6a2-e73b63a10673,2,92.5,92.5,12,1,1,1,False
8048c1c5-aa91-4011-b6a2-e73b63a10673,3,90,90,12,1,1,1,False
befa3d58-fc86-4c18-adb6-5beb6870b4d0,1,65,65,7,1,1,1,False
befa3d58-fc86-4c18-adb6-5beb6870b4d0,2,65,65,7,1,1,1,False
befa3d58-fc86-4c18-adb6-5beb6870b4d0,3,65,65,6,1,1,1,False
faf6ed48-9991-4c91-a963-7053b104556b,1,27.5,27.5,13,1,1,1,False
faf6ed48-9991-4c91-a963-7053b104556b,2,27.5,27.5,13,1,1,1,False
faf6ed48-9991-4c91-a963-7053b104556b,3,27.5,27.5,12,1,1,1,False
9775673c-ca2b-47ac-b34f-6d8d39308295,1,217.5,217.5,9,1,1,1,False
9775673c-ca2b-47ac-b34f-6d8d39308295,2,217.5,217.5,9,1,1,1,False
9775673c-ca2b-47ac-b34f-6d8d39308295,3,217.5,217.5,9,1,1,1,False
751c0d3a-7626-46d2-81bb-4b969e85441f,1,100,100,12,1,0.5,0.5,False
751c0d3a-7626-46d2-81bb-4b969e85441f,2,100,100,8,1,0.5,0.5,False
751c0d3a-7626-46d2-81bb-4b969e85441f,3,90,90,13,1,1,1,False
2cc735d1-415a-4e81-a626-8e88be0d3806,1,147.5,147.5,6,1,0.5,0.5,False
2cc735d1-415a-4e81-a626-8e88be0d3806,2,142.5,142.5,6,1,0.5,0.5,False
2cc735d1-415a-4e81-a626-8e88be0d3806,3,142.5,142.5,5,1,0.5,0.5,False
2cc735d1-415a-4e81-a626-8e88be0d3806,4,142.5,142.5,4,1,1,1,False
2cc735d1-415a-4e81-a626-8e88be0d3806,5,135,135,6,1,0.5,0.5,False
501c15a1-a3de-477c-8d02-d619b51ec22b,1,20,20,10,1,1,1,False
501c15a1-a3de-477c-8d02-d619b51ec22b,2,22.5,22.5,10,1,1,1,False
501c15a1-a3de-477c-8d02-d619b51ec22b,3,22.5,22.5,10,1,1,1,False
5a402526-30ea-474a-81ec-074bfd9de38f,1,190,190,8,1,1,1,False
5a402526-30ea-474a-81ec-074bfd9de38f,2,190,190,8,1,1,1,False
5a402526-30ea-474a-81ec-074bfd9de38f,3,190,190,8,1,1,1,False
5a402526-30ea-474a-81ec-074bfd9de38f,4,190,190,8,1,1,1,False
fed8db42-977a-4e07-93a0-6426ea0aa64b,1,95,95,11,1,1,1,False
fed8db42-977a-4e07-93a0-6426ea0aa64b,2,95,95,10,1,1,1,False
fed8db42-977a-4e07-93a0-6426ea0aa64b,3,95,95,10,1,1,1,False
fed8db42-977a-4e07-93a0-6426ea0aa64b,4,92.5,92.5,10,1,1,1,False
68f54600-33d1-473e-bc44-8a138ce7b539,1,32.5,32.5,11,1,1,1,False
68f54600-33d1-473e-bc44-8a138ce7b539,2,32.5,32.5,10,1,1,1,False
68f54600-33d1-473e-bc44-8a138ce7b539,3,32.5,32.5,9,1,1,1,False
ed5f3a84-db0d-4937-a336-f0c4466c9af1,1,27.5,27.5,12,1,1,1,False
ed5f3a84-db0d-4937-a336-f0c4466c9af1,2,27.5,27.5,12,1,1,1,False
ed5f3a84-db0d-4937-a336-f0c4466c9af1,3,27.5,27.5,11,1,1,1,False
ed5f3a84-db0d-4937-a336-f0c4466c9af1,4,27.5,27.5,11,1,1,1,False
2af35943-029a-44ab-b429-ae97ab1e7399,1,35,35,15,1,1,1,False
2af35943-029a-44ab-b429-ae97ab1e7399,2,37.5,37.5,13,1,0.5,0.5,False
2af35943-029a-44ab-b429-ae97ab1e7399,3,36.25,36.25,12,1,0.5,0.5,False
5bdb477c-7e6a-49fb-aa69-d01eca22445e,1,80,80,10,2,2,2,False
5bdb477c-7e6a-49fb-aa69-d01eca22445e,2,80,80,10,2,2,2,False
5bdb477c-7e6a-49fb-aa69-d01eca22445e,3,80,80,10,2,2,2,False
0cda4b4e-be4d-4393-be1c-afe8f199c409,1,170,170,11,2,2,2,False
0cda4b4e-be4d-4393-be1c-afe8f199c409,2,170,170,11,2,2,2,False
0cda4b4e-be4d-4393-be1c-afe8f199c409,3,170,170,11,2,2,2,False
8db0ca89-6ea4-4432-b919-79dbe44d57d9,1,50,50,11,2,2,2,False
8db0ca89-6ea4-4432-b919-79dbe44d57d9,2,50,50,9,2,2,2,False
8db0ca89-6ea4-4432-b919-79dbe44d57d9,3,50,50,8,2,1.5,1.5,False
8db0ca89-6ea4-4432-b919-79dbe44d57d9,4,47.5,47.5,7,1,0.5,0.5,False
540ed99e-00c8-4790-b1b2-b35646e67d71,1,160,160,10,2,2,2,False
540ed99e-00c8-4790-b1b2-b35646e67d71,2,160,160,9,2,2,2,False
540ed99e-00c8-4790-b1b2-b35646e67d71,3,160,160,8,2,1.5,1.5,False
4528f0ac-1a5b-4db9-9f64-c2e2a9ff8fef,1,47.5,47.5,9,2,2,2,False
4528f0ac-1a5b-4db9-9f64-c2e2a9ff8fef,2,47.5,47.5,8,2,2,2,False
4528f0ac-1a5b-4db9-9f64-c2e2a9ff8fef,3,47.5,47.5,8,2,2,2,False
ddeb1795-b0ed-4954-9823-d835d3a0ec11,1,95,95,13,2,2,2,False
ddeb1795-b0ed-4954-9823-d835d3a0ec11,2,95,95,12,2,2,2,False
ddeb1795-b0ed-4954-9823-d835d3a0ec11,3,85,85,16,2,2,2,False
a667f999-a7e4-497a-9ef6-a1726bac9e3d,1,307.5,307.5,6,2,2,2,False
a667f999-a7e4-497a-9ef6-a1726bac9e3d,2,307.5,307.5,6,2,2,2,False
a667f999-a7e4-497a-9ef6-a1726bac9e3d,3,307.5,307.5,5,2,2,2,False
a667f999-a7e4-497a-9ef6-a1726bac9e3d,4,307.5,307.5,5,2,1.5,1.5,False
bc901931-6dff-48ca-9b7f-c10c8d84a64d,1,57.5,57.5,9,2,2,2,False
bc901931-6dff-48ca-9b7f-c10c8d84a64d,2,57.5,57.5,9,2,2,2,False
bc901931-6dff-48ca-9b7f-c10c8d84a64d,3,60,60,8,2,2,2,False
b8984ac9-7554-442a-8b60-3db77644a7a1,1,157.5,157.5,10,2,2,2,False
b8984ac9-7554-442a-8b60-3db77644a7a1,2,157.5,157.5,9,2,2,2,False
b8984ac9-7554-442a-8b60-3db77644a7a1,3,157.5,157.5,9,2,1.5,1.5,False
b8984ac9-7554-442a-8b60-3db77644a7a1,4,157.5,157.5,8,2,1.5,1.5,False
07d86dbb-a3ed-4583-8279-b0e417148e93,1,87.5,87.5,5,2,2,2,False
07d86dbb-a3ed-4583-8279-b0e417148e93,2,87.5,87.5,5,2,1.5,1.5,False
07d86dbb-a3ed-4583-8279-b0e417148e93,3,87.5,87.5,4,2,2,2,False
07d86dbb-a3ed-4583-8279-b0e417148e93,4,82.5,82.5,6,2,2,2,False
bd39311f-b3aa-4878-b05f-8dedb109ad41,1,75,75,11,2,2,2,False
bd39311f-b3aa-4878-b05f-8dedb109ad41,2,75,75,10,2,2,2,False
bd39311f-b3aa-4878-b05f-8dedb109ad41,3,75,75,10,2,1.5,1.5,False
bd39311f-b3aa-4878-b05f-8dedb109ad41,4,72.5,72.5,10,2,2,2,False
9d50703d-7aeb-4930-9af0-09df60cfff68,1,255,255,13,2,2,2,False
9d50703d-7aeb-4930-9af0-09df60cfff68,2,255,255,12,2,2,2,False
9d50703d-7aeb-4930-9af0-09df60cfff68,3,255,255,11,1,1,1,False
f45156c5-9560-4bff-8152-076cdcfe32e3,1,2.5,+2.5,13,2,2,2,False
f45156c5-9560-4bff-8152-076cdcfe32e3,2,2.5,+2.5,12,2,2,2,False
f45156c5-9560-4bff-8152-076cdcfe32e3,3,2.5,+2.5,10,2,1.5,1.5,False
4e2bf2c7-7dff-4e7e-9dbb-5e8139b17af7,1,120,120,8,2,2,2,False
4e2bf2c7-7dff-4e7e-9dbb-5e8139b17af7,2,120,120,8,2,1.5,1.5,False
4e2bf2c7-7dff-4e7e-9dbb-5e8139b17af7,3,120,120,7,2,1.5,1.5,False
4e2bf2c7-7dff-4e7e-9dbb-5e8139b17af7,4,120,120,6,1,1,1,False
978964d4-2e47-4c20-92ba-c6a0497966a5,1,65,65,8,2,2,2,False
978964d4-2e47-4c20-92ba-c6a0497966a5,2,65,65,7,2,1.5,1.5,False
978964d4-2e47-4c20-92ba-c6a0497966a5,3,65,65,6,2,1.5,1.5,False
978964d4-2e47-4c20-92ba-c6a0497966a5,4,60,60,8,2,2,2,False
c8d19118-0d60-47a0-9980-9ff62a74e8c0,1,325,325,8,2,2,2,False
c8d19118-0d60-47a0-9980-9ff62a74e8c0,2,325,325,7,2,2,2,False
c8d19118-0d60-47a0-9980-9ff62a74e8c0,3,325,325,7,2,2,2,False
c8d19118-0d60-47a0-9980-9ff62a74e8c0,4,325,325,6,2,2,2,False
84721f54-779c-49df-a3bf-f0077b181115,1,142.5,142.5,8,2,2,2,False
84721f54-779c-49df-a3bf-f0077b181115,2,142.5,142.5,7,2,2,2,False
84721f54-779c-49df-a3bf-f0077b181115,3,142.5,142.5,7,2,2,2,False
84721f54-779c-49df-a3bf-f0077b181115,4,142.5,142.5,6,2,2,2,False
7cd4c7e6-693d-4e7e-8fdc-e26db8c350c5,1,122.5,122.5,8,2,2,2,False
7cd4c7e6-693d-4e7e-8fdc-e26db8c350c5,2,122.5,122.5,7,2,2,2,False
7cd4c7e6-693d-4e7e-8fdc-e26db8c350c5,3,122.5,122.5,6,2,2,2,False
2411b6f5-c8d3-434b-a578-7dfd5deece9a,1,37.5,37.5,10,2,2,2,False
2411b6f5-c8d3-434b-a578-7dfd5deece9a,2,37.5,37.5,10,2,2,2,False
2411b6f5-c8d3-434b-a578-7dfd5deece9a,3,37.5,37.5,10,2,2,2,False
7efe7936-a3c5-467c-9770-ae994ec8c113,1,80,80,12,2,2,2,False
7efe7936-a3c5-467c-9770-ae994ec8c113,2,80,80,12,2,2,2,False
7efe7936-a3c5-467c-9770-ae994ec8c113,3,80,80,12,2,2,2,False
4d9d6d5c-22f1-4636-8fa7-6f0dc6579d1a,1,175,175,8,2,2,2,False
4d9d6d5c-22f1-4636-8fa7-6f0dc6579d1a,2,175,175,7,2,2,2,False
4d9d6d5c-22f1-4636-8fa7-6f0dc6579d1a,3,175,175,6,2,2,2,False
6afc1117-2e53-4b1e-8ecb-a3a5622a1517,1,95,95,11,2,2,2,False
6afc1117-2e53-4b1e-8ecb-a3a5622a1517,2,95,95,10,2,2,2,False
6afc1117-2e53-4b1e-8ecb-a3a5622a1517,3,87.5,87.5,12,2,2,2,False
fb1088cb-c55e-48f6-8888-ab7e22ec6484,1,60,60,8,2,2,2,False
fb1088cb-c55e-48f6-8888-ab7e22ec6484,2,60,60,8,2,2,2,False
fb1088cb-c55e-48f6-8888-ab7e22ec6484,3,60,60,8,2,2,2,False
4fff94c0-c936-459f-8e4b-b531444738b9,1,27.5,27.5,11,2,2,2,False
4fff94c0-c936-459f-8e4b-b531444738b9,2,27.5,27.5,10,2,2,2,False
4fff94c0-c936-459f-8e4b-b531444738b9,3,27.5,27.5,11,2,1.5,1.5,False
2103947e-b291-46b4-a9b4-7394bc7c42d7,1,200,200,10,2,2,2,False
2103947e-b291-46b4-a9b4-7394bc7c42d7,2,200,200,10,2,2,2,False
2103947e-b291-46b4-a9b4-7394bc7c42d7,3,200,200,10,2,2,2,False
a4b61608-f95d-44d0-bda0-3e4f1289f862,1,100,100,10,2,2,2,False
a4b61608-f95d-44d0-bda0-3e4f1289f862,2,100,100,9,2,1.5,1.5,False
a4b61608-f95d-44d0-bda0-3e4f1289f862,3,100,100,7,1,1,1,False
30e1577d-23a8-4da9-b83f-f350e113d872,1,145,145,6,2,1.5,1.5,False
30e1577d-23a8-4da9-b83f-f350e113d872,2,145,145,5,2,2,2,False
30e1577d-23a8-4da9-b83f-f350e113d872,3,142.5,142.5,5,2,2,2,False
30e1577d-23a8-4da9-b83f-f350e113d872,4,142.5,142.5,5,2,2,2,False
0ca50a0d-80a5-4a13-a4df-92958e6999b3,1,15,15,14,2,2,2,False
0ca50a0d-80a5-4a13-a4df-92958e6999b3,2,17.5,17.5,12,2,2,2,False
0ca50a0d-80a5-4a13-a4df-92958e6999b3,3,17.5,17.5,12,2,2,2,False
8ba58f8c-4e52-49e0-92a2-65ca80deb56a,1,180,180,8,2,2,2,False
8ba58f8c-4e52-49e0-92a2-65ca80deb56a,2,180,180,7,2,2,2,False
8ba58f8c-4e52-49e0-92a2-65ca80deb56a,3,180,180,7,2,2,2,False
8ba58f8c-4e52-49e0-92a2-65ca80deb56a,4,180,180,8,2,2,2,False
a0ca85bf-5dcb-4cbc-a667-e0caa66c5075,1,90,90,12,2,2,2,False
a0ca85bf-5dcb-4cbc-a667-e0caa66c5075,2,90,90,11,2,2,2,False
a0ca85bf-5dcb-4cbc-a667-e0caa66c5075,3,90,90,10,2,2,2,False
a0ca85bf-5dcb-4cbc-a667-e0caa66c5075,4,85,85,12,2,1.5,1.5,False
a76f08c2-e1cc-4237-a968-9809fb685655,1,32.5,32.5,10,2,1.5,1.5,False
a76f08c2-e1cc-4237-a968-9809fb685655,2,32.5,32.5,9,2,1.5,1.5,False
a76f08c2-e1cc-4237-a968-9809fb685655,3,32.5,32.5,8,2,2,2,False
692efbca-1d9d-437a-87fb-f18e91675f53,1,25,25,13,2,2,2,False
692efbca-1d9d-437a-87fb-f18e91675f53,2,25,25,12,2,2,2,False
692efbca-1d9d-437a-87fb-f18e91675f53,3,25,25,11,2,2,2,False
692efbca-1d9d-437a-87fb-f18e91675f53,4,25,25,11,2,2,2,False
c836ec72-ecdc-4db8-9229-9ae62b3074e1,1,37.5,37.5,11,2,2,2,False
c836ec72-ecdc-4db8-9229-9ae62b3074e1,2,37.5,37.5,11,2,2,2,False
c836ec72-ecdc-4db8-9229-9ae62b3074e1,3,37.5,37.5,10,2,2,2,False
0b8c9ba0-ab93-4fd9-b6d1-ea979d6603f6,1,75,75,10,2,2,2,False
0b8c9ba0-ab93-4fd9-b6d1-ea979d6603f6,2,75,75,10,2,2,2,False
0b8c9ba0-ab93-4fd9-b6d1-ea979d6603f6,3,75,75,10,2,2,2,False
28a7034b-7df6-4d63-9c2a-f8022f54073f,1,162.5,162.5,12,2,2,2,False
28a7034b-7df6-4d63-9c2a-f8022f54073f,2,162.5,162.5,12,2,2,2,False
28a7034b-7df6-4d63-9c2a-f8022f54073f,3,162.5,162.5,12,2,2,2,False
9f0b43c8-929d-4073-bf00-cb4c2a43734c,1,50,50,10,2,2,2,False
9f0b43c8-929d-4073-bf00-cb4c2a43734c,2,50,50,9,2,2,2,False
9f0b43c8-929d-4073-bf00-cb4c2a43734c,3,50,50,8,2,2,2,False
9f0b43c8-929d-4073-bf00-cb4c2a43734c,4,50,50,8,2,1.5,1.5,False
938ebae6-6976-462f-91f4-0f4b20a2fa4a,1,157.5,157.5,10,2,2,2,False
938ebae6-6976-462f-91f4-0f4b20a2fa4a,2,157.5,157.5,9,2,1.5,1.5,False
938ebae6-6976-462f-91f4-0f4b20a2fa4a,3,157.5,157.5,8,2,2,2,False
b9bb467e-170e-448b-a35f-4bdfb29c66fd,1,45,45,13,2,2,2,False
b9bb467e-170e-448b-a35f-4bdfb29c66fd,2,45,45,12,2,2,2,False
b9bb467e-170e-448b-a35f-4bdfb29c66fd,3,45,45,12,2,1.5,1.5,False
fc396cae-c891-4d58-9a24-447a25f9b482,1,65,65,12,2,2,2,False
fc396cae-c891-4d58-9a24-447a25f9b482,2,65,65,12,2,2,2,False
fc396cae-c891-4d58-9a24-447a25f9b482,3,65,65,15,2,2,2,False
1ea48859-3a0f-42fe-abdb-7fff24833a27,1,90,90,15,2,2,2,False
1ea48859-3a0f-42fe-abdb-7fff24833a27,2,90,90,14,2,2,2,False
1ea48859-3a0f-42fe-abdb-7fff24833a27,3,90,90,12,2,2,2,False
d6797112-963b-452e-845d-3e3ee2b03a82,1,295,295,6,3,2.5,2.5,False
d6797112-963b-452e-845d-3e3ee2b03a82,2,295,295,6,3,2.5,2.5,False
d6797112-963b-452e-845d-3e3ee2b03a82,3,295,295,6,2,2,2,False
d6797112-963b-452e-845d-3e3ee2b03a82,4,295,295,6,2,2,2,False
1cacca3c-15a7-4344-a6ca-76349f95bf66,1,50,50,11,2,2,2,False
1cacca3c-15a7-4344-a6ca-76349f95bf66,2,50,50,11,2,2,2,False
1cacca3c-15a7-4344-a6ca-76349f95bf66,3,55,55,9,2,2,2,False
40eee864-a8b0-4639-9a60-233d37d01df9,1,157.5,157.5,9,2,2,2,False
40eee864-a8b0-4639-9a60-233d37d01df9,2,155,155,9,2,2,2,False
40eee864-a8b0-4639-9a60-233d37d01df9,3,155,155,9,2,2,2,False
40eee864-a8b0-4639-9a60-233d37d01df9,4,155,155,8,2,2,2,False
ff657731-a696-4fe2-9e3c-ad519b18b1fb,1,85,85,6,2,2,2,False
ff657731-a696-4fe2-9e3c-ad519b18b1fb,2,85,85,5,2,2,2,False
ff657731-a696-4fe2-9e3c-ad519b18b1fb,3,85,85,5,2,2,2,False
ff657731-a696-4fe2-9e3c-ad519b18b1fb,4,85,85,5,2,2,2,False
bbb4d10e-f601-49b0-92a6-9facc477aca0,1,75,75,11,2,1.5,1.5,False
bbb4d10e-f601-49b0-92a6-9facc477aca0,2,75,75,10,2,1.5,1.5,False
bbb4d10e-f601-49b0-92a6-9facc477aca0,3,70,70,12,2,2,2,False
bbb4d10e-f601-49b0-92a6-9facc477aca0,4,70,70,11,2,1.5,1.5,False
4f8ccac2-97c8-4400-b286-597efe1ea421,1,0,+0,14,2,2,2,False
4f8ccac2-97c8-4400-b286-597efe1ea421,2,0,+0,12,2,2,2,False
4f8ccac2-97c8-4400-b286-597efe1ea421,3,0,+0,10,2,2,2,False
d961355a-55bf-4bc7-a0c6-5fff4753d637,1,120,120,8,2,2,2,False
d961355a-55bf-4bc7-a0c6-5fff4753d637,2,120,120,7,2,2,2,False
d961355a-55bf-4bc7-a0c6-5fff4753d637,3,120,120,6,2,1.5,1.5,False
d961355a-55bf-4bc7-a0c6-5fff4753d637,4,112.5,112.5,8,2,1.5,1.5,False
deeab22f-b185-4712-850b-0150826ec9ed,1,62.5,62.5,8,3,2.5,2.5,False
deeab22f-b185-4712-850b-0150826ec9ed,2,62.5,62.5,8,2,2,2,False
deeab22f-b185-4712-850b-0150826ec9ed,3,62.5,62.5,7,2,2,2,False
deeab22f-b185-4712-850b-0150826ec9ed,4,62.5,62.5,6,2,2,2,False
c15b14f8-810f-4776-bd1d-22463ab7aaa4,1,322.5,322.5,8,2,2,2,False
c15b14f8-810f-4776-bd1d-22463ab7aaa4,2,322.5,322.5,7,2,2,2,False
c15b14f8-810f-4776-bd1d-22463ab7aaa4,3,322.5,322.5,7,2,2,2,False
c15b14f8-810f-4776-bd1d-22463ab7aaa4,4,322.5,322.5,6,2,2,2,False
aab8ed57-16b5-4880-83a3-88f0d93c8504,1,140,140,8,2,2,2,False
aab8ed57-16b5-4880-83a3-88f0d93c8504,2,140,140,7,2,2,2,False
aab8ed57-16b5-4880-83a3-88f0d93c8504,3,140,140,7,2,2,2,False
aab8ed57-16b5-4880-83a3-88f0d93c8504,4,140,140,6,2,2,2,False
2980099d-7787-4897-9dc2-d35cb2ce90a9,1,120,120,8,2,2,2,False
2980099d-7787-4897-9dc2-d35cb2ce90a9,2,120,120,7,2,2,2,False
2980099d-7787-4897-9dc2-d35cb2ce90a9,3,120,120,6,3,2.5,2.5,False
a5f46dde-8534-42a8-b8af-f2c0356b0193,1,37.5,37.5,9,2,2,2,False
a5f46dde-8534-42a8-b8af-f2c0356b0193,2,37.5,37.5,9,2,2,2,False
a5f46dde-8534-42a8-b8af-f2c0356b0193,3,37.5,37.5,9,2,2,2,False
6b14c2ed-a3e6-4235-aded-80c1f88e3654,1,85,85,12,2,2,2,False
6b14c2ed-a3e6-4235-aded-80c1f88e3654,2,85,85,10,2,2,2,False
6b14c2ed-a3e6-4235-aded-80c1f88e3654,3,80,80,6,3,3,3,False
c619c7cf-3535-45d0-988a-0e1d2393cd08,1,172.5,172.5,8,2,2,2,False
c619c7cf-3535-45d0-988a-0e1d2393cd08,2,172.5,172.5,7,2,2,2,False
c619c7cf-3535-45d0-988a-0e1d2393cd08,3,172.5,172.5,7,2,1.5,1.5,False
94cf6f2e-8f7d-4057-ad97-71f05601be89,1,87.5,87.5,15,2,2,2,False
94cf6f2e-8f7d-4057-ad97-71f05601be89,2,87.5,87.5,14,2,2,2,False
94cf6f2e-8f7d-4057-ad97-71f05601be89,3,87.5,87.5,12,2,2,2,False
23e1f7e1-d520-4d71-9599-74fcde68a528,1,57.5,57.5,9,2,2,2,False
23e1f7e1-d520-4d71-9599-74fcde68a528,2,57.5,57.5,9,2,2,2,False
23e1f7e1-d520-4d71-9599-74fcde68a528,3,57.5,57.5,8,2,1.5,1.5,False
be7f89b5-40ac-4fb6-b052-439ca7650080,1,25,25,14,2,2,2,False
be7f89b5-40ac-4fb6-b052-439ca7650080,2,25,25,14,2,2,2,False
be7f89b5-40ac-4fb6-b052-439ca7650080,3,25,25,14,2,2,2,False
1da791ad-20c1-4c7e-8bbe-15877ee0ba87,1,195,195,10,2,2,2,False
1da791ad-20c1-4c7e-8bbe-15877ee0ba87,2,195,195,10,2,2,2,False
1da791ad-20c1-4c7e-8bbe-15877ee0ba87,3,195,195,10,2,2,2,False
88828ba8-634e-48d4-88d2-efa0139d9063,1,100,100,10,2,2,2,False
88828ba8-634e-48d4-88d2-efa0139d9063,2,100,100,9,2,2,2,False
88828ba8-634e-48d4-88d2-efa0139d9063,3,100,100,7,1,1,1,False
b5d1575f-5da8-45dd-94f0-24bd3d8064c0,1,145,145,6,2,1.5,1.5,False
b5d1575f-5da8-45dd-94f0-24bd3d8064c0,2,145,145,5,2,2,2,False
b5d1575f-5da8-45dd-94f0-24bd3d8064c0,3,145,145,4,2,2,2,False
b5d1575f-5da8-45dd-94f0-24bd3d8064c0,4,145,145,4,2,2,2,False
810b6e99-82ae-4e0b-953c-c1128e0636f5,1,15,15,10,2,2,2,False
810b6e99-82ae-4e0b-953c-c1128e0636f5,2,15,15,10,2,2,2,False
810b6e99-82ae-4e0b-953c-c1128e0636f5,3,15,15,12,2,2,2,False
7afd194a-ca41-4da4-8b8e-1974c585e6b3,1,175,175,8,2,2,2,False
7afd194a-ca41-4da4-8b8e-1974c585e6b3,2,175,175,8,2,2,2,False
7afd194a-ca41-4da4-8b8e-1974c585e6b3,3,175,175,8,2,2,2,False
7afd194a-ca41-4da4-8b8e-1974c585e6b3,4,175,175,8,2,2,2,False
4a64fca4-5576-4d2c-9442-28f4748ff076,1,85,85,14,2,2,2,False
4a64fca4-5576-4d2c-9442-28f4748ff076,2,85,85,13,2,2,2,False
4a64fca4-5576-4d2c-9442-28f4748ff076,3,85,85,12,2,2,2,False
4a64fca4-5576-4d2c-9442-28f4748ff076,4,85,85,11,2,2,2,False
e326ece8-36cb-486e-b335-b63d4ab45a5a,1,32.5,32.5,9,2,2,2,False
e326ece8-36cb-486e-b335-b63d4ab45a5a,2,32.5,32.5,8,2,1.5,1.5,False
e326ece8-36cb-486e-b335-b63d4ab45a5a,3,30,30,11,2,2,2,False
0c7d029d-a77f-4031-bec5-8b132ec3acc8,1,22.5,22.5,14,2,2,2,False
0c7d029d-a77f-4031-bec5-8b132ec3acc8,2,22.5,22.5,14,2,2,2,False
0c7d029d-a77f-4031-bec5-8b132ec3acc8,3,22.5,22.5,13,2,2,2,False
0c7d029d-a77f-4031-bec5-8b132ec3acc8,4,22.5,22.5,13,2,2,2,False
5f79f2b5-73f6-460f-ad2c-3f90f8425a2e,1,37.5,37.5,11,2,1.5,1.5,False
5f79f2b5-73f6-460f-ad2c-3f90f8425a2e,2,37.5,37.5,10,2,2,2,False
5f79f2b5-73f6-460f-ad2c-3f90f8425a2e,3,35,35,12,2,2,2,False
82f9e950-6453-4d20-a927-d671f5320673,1,60,60,10,3,3,3,False
82f9e950-6453-4d20-a927-d671f5320673,2,60,60,11,3,3,3,False
82f9e950-6453-4d20-a927-d671f5320673,3,60,60,12,3,3,3,False
06a3f5a3-b0a6-41b4-aa67-8add56b8fe1b,1,155,155,12,3,3,3,False
06a3f5a3-b0a6-41b4-aa67-8add56b8fe1b,2,155,155,12,3,3,3,False
06a3f5a3-b0a6-41b4-aa67-8add56b8fe1b,3,155,155,12,3,3,3,False
4bc5c745-4a1e-4248-924f-b38d8848a4a3,1,47.5,47.5,10,3,3,3,False
4bc5c745-4a1e-4248-924f-b38d8848a4a3,2,47.5,47.5,10,3,3,3,False
4bc5c745-4a1e-4248-924f-b38d8848a4a3,3,47.5,47.5,9,3,3,3,False
4bc5c745-4a1e-4248-924f-b38d8848a4a3,4,47.5,47.5,8,3,3,3,False
a8d133ca-98f0-47e5-a5f3-9bd0a14e1488,1,150,150,11,3,2.5,2.5,False
a8d133ca-98f0-47e5-a5f3-9bd0a14e1488,2,150,150,10,2,2,2,False
a8d133ca-98f0-47e5-a5f3-9bd0a14e1488,3,150,150,9,3,2.5,2.5,False
993c6a27-a778-4ce3-80c3-963e1c837780,1,45,45,11,3,3,3,False
993c6a27-a778-4ce3-80c3-963e1c837780,2,45,45,10,3,3,3,False
993c6a27-a778-4ce3-80c3-963e1c837780,3,45,45,10,3,3,3,False
066d848d-c228-456d-b9a4-18a610582b00,1,60,60,14,3,3,3,False
066d848d-c228-456d-b9a4-18a610582b00,2,60,60,13,3,3,3,False
066d848d-c228-456d-b9a4-18a610582b00,3,60,60,13,3,3,3,False
622b726f-76d6-499a-8b08-45dd99350e8b,1,85,85,16,3,3,3,False
622b726f-76d6-499a-8b08-45dd99350e8b,2,85,85,15,3,3,3,False
622b726f-76d6-499a-8b08-45dd99350e8b,3,85,85,14,3,2.5,2.5,False
25a23fc2-9b5d-41a7-8465-91b18ab7c845,1,282.5,282.5,6,4,4,4,False
25a23fc2-9b5d-41a7-8465-91b18ab7c845,2,282.5,282.5,6,4,4,4,False
25a23fc2-9b5d-41a7-8465-91b18ab7c845,3,282.5,282.5,6,4,3.5,3.5,False
25a23fc2-9b5d-41a7-8465-91b18ab7c845,4,282.5,282.5,6,3,3,3,False
ec20023b-9acb-4bf1-967c-baf44459303c,1,40,40,8,4,4,4,False
ec20023b-9acb-4bf1-967c-baf44459303c,2,40,40,10,3,3,3,False
ec20023b-9acb-4bf1-967c-baf44459303c,3,44,44,13,4,4,4,False
ee7a6c56-e149-45b7-bb0c-bc34b3ded1be,1,155,155,10,2,2,2,False
ee7a6c56-e149-45b7-bb0c-bc34b3ded1be,2,155,155,9,2,2,2,False
ee7a6c56-e149-45b7-bb0c-bc34b3ded1be,3,155,155,8,2,2,2,False
ee7a6c56-e149-45b7-bb0c-bc34b3ded1be,4,147.5,147.5,9,3,3,3,False
1c1fcc94-ae40-4201-912c-f04a2d2ce543,1,82.5,82.5,6,3,2.5,2.5,False
1c1fcc94-ae40-4201-912c-f04a2d2ce543,2,82.5,82.5,5,3,2.5,2.5,False
1c1fcc94-ae40-4201-912c-f04a2d2ce543,3,82.5,82.5,4,3,3,3,False
1c1fcc94-ae40-4201-912c-f04a2d2ce543,4,82.5,82.5,5,3,3,3,False
dbdfa7cb-2bb5-4dce-ae23-6a4b1b63dda5,1,70,70,12,3,3,3,False
dbdfa7cb-2bb5-4dce-ae23-6a4b1b63dda5,2,70,70,12,3,2.5,2.5,False
dbdfa7cb-2bb5-4dce-ae23-6a4b1b63dda5,3,70,70,11,3,3,3,False
dbdfa7cb-2bb5-4dce-ae23-6a4b1b63dda5,4,70,70,10,3,2.5,2.5,False
a264c0aa-c6d5-4670-9c9a-ea7e4d8dce63,1,245,245,13,3,3,3,False
a264c0aa-c6d5-4670-9c9a-ea7e4d8dce63,2,245,245,12,3,3,3,False
a264c0aa-c6d5-4670-9c9a-ea7e4d8dce63,3,245,245,10,3,3,3,False
c5363e76-d538-401f-a303-63488857ff12,1,0,+0,12,3,3,3,False
c5363e76-d538-401f-a303-63488857ff12,2,0,+0,10,3,3,3,False
c5363e76-d538-401f-a303-63488857ff12,3,0,+0,8,3,3,3,False
36563f52-2f7c-475b-aa1d-b4406bcb5f2c,1,117.5,117.5,8,3,2.5,2.5,False
36563f52-2f7c-475b-aa1d-b4406bcb5f2c,2,117.5,117.5,6,3,3,3,False
36563f52-2f7c-475b-aa1d-b4406bcb5f2c,3,107.5,107.5,9,3,2.5,2.5,False
36563f52-2f7c-475b-aa1d-b4406bcb5f2c,4,107.5,107.5,8,3,3,3,False
128071fb-49c7-4194-a512-7c769d615fbb,1,60,60,8,4,3.5,3.5,False
128071fb-49c7-4194-a512-7c769d615fbb,2,60,60,8,3,2.5,2.5,False
128071fb-49c7-4194-a512-7c769d615fbb,3,60,60,7,3,2.5,2.5,False
128071fb-49c7-4194-a512-7c769d615fbb,4,60,60,6,3,3,3,False
f1ea617a-8486-4443-a107-69077b57c5a2,1,305,305,8,3,3,3,False
f1ea617a-8486-4443-a107-69077b57c5a2,2,305,305,7,3,3,3,False
f1ea617a-8486-4443-a107-69077b57c5a2,3,305,305,7,3,3,3,False
f1ea617a-8486-4443-a107-69077b57c5a2,4,305,305,6,3,3,3,False
5deed7c5-1e45-4ceb-b0ea-fcf27298f08d,1,135,135,8,3,3,3,False
5deed7c5-1e45-4ceb-b0ea-fcf27298f08d,2,135,135,7,3,3,3,False
5deed7c5-1e45-4ceb-b0ea-fcf27298f08d,3,135,135,7,3,2.5,2.5,False
5deed7c5-1e45-4ceb-b0ea-fcf27298f08d,4,135,135,6,3,3,3,False
f1b4c5c6-4ef5-4468-9690-2b4a1caa3faa,1,112.5,112.5,9,3,3,3,False
f1b4c5c6-4ef5-4468-9690-2b4a1caa3faa,2,112.5,112.5,8,3,3,3,False
f1b4c5c6-4ef5-4468-9690-2b4a1caa3faa,3,112.5,112.5,7,3,2.5,2.5,False
d6520582-b405-4086-a829-a3febecf92a5,1,35,35,10,3,3,3,False
d6520582-b405-4086-a829-a3febecf92a5,2,35,35,10,3,3,3,False
d6520582-b405-4086-a829-a3febecf92a5,3,35,35,10,3,3,3,False
8876493a-607c-4eee-8ab1-84ea840cef33,1,80,80,12,3,3,3,False
8876493a-607c-4eee-8ab1-84ea840cef33,2,80,80,11,3,3,3,False
8876493a-607c-4eee-8ab1-84ea840cef33,3,80,80,10,3,2.5,2.5,False
de68dcae-8278-4961-91e5-90df5938badb,1,165,165,8,3,3,3,False
de68dcae-8278-4961-91e5-90df5938badb,2,165,165,7,3,3,3,False
de68dcae-8278-4961-91e5-90df5938badb,3,165,165,7,3,3,3,False
67cb352a-79fc-41dc-be11-147c2cc96ad7,1,90,90,12,3,3,3,False
67cb352a-79fc-41dc-be11-147c2cc96ad7,2,90,90,11,3,3,3,False
67cb352a-79fc-41dc-be11-147c2cc96ad7,3,90,90,10,3,2.5,2.5,False
7776d68f-88c0-4d59-9313-56a09bc0b37c,1,55,55,9,3,3,3,False
7776d68f-88c0-4d59-9313-56a09bc0b37c,2,55,55,9,3,3,3,False
7776d68f-88c0-4d59-9313-56a09bc0b37c,3,55,55,8,3,3,3,False
e698de81-502d-48c9-8942-ca4a124061e9,1,25,25,12,3,3,3,False
e698de81-502d-48c9-8942-ca4a124061e9,2,25,25,12,3,3,3,False
e698de81-502d-48c9-8942-ca4a124061e9,3,25,25,12,3,3,3,False
0ab6bcaa-7bd9-43a7-8352-f574e79a6702,1,185,185,10,3,3,3,False
0ab6bcaa-7bd9-43a7-8352-f574e79a6702,2,185,185,10,3,3,3,False
0ab6bcaa-7bd9-43a7-8352-f574e79a6702,3,185,185,10,3,3,3,False
f4882718-58ee-49d5-aaba-273f42562ff0,1,97.5,97.5,9,3,3,3,False
f4882718-58ee-49d5-aaba-273f42562ff0,2,97.5,97.5,8,3,3,3,False
f4882718-58ee-49d5-aaba-273f42562ff0,3,97.5,97.5,8,3,2.5,2.5,False
4493a643-2a7f-4c46-a1da-86d7f4622808,1,140,140,5,4,3.5,3.5,False
4493a643-2a7f-4c46-a1da-86d7f4622808,2,140,140,5,3,3,3,False
4493a643-2a7f-4c46-a1da-86d7f4622808,3,140,140,4,3,3,3,False
4493a643-2a7f-4c46-a1da-86d7f4622808,4,135,135,5,3,3,3,False
57da2d32-5c16-4ad7-823d-dcc37cd3e85e,1,7.5,7.5,12,3,3,3,False
57da2d32-5c16-4ad7-823d-dcc37cd3e85e,2,12.5,12.5,9,3,3,3,False
57da2d32-5c16-4ad7-823d-dcc37cd3e85e,3,12.5,12.5,9,3,3,3,False
852945d9-e09b-4e27-8897-6d0f23f1f0b8,1,162.5,162.5,9,3,3,3,False
852945d9-e09b-4e27-8897-6d0f23f1f0b8,2,162.5,162.5,9,3,3,3,False
852945d9-e09b-4e27-8897-6d0f23f1f0b8,3,162.5,162.5,9,3,3,3,False
852945d9-e09b-4e27-8897-6d0f23f1f0b8,4,162.5,162.5,9,3,3,3,False
56f518ca-92c4-4527-a12e-84c27ce618a4,1,85,85,10,3,3,3,False
56f518ca-92c4-4527-a12e-84c27ce618a4,2,85,85,11,3,3,3,False
56f518ca-92c4-4527-a12e-84c27ce618a4,3,80,80,12,3,3,3,False
56f518ca-92c4-4527-a12e-84c27ce618a4,4,80,80,11,3,3,3,False
19774f52-07e4-4280-abcb-111ed88f5d47,1,30,30,11,3,3,3,False
19774f52-07e4-4280-abcb-111ed88f5d47,2,30,30,10,3,3,3,False
19774f52-07e4-4280-abcb-111ed88f5d47,3,30,30,9,3,3,3,False
a0a7c435-3d9b-4a60-b501-9c171f68d42f,1,22.5,22.5,12,3,3,3,False
a0a7c435-3d9b-4a60-b501-9c171f68d42f,2,22.5,22.5,12,3,3,3,False
a0a7c435-3d9b-4a60-b501-9c171f68d42f,3,22.5,22.5,12,3,2.5,2.5,False
a0a7c435-3d9b-4a60-b501-9c171f68d42f,4,22.5,22.5,12,3,2.5,2.5,False
ec8313f4-eabd-43f3-b002-c3a324183130,1,40,40,8,3,3,3,False
ec8313f4-eabd-43f3-b002-c3a324183130,2,35,35,12,3,3,3,False
ec8313f4-eabd-43f3-b002-c3a324183130,3,35,35,11,3,3,3,False
9ea650be-a0da-404a-9ac5-942dd1a31340,1,80,80,12,6,5+,6,False
9ea650be-a0da-404a-9ac5-942dd1a31340,2,80,80,11,6,5+,6,False
996206aa-adec-4ee3-87d9-1abe74b9a2d9,1,127.5,127.5,16,6,5+,6,False
996206aa-adec-4ee3-87d9-1abe74b9a2d9,2,127.5,127.5,15,6,5+,6,False
e7dd267f-67f4-4540-a398-0fe65d34de14,1,57.5,57.5,10,6,5+,6,False
e7dd267f-67f4-4540-a398-0fe65d34de14,2,57.5,57.5,9,6,5+,6,False
507fe687-163c-4d59-8cc2-2e331ed3b3c5,1,47.5,47.5,10,6,5+,6,False
507fe687-163c-4d59-8cc2-2e331ed3b3c5,2,47.5,47.5,10,6,5+,6,False
24ec64d6-1156-4df4-b3d9-0d488eb15ff4,1,142.5,142.5,11,6,5+,6,False
24ec64d6-1156-4df4-b3d9-0d488eb15ff4,2,142.5,142.5,10,6,5+,6,False
138e84c1-6eac-4156-afa7-059b4eaa644c,1,6.25,6.25,16,6,5+,6,False
138e84c1-6eac-4156-afa7-059b4eaa644c,2,6.25,6.25,15,6,5+,6,False
612569e3-08a9-4097-bd6f-577f8cf24914,1,40,40,12,6,5+,6,False
612569e3-08a9-4097-bd6f-577f8cf24914,2,40,40,12,6,5+,6,False
0d11be2d-753c-4629-9324-65015c09f70e,1,145,145,8,4,4,4,False
0d11be2d-753c-4629-9324-65015c09f70e,2,145,145,8,5,4.5,4.5,False
57407058-3900-4001-b2f4-e30e70c48a0f,1,155,155,10,6,5+,6,False
57407058-3900-4001-b2f4-e30e70c48a0f,2,155,155,10,6,5+,6,False
bf71e5f8-bf8e-4331-9f0e-716e7ef00ad6,1,60,+60,12,6,5+,6,False
bf71e5f8-bf8e-4331-9f0e-716e7ef00ad6,2,60,+60,12,6,5+,6,False
469fc276-5215-44b2-bad5-2905b5e1b47e,1,47.5,47.5,12,6,5+,6,False
469fc276-5215-44b2-bad5-2905b5e1b47e,2,47.5,47.5,12,6,5+,6,False
aad45e2c-4eec-4b9e-b104-eb335d4ce0a8,1,45,45,12,6,5+,6,False
aad45e2c-4eec-4b9e-b104-eb335d4ce0a8,2,45,45,12,6,5+,6,False
3ca6e829-9d4c-4710-a8cf-f2455524c5f4,1,0,+0,14,6,5+,6,False
3ca6e829-9d4c-4710-a8cf-f2455524c5f4,2,0,+0,13,6,5+,6,False
7cecf9fe-5e2c-4069-afc3-49633dc4a020,1,112.5,112.5,8,5,4.5,4.5,False
7cecf9fe-5e2c-4069-afc3-49633dc4a020,2,112.5,112.5,7,4,4,4,False
38f4b423-89f6-4bf5-af52-c497fe59b34c,1,55,55,11,6,5+,6,False
38f4b423-89f6-4bf5-af52-c497fe59b34c,2,50,50,10,6,5+,6,False
3fc787f0-05c0-4b0e-866e-97a09fd3b061,1,205,+205,10,6,5+,6,False
3fc787f0-05c0-4b0e-866e-97a09fd3b061,2,205,+205,10,6,5+,6,False
810c88c5-2c41-4523-a7a8-2dab72a7f5d9,1,270,270,9,6,5+,6,False
810c88c5-2c41-4523-a7a8-2dab72a7f5d9,2,270,270,9,6,5+,6,False
03c591b0-92b4-48d7-a40b-acc334bd95c5,1,25,25,9,6,5+,6,False
03c591b0-92b4-48d7-a40b-acc334bd95c5,2,25,25,9,6,5+,6,False
af149421-56c7-456e-85c4-050738a5a460,1,25,25,11,6,5+,6,False
af149421-56c7-456e-85c4-050738a5a460,2,25,25,10,6,5+,6,False
b167aca7-ceef-48a2-9ff6-aaa35b967fc0,1,65,+65,12,6,5+,6,False
b167aca7-ceef-48a2-9ff6-aaa35b967fc0,2,65,+65,12,6,5+,6,False
0c44e782-c923-4789-a746-832dd132a681,1,267.5,267.5,7,6,5+,6,False
0c44e782-c923-4789-a746-832dd132a681,2,267.5,267.5,7,6,5+,6,False
37bdf0c7-4d18-480c-8974-673570ba4c9a,1,155,155,8,6,5+,6,False
37bdf0c7-4d18-480c-8974-673570ba4c9a,2,155,155,8,6,5+,6,False
f58c498f-44f6-47a6-a878-dae8ccdcbe27,1,57.5,57.5,12,6,5+,6,False
f58c498f-44f6-47a6-a878-dae8ccdcbe27,2,57.5,57.5,12,6,5+,6,False
de1ab9c0-bc34-4e6c-9067-ed3ec182f548,1,57.5,57.5,10,6,5+,6,False
de1ab9c0-bc34-4e6c-9067-ed3ec182f548,2,57.5,57.5,10,5,4.5,4.5,False
64404a81-c177-4bcd-a216-17400dd3a11b,1,25,25,15,6,5+,6,False
64404a81-c177-4bcd-a216-17400dd3a11b,2,25,25,15,5,4.5,4.5,False
5b19a046-7e36-47dd-9cbc-245c8efee60d,1,162.5,162.5,12,6,5+,6,False
5b19a046-7e36-47dd-9cbc-245c8efee60d,2,162.5,162.5,12,6,5+,6,False
f466de06-7f7f-4e8f-805b-a4dc66e9ae5e,1,132.5,132.5,7,5,4.5,4.5,False
f466de06-7f7f-4e8f-805b-a4dc66e9ae5e,2,132.5,132.5,6,4,4,4,False
da48a03b-c92e-4ed1-8166-e2a3bd8ed6f0,1,127.5,127.5,10,6,5+,6,False
da48a03b-c92e-4ed1-8166-e2a3bd8ed6f0,2,127.5,127.5,8,6,5+,6,False
41e3a9fe-95ef-4604-b484-ed685ff242a5,1,142.5,142.5,12,6,5+,6,False
41e3a9fe-95ef-4604-b484-ed685ff242a5,2,142.5,142.5,11,6,5+,6,False
45ab8752-822c-425c-a020-a4042bef18f1,1,77.5,77.5,11,6,5+,6,False
45ab8752-822c-425c-a020-a4042bef18f1,2,77.5,77.5,10,6,5+,6,False
c20736b8-79b0-4876-85a3-7375bf9ff548,1,75,75,10,6,5+,6,False
c20736b8-79b0-4876-85a3-7375bf9ff548,2,75,75,9,6,5+,6,False
c4b86b32-0dbf-4eb7-bb17-89a274776d31,1,20,20,10,6,5+,6,False
c4b86b32-0dbf-4eb7-bb17-89a274776d31,2,20,20,10,6,5+,6,False
7c291485-d169-4d03-ac89-9a00ebe20b97,1,75,75,10,6,5+,6,False
7c291485-d169-4d03-ac89-9a00ebe20b97,2,75,75,10,6,5+,6,False
b6efe9bc-e161-4e70-89b6-f0f8695870db,1,120,120,11,1,0.5,0.5,False
b6efe9bc-e161-4e70-89b6-f0f8695870db,2,120,120,8,0,0,0,False
00e55e07-6520-4b5c-bd4e-f46493a33e86,1,145,145,16,0,0,0,False
00e55e07-6520-4b5c-bd4e-f46493a33e86,2,145,145,14,0,0,0,False
00e55e07-6520-4b5c-bd4e-f46493a33e86,3,145,145,12,0,0,0,False
a6e17000-8b44-4a5d-b917-17e08eee058d,1,70,70,8,1,0.5,0.5,False
a6e17000-8b44-4a5d-b917-17e08eee058d,2,70,70,6,1,1,1,False
a6e17000-8b44-4a5d-b917-17e08eee058d,3,70,70,5,1,1,1,False
a6e17000-8b44-4a5d-b917-17e08eee058d,4,65,65,6,1,0.5,0.5,False
fddc025a-2215-4cc1-889d-3da50c03b9ae,1,55,55,10,0,0,0,False
fddc025a-2215-4cc1-889d-3da50c03b9ae,2,50,50,10,0,0,0,False
fddc025a-2215-4cc1-889d-3da50c03b9ae,3,50,50,9,0,0,0,False
e3b38434-2a48-4691-a859-fc8aae403753,1,167.5,167.5,9,1,0.5,0.5,False
e3b38434-2a48-4691-a859-fc8aae403753,2,160,160,10,0,0,0,False
e3b38434-2a48-4691-a859-fc8aae403753,3,160,160,9,0,0,0,False
149168c6-61c3-42c9-a76b-024f0bbbee4c,1,6.25,6.25,15,0,0,0,False
149168c6-61c3-42c9-a76b-024f0bbbee4c,2,7.5,7.5,12,1,0.5,0.5,False
149168c6-61c3-42c9-a76b-024f0bbbee4c,3,7.5,7.5,12,0,0,0,False
356be012-f135-4c3a-92a9-a2ff35c50b2e,1,45,45,12,0,0,0,False
356be012-f135-4c3a-92a9-a2ff35c50b2e,2,45,45,12,0,0,0,False
356be012-f135-4c3a-92a9-a2ff35c50b2e,3,45,45,12,0,0,0,False
356be012-f135-4c3a-92a9-a2ff35c50b2e,4,45,45,11,0,0,0,False
dcee1129-c148-430a-bf2a-84a8df77a561,1,160,160,8,2,2,2,False
dcee1129-c148-430a-bf2a-84a8df77a561,2,155,155,8,2,2,2,False
dcee1129-c148-430a-bf2a-84a8df77a561,3,155,155,8,2,2,2,False
dcee1129-c148-430a-bf2a-84a8df77a561,4,155,155,10,0,0,0,False
19877eb4-d2c7-464f-a600-dc1f78ec7af1,1,167.5,167.5,11,2,1.5,1.5,False
19877eb4-d2c7-464f-a600-dc1f78ec7af1,2,167.5,167.5,12,0,0,0,False
19877eb4-d2c7-464f-a600-dc1f78ec7af1,3,167.5,167.5,11,0,0,0,False
19877eb4-d2c7-464f-a600-dc1f78ec7af1,4,167.5,167.5,11,0,0,0,False
d4c1cefd-1442-4824-bd5d-67d59595511c,1,75,+75,13,1,1,1,False
d4c1cefd-1442-4824-bd5d-67d59595511c,2,75,+75,13,1,0.5,0.5,False
d4c1cefd-1442-4824-bd5d-67d59595511c,3,75,+75,13,0,0,0,False
d4c1cefd-1442-4824-bd5d-67d59595511c,4,75,+75,12,0,0,0,False
b2e56e7a-aa5f-4bd5-8966-5b1840463938,1,55,55,12,0,0,0,False
b2e56e7a-aa5f-4bd5-8966-5b1840463938,2,55,55,10,1,0.5,0.5,False
b2e56e7a-aa5f-4bd5-8966-5b1840463938,3,53.75,53.75,10,0,0,0,False
5a5f452a-adea-48ca-8db0-2125c3b88ec1,1,50,50,14,0,0,0,False
5a5f452a-adea-48ca-8db0-2125c3b88ec1,2,50,50,12,0,0,0,False
5a5f452a-adea-48ca-8db0-2125c3b88ec1,3,50,50,10,0,0,0,False
e524ffb8-8aa3-4bd7-8381-aaedd7654f2a,1,0,+0,20,1,0.5,0.5,False
e524ffb8-8aa3-4bd7-8381-aaedd7654f2a,2,0,+0,16,1,1,1,False
e524ffb8-8aa3-4bd7-8381-aaedd7654f2a,3,0,+0,16,0,0,0,False
a38bb4fd-9eaf-4599-860a-77f45c4f17f9,1,127.5,127.5,6,1,1,1,False
a38bb4fd-9eaf-4599-860a-77f45c4f17f9,2,122.5,122.5,6,1,0.5,0.5,False
a38bb4fd-9eaf-4599-860a-77f45c4f17f9,3,122.5,122.5,4,1,0.5,0.5,False
a38bb4fd-9eaf-4599-860a-77f45c4f17f9,4,112.5,112.5,8,0,0,0,False
a38bb4fd-9eaf-4599-860a-77f45c4f17f9,5,112.5,112.5,8,0,0,0,False
6190bd94-65ce-4ca5-af49-7f8a9757983f,1,65,65,6,1,0.5,0.5,False
6190bd94-65ce-4ca5-af49-7f8a9757983f,2,57.5,57.5,10,1,0.5,0.5,False
6190bd94-65ce-4ca5-af49-7f8a9757983f,3,57.5,57.5,9,1,0.5,0.5,False
6190bd94-65ce-4ca5-af49-7f8a9757983f,4,57.5,57.5,8,0,0,0,False
6190bd94-65ce-4ca5-af49-7f8a9757983f,5,55,55,8,0,0,0,False
cc5f13cc-4c0c-4d63-b156-b4f7e0b06dbf,1,230,+230,10,0,0,0,False
cc5f13cc-4c0c-4d63-b156-b4f7e0b06dbf,2,230,+230,10,0,0,0,False
cc5f13cc-4c0c-4d63-b156-b4f7e0b06dbf,3,230,+230,10,0,0,0,False
cc5f13cc-4c0c-4d63-b156-b4f7e0b06dbf,4,230,+230,10,0,0,0,False
b07f3333-65c6-48cf-93b3-d66c25b75328,1,322.5,322.5,8,0,0,0,False
b07f3333-65c6-48cf-93b3-d66c25b75328,2,322.5,322.5,8,1,0.5,0.5,False
b07f3333-65c6-48cf-93b3-d66c25b75328,3,322.5,322.5,7,1,0.5,0.5,False
5b8a262d-b658-411c-bb04-e22a77e06b47,1,25,25,14,0,0,0,False
5b8a262d-b658-411c-bb04-e22a77e06b47,2,27.5,27.5,10,0,0,0,False
5b8a262d-b658-411c-bb04-e22a77e06b47,3,27.5,27.5,9,0,0,0,False
5b8a262d-b658-411c-bb04-e22a77e06b47,4,27.5,27.5,9,0,0,0,False
efb255b5-779b-45a2-8245-d790be64f6fd,1,30,30,11,0,0,0,False
efb255b5-779b-45a2-8245-d790be64f6fd,2,28,28,9,1,0.5,0.5,False
efb255b5-779b-45a2-8245-d790be64f6fd,3,27.5,27.5,8,1,0.5,0.5,False
2b852f61-d40a-4312-b32d-c59601629f7f,1,315,315,5,1,0.5,0.5,False
2b852f61-d40a-4312-b32d-c59601629f7f,2,315,315,5,0,0,0,False
2b852f61-d40a-4312-b32d-c59601629f7f,3,315,315,3,0,0,0,False
2b852f61-d40a-4312-b32d-c59601629f7f,4,295,295,4,1,0.5,0.5,False
9e041bc8-b76d-461b-adc8-b2ea14558419,1,175,175,8,0,0,0,False
9e041bc8-b76d-461b-adc8-b2ea14558419,2,175,175,8,0,0,0,False
9e041bc8-b76d-461b-adc8-b2ea14558419,3,175,175,8,0,0,0,False
9e041bc8-b76d-461b-adc8-b2ea14558419,4,175,175,8,0,0,0,False
da748fa4-6825-4804-8818-bdd90699ba15,1,65,65,12,0,0,0,False
da748fa4-6825-4804-8818-bdd90699ba15,2,65,65,11,0,0,0,False
da748fa4-6825-4804-8818-bdd90699ba15,3,65,65,11,0,0,0,False
5619feb5-14a9-428e-83fd-efd9255d5c19,1,65,65,11,0,0,0,False
5619feb5-14a9-428e-83fd-efd9255d5c19,2,65,65,9,1,0.5,0.5,False
5619feb5-14a9-428e-83fd-efd9255d5c19,3,65,65,8,0,0,0,False
6dfcfd7d-126f-4cc4-926d-5eff884af94f,1,27.5,27.5,16,0,0,0,False
6dfcfd7d-126f-4cc4-926d-5eff884af94f,2,27.5,27.5,16,0,0,0,False
6dfcfd7d-126f-4cc4-926d-5eff884af94f,3,27.5,27.5,14,0,0,0,False
311fd48b-951f-4298-86fc-32f56accb03b,1,177.5,177.5,13,0,0,0,False
311fd48b-951f-4298-86fc-32f56accb03b,2,177.5,177.5,12,0,0,0,False
311fd48b-951f-4298-86fc-32f56accb03b,3,177.5,177.5,12,0,0,0,False
311fd48b-951f-4298-86fc-32f56accb03b,4,177.5,177.5,12,0,0,0,False
dd84ac8c-0657-46d2-9f51-964d4a3b0718,1,152.5,152.5,4,1,0.5,0.5,False
dd84ac8c-0657-46d2-9f51-964d4a3b0718,2,147.5,147.5,4,1,0.5,0.5,False
dd84ac8c-0657-46d2-9f51-964d4a3b0718,3,145,145,5,1,0.5,0.5,False
dd84ac8c-0657-46d2-9f51-964d4a3b0718,4,145,145,4,1,0.5,0.5,False
dd84ac8c-0657-46d2-9f51-964d4a3b0718,5,145,145,4,0,0,0,False
2c2f05dd-a484-4026-8c4e-d52a2744b1a7,1,145,145,8,1,0.5,0.5,False
2c2f05dd-a484-4026-8c4e-d52a2744b1a7,2,145,145,8,0,0,0,False
2c2f05dd-a484-4026-8c4e-d52a2744b1a7,3,145,145,7,0,0,0,False
d1259f58-740f-4686-8a51-b9763fdfd231,1,165,165,10,0,0,0,False
d1259f58-740f-4686-8a51-b9763fdfd231,2,165,165,10,0,0,0,False
d1259f58-740f-4686-8a51-b9763fdfd231,3,165,165,10,0,0,0,False
d1259f58-740f-4686-8a51-b9763fdfd231,4,165,165,9,0,0,0,False
8336e29e-f5e8-4dbc-8c99-72d93443b6e5,1,72.5,72.5,18,0,0,0,False
8336e29e-f5e8-4dbc-8c99-72d93443b6e5,2,80,80,15,0,0,0,False
8336e29e-f5e8-4dbc-8c99-72d93443b6e5,3,80,80,13,0,0,0,False
8336e29e-f5e8-4dbc-8c99-72d93443b6e5,4,80,80,12,0,0,0,False
04db5034-3d9d-475f-b3a6-a42ae163cb95,1,80,80,12,0,0,0,False
04db5034-3d9d-475f-b3a6-a42ae163cb95,2,80,80,12,0,0,0,False
04db5034-3d9d-475f-b3a6-a42ae163cb95,3,80,80,10,1,0.5,0.5,False
9f5798f5-ae40-48b7-a0bb-72bc5cace022,1,23,23,10,0,0,0,False
9f5798f5-ae40-48b7-a0bb-72bc5cace022,2,23,23,9,0,0,0,False
9f5798f5-ae40-48b7-a0bb-72bc5cace022,3,23,23,8,0,0,0,False
97c97a66-e9f8-4a3f-b465-e905116b95c6,1,90,90,9,0,0,0,False
97c97a66-e9f8-4a3f-b465-e905116b95c6,2,90,90,7,1,0.5,0.5,False
97c97a66-e9f8-4a3f-b465-e905116b95c6,3,82.5,82.5,9,0,0,0,False
f1574811-315b-4cf5-ba61-2b8a762db379,1,110,110,12,1,1,1,False
f1574811-315b-4cf5-ba61-2b8a762db379,2,110,110,12,1,1,1,False
f1574811-315b-4cf5-ba61-2b8a762db379,3,110,110,10,1,1,1,False
5b35e66d-beb7-4f14-a7d1-39fd0e7f8bfd,1,140,140,13,1,1,1,False
5b35e66d-beb7-4f14-a7d1-39fd0e7f8bfd,2,140,140,12,1,1,1,False
5b35e66d-beb7-4f14-a7d1-39fd0e7f8bfd,3,130,130,15,1,0.5,0.5,False
4ecca676-fb0d-4a97-a112-06848e3125e9,1,70,70,7,1,1,1,False
4ecca676-fb0d-4a97-a112-06848e3125e9,2,70,70,6,1,0.5,0.5,False
4ecca676-fb0d-4a97-a112-06848e3125e9,3,65,65,6,1,1,1,False
4ecca676-fb0d-4a97-a112-06848e3125e9,4,65,65,6,1,0.5,0.5,False
2cbb2296-04b6-4b26-9d78-96cfc2a9d86c,1,52.5,52.5,10,2,1.5,1.5,False
2cbb2296-04b6-4b26-9d78-96cfc2a9d86c,2,52.5,52.5,8,1,1,1,False
2cbb2296-04b6-4b26-9d78-96cfc2a9d86c,3,50,50,9,1,0.5,0.5,False
27500788-864f-4100-9b89-14e337cbaf6e,1,165,165,10,1,1,1,False
27500788-864f-4100-9b89-14e337cbaf6e,2,160,160,10,1,0.5,0.5,False
27500788-864f-4100-9b89-14e337cbaf6e,3,160,160,9,1,0.5,0.5,False
fa954ed3-eff1-49da-9f2b-0fd1ac45fc34,1,5,5,13,1,1,1,False
fa954ed3-eff1-49da-9f2b-0fd1ac45fc34,2,5,5,13,1,1,1,False
fa954ed3-eff1-49da-9f2b-0fd1ac45fc34,3,5,5,14,1,1,1,False
f964d237-095e-4d6f-8136-d0c851aa97f0,1,40,40,14,1,1,1,False
f964d237-095e-4d6f-8136-d0c851aa97f0,2,40,40,14,1,1,1,False
f964d237-095e-4d6f-8136-d0c851aa97f0,3,40,40,14,1,1,1,False
f964d237-095e-4d6f-8136-d0c851aa97f0,4,42.5,42.5,12,1,1,1,False
bbad6840-293d-472f-80ad-68335fba20a6,1,155,155,8,2,2,2,False
bbad6840-293d-472f-80ad-68335fba20a6,2,155,155,7,2,2,2,False
bbad6840-293d-472f-80ad-68335fba20a6,3,155,155,7,2,2,2,False
bbad6840-293d-472f-80ad-68335fba20a6,4,155,155,8,2,1.5,1.5,False
313acb24-c804-4a4f-b005-39f59992a97c,1,165,165,10,2,2,2,False
313acb24-c804-4a4f-b005-39f59992a97c,2,165,165,10,2,2,2,False
313acb24-c804-4a4f-b005-39f59992a97c,3,165,165,10,2,1.5,1.5,False
313acb24-c804-4a4f-b005-39f59992a97c,4,165,165,10,1,1,1,False
8936e6c8-4f74-4a33-bfa0-deee35c91ff7,1,65,+65,13,2,1.5,1.5,False
8936e6c8-4f74-4a33-bfa0-deee35c91ff7,2,65,+65,13,1,1,1,False
8936e6c8-4f74-4a33-bfa0-deee35c91ff7,3,65,+65,12,1,1,1,False
8936e6c8-4f74-4a33-bfa0-deee35c91ff7,4,65,+65,12,1,1,1,False
716f6e74-595e-4fd5-b41b-3f0be05041f3,1,50,50,14,1,1,1,False
716f6e74-595e-4fd5-b41b-3f0be05041f3,2,50,50,13,1,1,1,False
716f6e74-595e-4fd5-b41b-3f0be05041f3,3,50,50,12,1,0.5,0.5,False
38e9128b-338e-44ba-af40-1b70e612233b,1,52.5,52.5,12,1,1,1,False
38e9128b-338e-44ba-af40-1b70e612233b,2,50,50,12,1,1,1,False
38e9128b-338e-44ba-af40-1b70e612233b,3,50,50,12,1,0.5,0.5,False
84f71a6a-237c-4dfb-89a2-19ff68c5a938,1,0,+0,16,2,2,2,False
84f71a6a-237c-4dfb-89a2-19ff68c5a938,2,0,+0,16,1,1,1,False
84f71a6a-237c-4dfb-89a2-19ff68c5a938,3,0,+0,15,1,1,1,False
0342dd7b-592b-481b-9efb-0dd55c4bafc5,1,122.5,122.5,8,1,0.5,0.5,False
0342dd7b-592b-481b-9efb-0dd55c4bafc5,2,117.5,117.5,8,1,0.5,0.5,False
0342dd7b-592b-481b-9efb-0dd55c4bafc5,3,117.5,117.5,7,1,0.5,0.5,False
0342dd7b-592b-481b-9efb-0dd55c4bafc5,4,117.5,117.5,6,1,0.5,0.5,False
57f895dc-c823-422b-95dc-104e2f8b1b60,1,62.5,62.5,10,1,1,1,False
57f895dc-c823-422b-95dc-104e2f8b1b60,2,62.5,62.5,8,1,1,1,False
57f895dc-c823-422b-95dc-104e2f8b1b60,3,60,60,8,1,1,1,False
57f895dc-c823-422b-95dc-104e2f8b1b60,4,60,60,8,0,0,0,False
53e7a6eb-0062-40cf-aa76-2dc2b32a6c7c,1,220,+220,10,1,1,1,False
53e7a6eb-0062-40cf-aa76-2dc2b32a6c7c,2,220,+220,10,1,1,1,False
53e7a6eb-0062-40cf-aa76-2dc2b32a6c7c,3,220,+220,10,1,1,1,False
53e7a6eb-0062-40cf-aa76-2dc2b32a6c7c,4,220,+220,10,1,1,1,False
95b97f59-3939-4874-847f-0b6fdd592e23,1,332.5,332.5,8,1,1,1,False
95b97f59-3939-4874-847f-0b6fdd592e23,2,332.5,332.5,7,1,1,1,False
95b97f59-3939-4874-847f-0b6fdd592e23,3,332.5,332.5,7,1,1,1,False
70f1f324-44b6-48ae-b498-9ad4f67657c8,1,25,25,10,1,1,1,False
70f1f324-44b6-48ae-b498-9ad4f67657c8,2,25,25,10,1,1,1,False
70f1f324-44b6-48ae-b498-9ad4f67657c8,3,25,25,10,1,1,1,False
70f1f324-44b6-48ae-b498-9ad4f67657c8,4,25,25,10,1,1,1,False
93432249-14a5-434d-9c98-8fac3fa16ca9,1,30,30,10,1,1,1,False
93432249-14a5-434d-9c98-8fac3fa16ca9,2,28,28,11,1,1,1,False
93432249-14a5-434d-9c98-8fac3fa16ca9,3,28,28,10,1,1,1,False
f44c4cab-2b85-4a72-9293-03af85f494fb,1,75,+75,13,1,1,1,False
f44c4cab-2b85-4a72-9293-03af85f494fb,2,75,+75,13,1,1,1,False
f44c4cab-2b85-4a72-9293-03af85f494fb,3,75,+75,12,1,1,1,False
9424cc73-5386-42a2-8226-02ddf40e4278,1,282.5,282.5,8,2,2,2,False
9424cc73-5386-42a2-8226-02ddf40e4278,2,305,305,7,1,1,1,False
9424cc73-5386-42a2-8226-02ddf40e4278,3,305,305,6,1,1,1,False
9424cc73-5386-42a2-8226-02ddf40e4278,4,295,295,5,1,0.5,0.5,False
e81b2aeb-86d2-4f68-9d0b-a3d7d238f2ee,1,165,165,9,1,1,1,False
e81b2aeb-86d2-4f68-9d0b-a3d7d238f2ee,2,165,165,9,1,1,1,False
e81b2aeb-86d2-4f68-9d0b-a3d7d238f2ee,3,165,165,9,1,1,1,False
e81b2aeb-86d2-4f68-9d0b-a3d7d238f2ee,4,165,165,9,1,1,1,False
0a393536-658b-42f4-b8f8-67ae921b1ef3,1,62.5,62.5,12,1,1,1,False
0a393536-658b-42f4-b8f8-67ae921b1ef3,2,62.5,62.5,11,1,1,1,False
0a393536-658b-42f4-b8f8-67ae921b1ef3,3,62.5,62.5,11,1,1,1,False
d16dba2e-96cb-4f1f-ab43-4e6c10e53cbe,1,65,65,10,1,1,1,False
d16dba2e-96cb-4f1f-ab43-4e6c10e53cbe,2,65,65,8,1,1,1,False
d16dba2e-96cb-4f1f-ab43-4e6c10e53cbe,3,60,60,10,1,1,1,False
d05f7fb2-b866-4ad4-87f3-521566332bca,1,27.5,27.5,14,1,1,1,False
d05f7fb2-b866-4ad4-87f3-521566332bca,2,27.5,27.5,14,1,1,1,False
d05f7fb2-b866-4ad4-87f3-521566332bca,3,27.5,27.5,12,1,1,1,False
5bc5c235-3b0b-4df7-8a5c-d0d902042daa,1,167.5,167.5,12,1,1,1,False
5bc5c235-3b0b-4df7-8a5c-d0d902042daa,2,167.5,167.5,12,1,1,1,False
5bc5c235-3b0b-4df7-8a5c-d0d902042daa,3,167.5,167.5,12,1,1,1,False
5bc5c235-3b0b-4df7-8a5c-d0d902042daa,4,167.5,167.5,12,1,1,1,False
df33d930-888e-4202-81ca-01f3020eaaec,1,147.5,147.5,6,2,1.5,1.5,False
df33d930-888e-4202-81ca-01f3020eaaec,2,147.5,147.5,5,1,1,1,False
df33d930-888e-4202-81ca-01f3020eaaec,3,147.5,147.5,3,1,0.5,0.5,False
df33d930-888e-4202-81ca-01f3020eaaec,4,127.5,127.5,8,1,1,1,False
df33d930-888e-4202-81ca-01f3020eaaec,5,127.5,127.5,8,1,1,1,False
38b2304f-3829-41bf-947a-6148a76523b2,1,147.5,147.5,7,1,0.5,0.5,False
38b2304f-3829-41bf-947a-6148a76523b2,2,142.5,142.5,8,1,1,1,False
38b2304f-3829-41bf-947a-6148a76523b2,3,142.5,142.5,7,1,0.5,0.5,False
d2c3802a-148e-454b-8010-1ce2a1d87811,1,158.75,158.75,10,1,1,1,False
d2c3802a-148e-454b-8010-1ce2a1d87811,2,158.75,158.75,10,1,1,1,False
d2c3802a-148e-454b-8010-1ce2a1d87811,3,158.75,158.75,9,1,1,1,False
d2c3802a-148e-454b-8010-1ce2a1d87811,4,158.75,158.75,9,1,1,1,False
1c6ffc67-9fea-48d8-a199-70f7bc79ccbf,1,80,80,13,1,1,1,False
1c6ffc67-9fea-48d8-a199-70f7bc79ccbf,2,80,80,12,1,1,1,False
1c6ffc67-9fea-48d8-a199-70f7bc79ccbf,3,80,80,10,1,1,1,False
1c6ffc67-9fea-48d8-a199-70f7bc79ccbf,4,80,80,10,1,1,1,False
f7b40c7c-0cbe-451b-afc6-317d4718a87c,1,80,80,10,1,1,1,False
f7b40c7c-0cbe-451b-afc6-317d4718a87c,2,80,80,10,1,1,1,False
f7b40c7c-0cbe-451b-afc6-317d4718a87c,3,80,80,9,1,1,1,False
6579cd9f-f76d-4e09-ab55-9dab9fdebb70,1,22.5,22.5,9,1,1,1,False
6579cd9f-f76d-4e09-ab55-9dab9fdebb70,2,22.5,22.5,8,1,1,1,False
6579cd9f-f76d-4e09-ab55-9dab9fdebb70,3,22.5,22.5,7,1,1,1,False
dcdf60f9-535a-4101-94d5-9e7e20e6472b,1,55,+55,10,1,1,1,False
dcdf60f9-535a-4101-94d5-9e7e20e6472b,2,55,+55,10,1,1,1,False
dcdf60f9-535a-4101-94d5-9e7e20e6472b,3,55,+55,10,1,1,1,False
c404ea09-3278-4a5b-98df-ed441db166fe,1,100,100,12,2,2,2,False
c404ea09-3278-4a5b-98df-ed441db166fe,2,100,100,12,2,1.5,1.5,False
c404ea09-3278-4a5b-98df-ed441db166fe,3,100,100,12,1,1,1,False
46cfcfef-537f-47a4-9f80-2d4e2b3bd5ce,1,137.5,137.5,13,1,1,1,False
46cfcfef-537f-47a4-9f80-2d4e2b3bd5ce,2,137.5,137.5,12,1,1,1,False
46cfcfef-537f-47a4-9f80-2d4e2b3bd5ce,3,125,125,15,1,0.5,0.5,False
b902e67b-aea3-4428-8d0d-cade1054ea7d,1,65,65,10,1,1,1,False
b902e67b-aea3-4428-8d0d-cade1054ea7d,2,65,65,9,1,1,1,False
b902e67b-aea3-4428-8d0d-cade1054ea7d,3,65,65,6,1,1,1,False
b902e67b-aea3-4428-8d0d-cade1054ea7d,4,65,65,6,1,0.5,0.5,False
5ef6d68f-e33f-469b-82ac-16c76867f2b0,1,50,50,12,2,1.5,1.5,False
5ef6d68f-e33f-469b-82ac-16c76867f2b0,2,50,50,10,2,1.5,1.5,False
5ef6d68f-e33f-469b-82ac-16c76867f2b0,3,50,50,9,1,0.5,0.5,False
09331c8f-e45f-4dea-b430-8a550cc975f5,1,160,160,10,2,1.5,1.5,False
09331c8f-e45f-4dea-b430-8a550cc975f5,2,160,160,10,1,0.5,0.5,False
09331c8f-e45f-4dea-b430-8a550cc975f5,3,160,160,8,1,1,1,False
095efc5e-5288-4a96-a4a0-f7e3e39207a0,1,5,5,12,1,1,1,False
095efc5e-5288-4a96-a4a0-f7e3e39207a0,2,5,5,12,1,1,1,False
095efc5e-5288-4a96-a4a0-f7e3e39207a0,3,5,5,12,1,1,1,False
96d0c252-2da3-4ae2-b9ad-88bf8ac46c02,1,40,40,12,1,1,1,False
96d0c252-2da3-4ae2-b9ad-88bf8ac46c02,2,40,40,13,1,1,1,False
96d0c252-2da3-4ae2-b9ad-88bf8ac46c02,3,40,40,12,1,1,1,False
96d0c252-2da3-4ae2-b9ad-88bf8ac46c02,4,40,40,12,1,1,1,False
59ec6d95-e7ed-45c0-ba87-0a15f9aa510f,1,162.5,162.5,9,1,0.5,0.5,False
59ec6d95-e7ed-45c0-ba87-0a15f9aa510f,2,152.5,152.5,10,1,1,1,False
59ec6d95-e7ed-45c0-ba87-0a15f9aa510f,3,152.5,152.5,9,1,1,1,False
59ec6d95-e7ed-45c0-ba87-0a15f9aa510f,4,152.5,152.5,8,1,1,1,False
1f9523bc-fbd8-4250-a8c5-9e1d35052b0a,1,175,175,11,1,1,1,False
1f9523bc-fbd8-4250-a8c5-9e1d35052b0a,2,165,165,11,1,1,1,False
1f9523bc-fbd8-4250-a8c5-9e1d35052b0a,3,165,165,10,1,1,1,False
1f9523bc-fbd8-4250-a8c5-9e1d35052b0a,4,165,165,10,1,1,1,False
847a40ec-0c7c-488e-8bdb-ce558c20d071,1,62.5,+62.5,13,1,1,1,False
847a40ec-0c7c-488e-8bdb-ce558c20d071,2,62.5,+62.5,12,1,1,1,False
847a40ec-0c7c-488e-8bdb-ce558c20d071,3,62.5,+62.5,12,1,1,1,False
847a40ec-0c7c-488e-8bdb-ce558c20d071,4,62.5,+62.5,12,1,1,1,False
ae46c578-91e0-45d8-b204-e75f490c407b,1,52.5,52.5,11,1,1,1,False
ae46c578-91e0-45d8-b204-e75f490c407b,2,52.5,52.5,10,1,1,1,False
ae46c578-91e0-45d8-b204-e75f490c407b,3,47.5,47.5,13,1,1,1,False
00b6c777-e586-442e-b529-ac3974bf7ccb,1,55,55,11,1,1,1,False
00b6c777-e586-442e-b529-ac3974bf7ccb,2,50,50,12,1,1,1,False
00b6c777-e586-442e-b529-ac3974bf7ccb,3,50,50,11,1,1,1,False
82257e5f-0dbb-40a2-bfad-d4f604272924,1,0,+0,15,2,2,2,False
82257e5f-0dbb-40a2-bfad-d4f604272924,2,0,+0,14,1,1,1,False
82257e5f-0dbb-40a2-bfad-d4f604272924,3,0,+0,14,1,1,1,False
97cadcdb-9e72-423b-949b-866f9698af2f,1,125,125,7,1,1,1,False
97cadcdb-9e72-423b-949b-866f9698af2f,2,120,120,7,1,0.5,0.5,False
97cadcdb-9e72-423b-949b-866f9698af2f,3,115,115,8,1,0.5,0.5,False
97cadcdb-9e72-423b-949b-866f9698af2f,4,115,115,7,1,0.5,0.5,False
b30573bc-ca9b-4ecd-84c4-fc79d0683b60,1,60,60,10,1,1,1,False
b30573bc-ca9b-4ecd-84c4-fc79d0683b60,2,60,60,9,1,1,1,False
b30573bc-ca9b-4ecd-84c4-fc79d0683b60,3,60,60,8,1,0.5,0.5,False
b30573bc-ca9b-4ecd-84c4-fc79d0683b60,4,55,55,10,1,1,1,False
099db782-22f7-4ed9-baa8-eda1eed8b568,1,215,+215,10,1,1,1,False
099db782-22f7-4ed9-baa8-eda1eed8b568,2,215,+215,10,1,1,1,False
099db782-22f7-4ed9-baa8-eda1eed8b568,3,215,+215,10,1,1,1,False
099db782-22f7-4ed9-baa8-eda1eed8b568,4,215,+215,9,1,1,1,False
f2ad1573-311d-4cdf-867a-490e24420e88,1,327.5,327.5,8,1,1,1,False
f2ad1573-311d-4cdf-867a-490e24420e88,2,327.5,327.5,7,1,1,1,False
f2ad1573-311d-4cdf-867a-490e24420e88,3,327.5,327.5,7,1,1,1,False
d9699d5e-8e74-46fc-8d33-9589fc59aa61,1,23,23,12,1,1,1,False
d9699d5e-8e74-46fc-8d33-9589fc59aa61,2,23,23,11,1,1,1,False
d9699d5e-8e74-46fc-8d33-9589fc59aa61,3,23,23,11,1,1,1,False
d9699d5e-8e74-46fc-8d33-9589fc59aa61,4,23,23,10,1,1,1,False
3a8d9354-070c-40a4-9557-05cbaf4214f9,1,27.5,27.5,12,1,1,1,False
3a8d9354-070c-40a4-9557-05cbaf4214f9,2,27.5,27.5,11,1,1,1,False
3a8d9354-070c-40a4-9557-05cbaf4214f9,3,27.5,27.5,9,1,1,1,False
ee25d6c1-1955-4338-a05f-e336cb562eab,1,312.5,312.5,6,1,1,1,False
ee25d6c1-1955-4338-a05f-e336cb562eab,2,312.5,312.5,6,1,1,1,False
ee25d6c1-1955-4338-a05f-e336cb562eab,3,312.5,312.5,6,1,1,1,False
ee25d6c1-1955-4338-a05f-e336cb562eab,4,312.5,312.5,5,1,1,1,False
a11ba4c3-e695-4aba-b432-626689fc3d01,1,170,170,8,1,1,1,False
a11ba4c3-e695-4aba-b432-626689fc3d01,2,170,170,8,1,1,1,False
a11ba4c3-e695-4aba-b432-626689fc3d01,3,170,170,8,1,1,1,False
a11ba4c3-e695-4aba-b432-626689fc3d01,4,170,170,8,1,0.5,0.5,False
abffeea2-907c-4023-8130-b43524e73d01,1,60,60,13,1,1,1,False
abffeea2-907c-4023-8130-b43524e73d01,2,60,60,12,1,1,1,False
abffeea2-907c-4023-8130-b43524e73d01,3,60,60,12,1,1,1,False
f9c65a8d-ebb5-49cc-af57-a172ee1e8a6a,1,65,65,10,1,0.5,0.5,False
f9c65a8d-ebb5-49cc-af57-a172ee1e8a6a,2,60,60,12,1,0.5,0.5,False
f9c65a8d-ebb5-49cc-af57-a172ee1e8a6a,3,60,60,10,1,0.5,0.5,False
d45dba5c-27d8-4fcc-83fc-257780f5be3b,1,27.5,27.5,14,1,1,1,False
d45dba5c-27d8-4fcc-83fc-257780f5be3b,2,27.5,27.5,13,1,1,1,False
d45dba5c-27d8-4fcc-83fc-257780f5be3b,3,25,25,14,1,1,1,False
4fdb61cd-229b-41ae-a4e9-b1a35202d8c5,1,162.5,162.5,12,1,1,1,False
4fdb61cd-229b-41ae-a4e9-b1a35202d8c5,2,162.5,162.5,12,1,1,1,False
4fdb61cd-229b-41ae-a4e9-b1a35202d8c5,3,162.5,162.5,12,1,1,1,False
4fdb61cd-229b-41ae-a4e9-b1a35202d8c5,4,162.5,162.5,12,1,1,1,False
15ecf417-5914-487f-bc98-28428bb197f7,1,145,145,7,2,1.5,1.5,False
15ecf417-5914-487f-bc98-28428bb197f7,2,145,145,6,2,1.5,1.5,False
15ecf417-5914-487f-bc98-28428bb197f7,3,145,145,6,1,0.5,0.5,False
15ecf417-5914-487f-bc98-28428bb197f7,4,145,145,5,1,1,1,False
47670689-4152-4a73-ac34-fcece296eaa6,1,150,150,8,1,0.5,0.5,False
47670689-4152-4a73-ac34-fcece296eaa6,2,150,150,6,1,1,1,False
47670689-4152-4a73-ac34-fcece296eaa6,3,150,150,6,1,1,1,False
2f683d4e-505f-4195-9367-09c4644e906e,1,150,150,10,1,1,1,False
2f683d4e-505f-4195-9367-09c4644e906e,2,150,150,9,1,1,1,False
2f683d4e-505f-4195-9367-09c4644e906e,3,150,150,9,1,1,1,False
2f683d4e-505f-4195-9367-09c4644e906e,4,150,150,9,1,1,1,False
0d732c28-f6f5-4582-8e4a-830e46f3ae81,1,80,80,12,1,0.5,0.5,False
0d732c28-f6f5-4582-8e4a-830e46f3ae81,2,80,80,11,1,1,1,False
0d732c28-f6f5-4582-8e4a-830e46f3ae81,3,80,80,10,1,1,1,False
0d732c28-f6f5-4582-8e4a-830e46f3ae81,4,80,80,10,1,1,1,False
dc93ce2d-48f6-4af5-b3d1-c68c11506a0d,1,80,80,9,1,1,1,False
dc93ce2d-48f6-4af5-b3d1-c68c11506a0d,2,80,80,9,1,1,1,False
dc93ce2d-48f6-4af5-b3d1-c68c11506a0d,3,80,80,8,1,1,1,False
981ca0fa-126c-4010-a9d6-9ec2af0a0277,1,22.5,22.5,8,1,1,1,False
981ca0fa-126c-4010-a9d6-9ec2af0a0277,2,22.5,22.5,8,1,0.5,0.5,False
981ca0fa-126c-4010-a9d6-9ec2af0a0277,3,20,20,12,1,1,1,False
5eb914f0-43f1-43e0-a4d2-37c476395d8f,1,55,+55,9,1,1,1,False
5eb914f0-43f1-43e0-a4d2-37c476395d8f,2,55,+55,9,1,1,1,False
5eb914f0-43f1-43e0-a4d2-37c476395d8f,3,55,+55,9,1,1,1,False
a2eb392b-3793-4d35-8fb8-be237446c309,1,110,110,10,2,2,2,False
a2eb392b-3793-4d35-8fb8-be237446c309,2,110,110,10,2,2,2,False
a2eb392b-3793-4d35-8fb8-be237446c309,3,110,110,10,2,2,2,False
6cd2452f-17ac-47c3-b461-ff27b15862f2,1,132.5,132.5,13,2,2,2,False
6cd2452f-17ac-47c3-b461-ff27b15862f2,2,132.5,132.5,12,2,2,2,False
6cd2452f-17ac-47c3-b461-ff27b15862f2,3,120,120,15,2,2,2,False
c7a38c7d-9ad1-4ba3-aedd-a3c2e94c6c1e,1,67.5,67.5,7,2,2,2,False
c7a38c7d-9ad1-4ba3-aedd-a3c2e94c6c1e,2,67.5,67.5,7,2,2,2,False
c7a38c7d-9ad1-4ba3-aedd-a3c2e94c6c1e,3,67.5,67.5,6,2,2,2,False
c7a38c7d-9ad1-4ba3-aedd-a3c2e94c6c1e,4,67.5,67.5,6,2,1.5,1.5,False
1a46dc5e-d2cd-423e-bd3f-d05b0da1a737,1,55,55,9,1,1,1,False
1a46dc5e-d2cd-423e-bd3f-d05b0da1a737,2,50,50,10,2,2,2,False
1a46dc5e-d2cd-423e-bd3f-d05b0da1a737,3,50,50,10,2,2,2,False
faedce3e-cac0-469f-a444-1ca665da4981,1,155,155,11,2,2,2,False
faedce3e-cac0-469f-a444-1ca665da4981,2,155,155,10,2,2,2,False
faedce3e-cac0-469f-a444-1ca665da4981,3,155,155,9,2,1.5,1.5,False
5f376722-bb44-4b6c-84bf-8244912e9403,1,2.5,2.5,15,2,2,2,False
5f376722-bb44-4b6c-84bf-8244912e9403,2,3.75,3.75,13,2,2,2,False
5f376722-bb44-4b6c-84bf-8244912e9403,3,3.75,3.75,13,2,2,2,False
5df5d1e6-765d-4c12-814c-e4a63cc4b3ce,1,37.5,37.5,12,2,2,2,False
5df5d1e6-765d-4c12-814c-e4a63cc4b3ce,2,37.5,37.5,12,2,2,2,False
5df5d1e6-765d-4c12-814c-e4a63cc4b3ce,3,37.5,37.5,12,2,2,2,False
5df5d1e6-765d-4c12-814c-e4a63cc4b3ce,4,37.5,37.5,12,2,2,2,False
56b19192-fd4a-4f29-b0b0-ba74382c284e,1,160,160,8,2,2,2,False
56b19192-fd4a-4f29-b0b0-ba74382c284e,2,160,160,7,2,2,2,False
56b19192-fd4a-4f29-b0b0-ba74382c284e,3,160,160,7,2,1.5,1.5,False
56b19192-fd4a-4f29-b0b0-ba74382c284e,4,160,160,6,2,2,2,False
382c0555-f7ef-470d-b774-5395b5fdf3d8,1,170,170,11,2,2,2,False
382c0555-f7ef-470d-b774-5395b5fdf3d8,2,170,170,10,1,1,1,False
382c0555-f7ef-470d-b774-5395b5fdf3d8,3,170,170,9,2,1.5,1.5,False
382c0555-f7ef-470d-b774-5395b5fdf3d8,4,170,170,8,2,2,2,False
05b82b55-bcb4-49f0-b27f-8f63ba0500ca,1,57.5,+57.5,11,2,2,2,False
05b82b55-bcb4-49f0-b27f-8f63ba0500ca,2,57.5,+57.5,12,2,2,2,False
05b82b55-bcb4-49f0-b27f-8f63ba0500ca,3,57.5,+57.5,12,2,2,2,False
05b82b55-bcb4-49f0-b27f-8f63ba0500ca,4,57.5,+57.5,11,2,2,2,False
fc63b9e5-5cbe-4f64-bd85-c2fef275b62f,1,50,50,13,2,1.5,1.5,False
fc63b9e5-5cbe-4f64-bd85-c2fef275b62f,2,50,50,11,1,1,1,False
fc63b9e5-5cbe-4f64-bd85-c2fef275b62f,3,50,50,9,1,1,1,False
271e5b84-d124-4855-b2e3-99631116983e,1,52.5,52.5,11,2,2,2,False
271e5b84-d124-4855-b2e3-99631116983e,2,52.5,52.5,10,2,2,2,False
271e5b84-d124-4855-b2e3-99631116983e,3,52.5,52.5,10,2,1.5,1.5,False
282fd6c7-445c-48de-8115-c0a8498ee145,1,5,+5,15,2,2,2,False
282fd6c7-445c-48de-8115-c0a8498ee145,2,5,+5,13,2,2,2,False
282fd6c7-445c-48de-8115-c0a8498ee145,3,5,+5,12,1,1,1,False
959720cd-ec2f-4939-81dd-8893c70c7d9c,1,122.5,122.5,8,2,1.5,1.5,False
959720cd-ec2f-4939-81dd-8893c70c7d9c,2,122.5,122.5,7,1,1,1,False
959720cd-ec2f-4939-81dd-8893c70c7d9c,3,122.5,122.5,6,2,1.5,1.5,False
959720cd-ec2f-4939-81dd-8893c70c7d9c,4,115,115,8,2,1.5,1.5,False
2bc0494c-debb-4ad9-98a2-790604e5cf04,1,62.5,62.5,10,2,1.5,1.5,False
2bc0494c-debb-4ad9-98a2-790604e5cf04,2,62.5,62.5,7,2,2,2,False
2bc0494c-debb-4ad9-98a2-790604e5cf04,3,57.5,57.5,10,2,2,2,False
2bc0494c-debb-4ad9-98a2-790604e5cf04,4,57.5,57.5,9,2,2,2,False
9e94066c-61c6-4831-a26b-fcdbbb672c07,1,205,+205,10,2,2,2,False
9e94066c-61c6-4831-a26b-fcdbbb672c07,2,205,+205,9,2,2,2,False
9e94066c-61c6-4831-a26b-fcdbbb672c07,3,205,+205,9,2,2,2,False
9e94066c-61c6-4831-a26b-fcdbbb672c07,4,205,+205,9,2,1.5,1.5,False
850fb739-dd8b-4203-bcbd-a6959883dc6f,1,312.5,312.5,8,2,2,2,False
850fb739-dd8b-4203-bcbd-a6959883dc6f,2,312.5,312.5,8,2,2,2,False
850fb739-dd8b-4203-bcbd-a6959883dc6f,3,312.5,312.5,7,2,2,2,False
c6c678be-f3c8-4d43-8c91-8cc4456830cd,1,22.5,22.5,10,2,2,2,False
c6c678be-f3c8-4d43-8c91-8cc4456830cd,2,22.5,22.5,10,2,2,2,False
c6c678be-f3c8-4d43-8c91-8cc4456830cd,3,22.5,22.5,10,2,2,2,False
c6c678be-f3c8-4d43-8c91-8cc4456830cd,4,22.5,22.5,10,2,2,2,False
b111351e-1b1f-4e0b-8ac8-6bec5b495763,1,25,25,14,2,2,2,False
b111351e-1b1f-4e0b-8ac8-6bec5b495763,2,25,25,14,2,2,2,False
b111351e-1b1f-4e0b-8ac8-6bec5b495763,3,25,25,12,2,2,2,False
5e6a698f-678e-47bc-8031-4e1ddd9592a9,1,75,+75,11,2,2,2,False
5e6a698f-678e-47bc-8031-4e1ddd9592a9,2,75,+75,11,2,2,2,False
5e6a698f-678e-47bc-8031-4e1ddd9592a9,3,75,+75,10,2,2,2,False
61c28379-f104-459c-9e72-7e7b175e69d3,1,297.5,297.5,6,2,2,2,False
61c28379-f104-459c-9e72-7e7b175e69d3,2,297.5,297.5,6,2,2,2,False
61c28379-f104-459c-9e72-7e7b175e69d3,3,297.5,297.5,6,2,2,2,False
61c28379-f104-459c-9e72-7e7b175e69d3,4,297.5,297.5,5,2,2,2,False
26e0ba8f-7a57-4030-8564-6bd86309dac6,1,162.5,162.5,8,2,2,2,False
26e0ba8f-7a57-4030-8564-6bd86309dac6,2,162.5,162.5,8,2,2,2,False
26e0ba8f-7a57-4030-8564-6bd86309dac6,3,162.5,162.5,8,2,2,2,False
26e0ba8f-7a57-4030-8564-6bd86309dac6,4,162.5,162.5,8,2,2,2,False
562be022-7ab1-4134-bb6d-7d94211f8ad3,1,60,60,11,2,2,2,False
562be022-7ab1-4134-bb6d-7d94211f8ad3,2,60,60,10,2,2,2,False
562be022-7ab1-4134-bb6d-7d94211f8ad3,3,60,60,10,2,2,2,False
2a8a0e40-6a42-4c52-bff4-6c848105df55,1,62.5,62.5,10,2,2,2,False
2a8a0e40-6a42-4c52-bff4-6c848105df55,2,62.5,62.5,9,2,2,2,False
2a8a0e40-6a42-4c52-bff4-6c848105df55,3,62.5,62.5,8,1,1,1,False
cc48edca-1c40-4408-b8cf-4bd05b68d95a,1,25,25,17,2,2,2,False
cc48edca-1c40-4408-b8cf-4bd05b68d95a,2,25,25,17,2,2,2,False
cc48edca-1c40-4408-b8cf-4bd05b68d95a,3,25,25,17,2,2,2,False
38e37507-5040-4af2-9d80-ad6934b76268,1,152.5,152.5,12,2,2,2,False
38e37507-5040-4af2-9d80-ad6934b76268,2,152.5,152.5,12,2,2,2,False
38e37507-5040-4af2-9d80-ad6934b76268,3,152.5,152.5,12,2,2,2,False
38e37507-5040-4af2-9d80-ad6934b76268,4,152.5,152.5,12,2,2,2,False
f72ad5d4-1036-4adf-87ff-619d2dced45f,1,142.5,142.5,7,2,2,2,False
f72ad5d4-1036-4adf-87ff-619d2dced45f,2,142.5,142.5,6,2,2,2,False
f72ad5d4-1036-4adf-87ff-619d2dced45f,3,142.5,142.5,6,1,0.5,0.5,False
f72ad5d4-1036-4adf-87ff-619d2dced45f,4,142.5,142.5,4,2,2,2,False
cbb49c64-9b80-4509-b0f2-09a094eddd23,1,142.5,142.5,8,2,2,2,False
cbb49c64-9b80-4509-b0f2-09a094eddd23,2,142.5,142.5,8,2,2,2,False
cbb49c64-9b80-4509-b0f2-09a094eddd23,3,142.5,142.5,7,2,2,2,False
9f26e45c-8b80-42b0-893a-716033d2ddad,1,140,140,9,2,2,2,False
9f26e45c-8b80-42b0-893a-716033d2ddad,2,140,140,10,2,2,2,False
9f26e45c-8b80-42b0-893a-716033d2ddad,3,140,140,10,2,2,2,False
9f26e45c-8b80-42b0-893a-716033d2ddad,4,140,140,9,2,2,2,False
9473cc91-7c9d-4fdd-844e-7044c3758800,1,77.5,77.5,12,2,2,2,False
9473cc91-7c9d-4fdd-844e-7044c3758800,2,77.5,77.5,10,2,2,2,False
9473cc91-7c9d-4fdd-844e-7044c3758800,3,77.5,77.5,10,2,2,2,False
9473cc91-7c9d-4fdd-844e-7044c3758800,4,72.5,72.5,12,2,1.5,1.5,False
0902778a-cbfe-4af3-be00-607b0a869aa3,1,75,75,10,2,2,2,False
0902778a-cbfe-4af3-be00-607b0a869aa3,2,75,75,9,2,2,2,False
0902778a-cbfe-4af3-be00-607b0a869aa3,3,75,75,8,2,2,2,False
ec70661e-0a41-436d-bd77-ab5e6d779801,1,20,20,11,2,2,2,False
ec70661e-0a41-436d-bd77-ab5e6d779801,2,20,20,11,2,2,2,False
ec70661e-0a41-436d-bd77-ab5e6d779801,3,20,20,10,2,2,2,False
16876fca-b25a-4728-86d9-8674d8b2b108,1,47.5,+47.5,9,2,2,2,False
16876fca-b25a-4728-86d9-8674d8b2b108,2,47.5,+47.5,9,2,2,2,False
16876fca-b25a-4728-86d9-8674d8b2b108,3,47.5,+47.5,9,2,2,2,False
2ec4c909-74a8-4a54-8dde-04ac4684aff0,1,85,85,12,3,3,3,False
2ec4c909-74a8-4a54-8dde-04ac4684aff0,2,85,85,12,3,3,3,False
2ec4c909-74a8-4a54-8dde-04ac4684aff0,3,85,85,12,3,2.5,2.5,False
a26fee7c-1c32-48ed-b4ee-96a0c23fab60,1,122.5,122.5,14,3,3,3,False
a26fee7c-1c32-48ed-b4ee-96a0c23fab60,2,122.5,122.5,13,3,3,3,False
a26fee7c-1c32-48ed-b4ee-96a0c23fab60,3,122.5,122.5,12,3,2.5,2.5,False
a74089ca-2ae6-41b1-a895-316d2177178a,1,62.5,62.5,8,3,3,3,False
a74089ca-2ae6-41b1-a895-316d2177178a,2,62.5,62.5,8,3,3,3,False
a74089ca-2ae6-41b1-a895-316d2177178a,3,62.5,62.5,7,3,3,3,False
a74089ca-2ae6-41b1-a895-316d2177178a,4,62.5,62.5,7,3,2.5,2.5,False
06626268-00d7-41bc-95f9-17f16f2d4cdd,1,52.5,52.5,10,3,3,3,False
06626268-00d7-41bc-95f9-17f16f2d4cdd,2,52.5,52.5,9,3,3,3,False
06626268-00d7-41bc-95f9-17f16f2d4cdd,3,52.5,52.5,8,3,3,3,False
91c82d36-d944-444a-b6a6-8088c0472cd6,1,152.5,152.5,10,3,3,3,False
91c82d36-d944-444a-b6a6-8088c0472cd6,2,152.5,152.5,9,3,3,3,False
91c82d36-d944-444a-b6a6-8088c0472cd6,3,152.5,152.5,8,3,3,3,False
abaa6cd6-1694-4bd0-b744-0d9ee1ed0b67,1,2.5,2.5,12,3,3,3,False
abaa6cd6-1694-4bd0-b744-0d9ee1ed0b67,2,2.5,2.5,12,3,3,3,False
abaa6cd6-1694-4bd0-b744-0d9ee1ed0b67,3,2.5,2.5,12,3,3,3,False
f8b1cd8c-b875-4f43-9cad-a8fd88f84b8b,1,35,35,12,3,3,3,False
f8b1cd8c-b875-4f43-9cad-a8fd88f84b8b,2,35,35,12,3,3,3,False
f8b1cd8c-b875-4f43-9cad-a8fd88f84b8b,3,35,35,12,3,3,3,False
f8b1cd8c-b875-4f43-9cad-a8fd88f84b8b,4,35,35,12,3,3,3,False
2d7becd8-85b1-44fe-bd8f-6057b43eadc2,1,150,150,9,3,3,3,False
2d7becd8-85b1-44fe-bd8f-6057b43eadc2,2,150,150,8,3,3,3,False
2d7becd8-85b1-44fe-bd8f-6057b43eadc2,3,150,150,8,3,3,3,False
2d7becd8-85b1-44fe-bd8f-6057b43eadc2,4,150,150,7,3,3,3,False
d2483ed2-6f91-4492-9a36-607fb23126b5,1,167.5,167.5,10,3,3,3,False
d2483ed2-6f91-4492-9a36-607fb23126b5,2,167.5,167.5,9,3,3,3,False
d2483ed2-6f91-4492-9a36-607fb23126b5,3,167.5,167.5,8,3,3,3,False
d2483ed2-6f91-4492-9a36-607fb23126b5,4,160,160,9,3,3,3,False
343682ce-4bfb-41a0-9354-585e207af61e,1,30,+30,10,3,3,3,False
343682ce-4bfb-41a0-9354-585e207af61e,2,40,+40,10,3,3,3,False
343682ce-4bfb-41a0-9354-585e207af61e,3,45,+45,10,3,3,3,False
343682ce-4bfb-41a0-9354-585e207af61e,4,55,+55,10,3,3,3,False
1479897b-7541-4c09-873e-f448fcf8fa46,1,50,50,11,3,3,3,False
1479897b-7541-4c09-873e-f448fcf8fa46,2,50,50,10,3,3,3,False
1479897b-7541-4c09-873e-f448fcf8fa46,3,50,50,10,3,3,3,False
243d1b3a-8b8e-4110-acd4-c4da31d3a03f,1,50,50,12,3,2.5,2.5,False
243d1b3a-8b8e-4110-acd4-c4da31d3a03f,2,50,50,10,3,3,3,False
243d1b3a-8b8e-4110-acd4-c4da31d3a03f,3,50,50,10,3,3,3,False
05bb5457-4db5-430a-b782-7c6371673a6a,1,5,+5,13,3,3,3,False
05bb5457-4db5-430a-b782-7c6371673a6a,2,5,+5,12,3,3,3,False
05bb5457-4db5-430a-b782-7c6371673a6a,3,0,+0,14,2,2,2,False
eea2c4ce-9839-4d40-8ac3-15bd2f4c8086,1,117.5,117.5,8,3,3,3,False
eea2c4ce-9839-4d40-8ac3-15bd2f4c8086,2,117.5,117.5,7,3,3,3,False
eea2c4ce-9839-4d40-8ac3-15bd2f4c8086,3,117.5,117.5,6,3,3,3,False
eea2c4ce-9839-4d40-8ac3-15bd2f4c8086,4,117.5,117.5,6,3,3,3,False
5612b020-0417-4eb1-a2fa-3c1ea88d0fc7,1,60,60,10,3,3,3,False
5612b020-0417-4eb1-a2fa-3c1ea88d0fc7,2,60,60,9,3,3,3,False
5612b020-0417-4eb1-a2fa-3c1ea88d0fc7,3,60,60,8,3,3,3,False
5612b020-0417-4eb1-a2fa-3c1ea88d0fc7,4,55,55,10,3,3,3,False
63e80191-ac5e-4f2c-a3fb-951858ec5933,1,195,+195,10,3,3,3,False
63e80191-ac5e-4f2c-a3fb-951858ec5933,2,195,+195,10,3,3,3,False
63e80191-ac5e-4f2c-a3fb-951858ec5933,3,195,+195,10,3,3,3,False
63e80191-ac5e-4f2c-a3fb-951858ec5933,4,195,+195,9,3,3,3,False
33244a77-e4e3-4718-97ce-92cf6826b5b8,1,297.5,297.5,8,3,3,3,False
33244a77-e4e3-4718-97ce-92cf6826b5b8,2,297.5,297.5,8,3,3,3,False
33244a77-e4e3-4718-97ce-92cf6826b5b8,3,297.5,297.5,7,3,3,3,False
87392bf6-4daf-467f-891a-e29adfffaffa,1,20,20,12,3,3,3,False
87392bf6-4daf-467f-891a-e29adfffaffa,2,20,20,12,3,3,3,False
87392bf6-4daf-467f-891a-e29adfffaffa,3,20,20,12,3,3,3,False
87392bf6-4daf-467f-891a-e29adfffaffa,4,20,20,12,3,3,3,False
e935f3fb-2493-423f-aa73-74b5349f584e,1,25,25,12,3,3,3,False
e935f3fb-2493-423f-aa73-74b5349f584e,2,25,25,12,3,3,3,False
e935f3fb-2493-423f-aa73-74b5349f584e,3,25,25,11,3,3,3,False
2f3745e9-dbf7-4beb-8bed-1566f9bbdb7e,1,67.5,+67.5,12,3,3,3,False
2f3745e9-dbf7-4beb-8bed-1566f9bbdb7e,2,67.5,+67.5,12,3,3,3,False
2f3745e9-dbf7-4beb-8bed-1566f9bbdb7e,3,67.5,+67.5,11,3,3,3,False
290fd621-fea0-44a7-864a-4f75392e91b4,1,287.5,287.5,6,3,3,3,False
290fd621-fea0-44a7-864a-4f75392e91b4,2,287.5,287.5,6,3,3,3,False
290fd621-fea0-44a7-864a-4f75392e91b4,3,287.5,287.5,5,3,3,3,False
290fd621-fea0-44a7-864a-4f75392e91b4,4,287.5,287.5,5,3,3,3,False
db472877-521b-4102-9326-699036d726c3,1,165,165,8,2,2,2,False
db472877-521b-4102-9326-699036d726c3,2,155,155,8,3,3,3,False
db472877-521b-4102-9326-699036d726c3,3,155,155,8,3,3,3,False
db472877-521b-4102-9326-699036d726c3,4,155,155,8,3,3,3,False
789da611-a447-4dd3-b96e-339d6828e7e7,1,55,55,12,3,3,3,False
789da611-a447-4dd3-b96e-339d6828e7e7,2,55,55,11,3,3,3,False
789da611-a447-4dd3-b96e-339d6828e7e7,3,55,55,10,3,3,3,False
7663e4a3-a394-4675-93a9-43be82b96b92,1,62.5,62.5,9,2,2,2,False
7663e4a3-a394-4675-93a9-43be82b96b92,2,62.5,62.5,8,3,2.5,2.5,False
7663e4a3-a394-4675-93a9-43be82b96b92,3,57.5,57.5,9,3,3,3,False
aadda7df-1123-4831-b7f9-0bd815c333b5,1,25,25,15,3,3,3,False
aadda7df-1123-4831-b7f9-0bd815c333b5,2,25,25,15,3,3,3,False
aadda7df-1123-4831-b7f9-0bd815c333b5,3,25,25,15,3,3,3,False
509f3285-c401-467e-bcf3-ef10e59e9672,1,125,125,12,3,3,3,False
509f3285-c401-467e-bcf3-ef10e59e9672,2,135,135,12,3,3,3,False
509f3285-c401-467e-bcf3-ef10e59e9672,3,135,135,12,3,3,3,False
509f3285-c401-467e-bcf3-ef10e59e9672,4,145,145,12,3,3,3,False
da2a7635-10dc-431b-ac74-c081125b0f8c,1,140,140,6,3,3,3,False
da2a7635-10dc-431b-ac74-c081125b0f8c,2,140,140,5,3,3,3,False
da2a7635-10dc-431b-ac74-c081125b0f8c,3,140,140,5,3,3,3,False
da2a7635-10dc-431b-ac74-c081125b0f8c,4,140,140,4,3,3,3,False
b6b2022a-8fa7-45be-ab13-ec32e8daa4a4,1,130,130,10,3,3,3,False
b6b2022a-8fa7-45be-ab13-ec32e8daa4a4,2,130,130,10,3,3,3,False
b6b2022a-8fa7-45be-ab13-ec32e8daa4a4,3,130,130,9,3,3,3,False
fa9ee1a6-4395-4264-ab01-1e7059bb66e1,1,130,130,10,3,3,3,False
fa9ee1a6-4395-4264-ab01-1e7059bb66e1,2,130,130,10,3,3,3,False
fa9ee1a6-4395-4264-ab01-1e7059bb66e1,3,130,130,10,3,3,3,False
fa9ee1a6-4395-4264-ab01-1e7059bb66e1,4,130,130,10,3,3,3,False
6346fd79-678b-46fd-82aa-4f1a16f1c4be,1,80,80,10,3,3,3,False
6346fd79-678b-46fd-82aa-4f1a16f1c4be,2,75,75,12,3,3,3,False
6346fd79-678b-46fd-82aa-4f1a16f1c4be,3,75,75,11,3,3,3,False
6346fd79-678b-46fd-82aa-4f1a16f1c4be,4,75,75,10,3,2.5,2.5,False
1261c278-c123-43c6-9e4a-ebf470fa30b9,1,70,70,11,3,3,3,False
1261c278-c123-43c6-9e4a-ebf470fa30b9,2,70,70,10,3,3,3,False
1261c278-c123-43c6-9e4a-ebf470fa30b9,3,70,70,9,3,3,3,False
0991573c-8b59-4c9f-ba4f-9c6cc28da8b0,1,20,20,9,3,3,3,False
0991573c-8b59-4c9f-ba4f-9c6cc28da8b0,2,20,20,9,3,3,3,False
0991573c-8b59-4c9f-ba4f-9c6cc28da8b0,3,20,20,8,3,3,3,False
c45980dd-cefb-45c6-9f54-09c9c015fb18,1,40,+40,10,3,3,3,False
c45980dd-cefb-45c6-9f54-09c9c015fb18,2,40,+40,10,3,3,3,False
c45980dd-cefb-45c6-9f54-09c9c015fb18,3,40,+40,10,3,3,3,False
c5e11d96-71c8-40ae-9c9b-0a2cc044e175,1,132.5,132.5,11,6,5+,6,False
c5e11d96-71c8-40ae-9c9b-0a2cc044e175,2,132.5,132.5,10,6,5+,6,False
16d19b55-ef3e-44ff-8814-7b299185953c,1,157.5,157.5,7,6,5+,6,False
16d19b55-ef3e-44ff-8814-7b299185953c,2,157.5,157.5,7,6,5+,6,False
4ca4974a-19b9-4cb9-9911-9c61ba99c49d,1,47.5,47.5,12,6,5+,6,False
4ca4974a-19b9-4cb9-9911-9c61ba99c49d,2,47.5,47.5,11,6,5+,6,False
bf16dc13-6496-4fc3-b55f-68cae358b521,1,232.5,232.5,12,6,5+,6,False
bf16dc13-6496-4fc3-b55f-68cae358b521,2,232.5,232.5,12,6,5+,6,False
2480c977-534e-4e7d-ba16-2d56a2172e49,1,105,105,16,6,5+,6,False
2480c977-534e-4e7d-ba16-2d56a2172e49,2,105,105,16,6,5+,6,False
1a8f0e67-0acf-48dc-8ab2-3ffa1a654562,1,46.5,46.5,10,6,5+,6,False
1a8f0e67-0acf-48dc-8ab2-3ffa1a654562,2,46.5,46.5,9,5,4.5,4.5,False
9465763d-2f3c-4ef2-bceb-de5d4aba762c,1,18,18,10,6,5+,6,False
9465763d-2f3c-4ef2-bceb-de5d4aba762c,2,18,18,10,6,5+,6,False
b0668ab2-894f-449f-955c-fd780048b663,1,75,75,6,6,5+,6,False
b0668ab2-894f-449f-955c-fd780048b663,2,75,75,7,6,5+,6,False
1a531714-593f-4e22-a5fa-e5859365a99c,1,92.5,92.5,10,6,5+,6,False
1a531714-593f-4e22-a5fa-e5859365a99c,2,92.5,92.5,9,6,5+,6,False
91333bc4-41bd-4f43-a136-ba179c9c44b7,1,277.5,277.5,6,6,5+,6,False
91333bc4-41bd-4f43-a136-ba179c9c44b7,2,277.5,277.5,6,6,5+,6,False
7cea2062-341a-4e45-bde4-9e7fdaf562f5,1,22.5,22.5,11,6,5+,6,False
7cea2062-341a-4e45-bde4-9e7fdaf562f5,2,22.5,22.5,10,6,5+,6,False
bcdb6bfc-3e95-40a1-aad3-635935eb142c,1,27.5,27.5,16,6,5+,6,False
bcdb6bfc-3e95-40a1-aad3-635935eb142c,2,27.5,27.5,15,4,4,4,False
852a9953-962a-4346-92dd-a8febe0b568c,1,50,+50,17,6,5+,6,False
852a9953-962a-4346-92dd-a8febe0b568c,2,50,+50,16,6,5+,6,False
5f793ef3-97b6-4777-a5f2-38d653951b32,1,125,125,9,6,5+,6,False
5f793ef3-97b6-4777-a5f2-38d653951b32,2,125,125,8,6,5+,6,False
1917a8e0-22d5-4695-a2df-4f5c2550e4a9,1,50,50,11,6,5+,6,False
1917a8e0-22d5-4695-a2df-4f5c2550e4a9,2,50,50,10,6,5+,6,False
49210797-eef3-4325-b01d-1f10fef03e9b,1,88,88,9,6,5+,6,False
49210797-eef3-4325-b01d-1f10fef03e9b,2,88,88,8,6,5+,6,False
bb892341-fd78-4fb1-8e86-38d17cdd2e1f,1,125,125,9,6,5+,6,False
bb892341-fd78-4fb1-8e86-38d17cdd2e1f,2,125,125,9,6,5+,6,False
00c104bc-9e43-409b-aa92-f77f86210f5c,1,67.5,67.5,13,6,5+,6,False
00c104bc-9e43-409b-aa92-f77f86210f5c,2,67.5,67.5,12,6,5+,6,False
c1d025f6-30a5-4770-b09a-842e60104475,1,150,150,12,6,5+,6,False
c1d025f6-30a5-4770-b09a-842e60104475,2,150,150,11,6,5+,6,False
95d2d3ee-3806-4b95-9a7a-f05eb08fce8e,1,82.5,82.5,12,6,5+,6,False
95d2d3ee-3806-4b95-9a7a-f05eb08fce8e,2,82.5,82.5,12,6,5+,6,False
d25a05d6-cff4-4232-8da9-35743e20674c,1,80,80,10,6,5+,6,False
d25a05d6-cff4-4232-8da9-35743e20674c,2,80,80,10,6,5+,6,False
ca33b84c-173e-437d-9ce9-5d567c42afa0,1,140,140,9,6,5+,6,False
ca33b84c-173e-437d-9ce9-5d567c42afa0,2,140,140,8,6,5+,6,False
6a32a2cc-bb3b-49e6-8242-03f364092fda,1,125,125,13,6,5+,6,False
6a32a2cc-bb3b-49e6-8242-03f364092fda,2,125,125,13,6,5+,6,False
12a7f60d-4e81-4c23-87b3-0268710ace1f,1,90,90,12,6,5+,6,False
12a7f60d-4e81-4c23-87b3-0268710ace1f,2,90,90,12,6,5+,6,False
e4034e46-c73c-4635-90a0-7d5f805a1279,1,30,30,13,6,5+,6,False
e4034e46-c73c-4635-90a0-7d5f805a1279,2,30,30,13,5,4.5,4.5,False
4b60457d-caca-429a-b749-160a527f4142,1,235,235,13,6,5+,6,False
4b60457d-caca-429a-b749-160a527f4142,2,235,235,12,6,5+,6,False
3d163836-a9c1-4c3c-9112-1aeb8a370424,1,110,110,7,6,5+,6,False
3d163836-a9c1-4c3c-9112-1aeb8a370424,2,110,110,7,6,5+,6,False
9adba090-5988-49ef-9475-f6643a582c1d,1,55,55,10,6,5+,6,False
9adba090-5988-49ef-9475-f6643a582c1d,2,55,55,10,6,5+,6,False
9157db3b-f069-465a-803e-fa6bc78f86ca,1,115,115,13,6,5+,6,False
9157db3b-f069-465a-803e-fa6bc78f86ca,2,115,115,13,6,5+,6,False
cc669f27-faa4-4a88-bc03-8f74c1fe36b6,1,72.5,72.5,12,6,5+,6,False
cc669f27-faa4-4a88-bc03-8f74c1fe36b6,2,72.5,72.5,11,6,5+,6,False
89a8d35d-ca01-4df5-9d49-cb2caac88e80,1,7.5,7.5,13,6,5+,6,False
89a8d35d-ca01-4df5-9d49-cb2caac88e80,2,7.5,7.5,12,6,5+,6,False
eabe4b42-c4b6-4369-9a31-fa6c8b1260f3,1,27.5,27.5,11,6,5+,6,False
eabe4b42-c4b6-4369-9a31-fa6c8b1260f3,2,25,25,15,6,5+,6,False
6a6d5a62-8762-4327-a51f-0d3f971c2759,1,45,+45,12,6,5+,6,False
6a6d5a62-8762-4327-a51f-0d3f971c2759,2,45,+45,12,6,5+,6,False
6985a905-f8ed-4a2a-b677-c43ac8696b9a,1,155,155,10,0,0,0,False
6985a905-f8ed-4a2a-b677-c43ac8696b9a,2,150,150,10,0,0,0,False
6985a905-f8ed-4a2a-b677-c43ac8696b9a,3,150,150,10,0,0,0,False
6985a905-f8ed-4a2a-b677-c43ac8696b9a,4,150,150,9,0,0,0,False
b4c28644-beb5-4f30-a8f9-642d9f2f3e0e,1,170,170,10,0,0,0,False
b4c28644-beb5-4f30-a8f9-642d9f2f3e0e,2,165,165,10,0,0,0,False
b4c28644-beb5-4f30-a8f9-642d9f2f3e0e,3,165,165,9,0,0,0,False
46c591c2-6519-4bfd-869e-65eaa694e535,1,57.5,57.5,10,1,0.5,0.5,False
46c591c2-6519-4bfd-869e-65eaa694e535,2,57.5,57.5,9,0,0,0,False
46c591c2-6519-4bfd-869e-65eaa694e535,3,57.5,57.5,7,0,0,0,False
46c591c2-6519-4bfd-869e-65eaa694e535,4,52.5,52.5,9,0,0,0,False
0176d112-63d2-499d-90c4-9256592d26af,1,277.5,277.5,12,0,0,0,False
0176d112-63d2-499d-90c4-9256592d26af,2,277.5,277.5,11,0,0,0,False
0176d112-63d2-499d-90c4-9256592d26af,3,277.5,277.5,11,0,0,0,False
91adf912-7feb-4a7a-910c-970bdbec5322,1,120,120,16,0,0,0,False
91adf912-7feb-4a7a-910c-970bdbec5322,2,120,120,15,0,0,0,False
91adf912-7feb-4a7a-910c-970bdbec5322,3,120,120,14,0,0,0,False
91adf912-7feb-4a7a-910c-970bdbec5322,4,120,120,13,0,0,0,False
dffca179-8a3a-4180-8f6c-2c3dc63e2fe4,1,52.5,52.5,10,0,0,0,False
dffca179-8a3a-4180-8f6c-2c3dc63e2fe4,2,50,50,11,0,0,0,False
dffca179-8a3a-4180-8f6c-2c3dc63e2fe4,3,50,50,10,0,0,0,False
7a2de540-cb65-4232-a7a5-b281f0c670c2,1,20,20,11,0,0,0,False
7a2de540-cb65-4232-a7a5-b281f0c670c2,2,20,20,11,0,0,0,False
7a2de540-cb65-4232-a7a5-b281f0c670c2,3,20,20,10,0,0,0,False
1fc1d5bf-11c1-4419-b3cd-d2adba817a67,1,95,95,3,1,0.5,0.5,False
1fc1d5bf-11c1-4419-b3cd-d2adba817a67,2,90,90,4,1,0.5,0.5,False
1fc1d5bf-11c1-4419-b3cd-d2adba817a67,3,90,90,3,1,0.5,0.5,False
1fc1d5bf-11c1-4419-b3cd-d2adba817a67,4,85,85,6,0,0,0,False
65a31d4d-d12c-4b29-85fd-d830026f9dc6,1,105,105,10,0,0,0,False
65a31d4d-d12c-4b29-85fd-d830026f9dc6,2,105,105,9,0,0,0,False
65a31d4d-d12c-4b29-85fd-d830026f9dc6,3,105,105,8,0,0,0,False
80fa3b7a-d5b4-4113-8b73-1173c8ba5c0e,1,315,315,7,0,0,0,False
80fa3b7a-d5b4-4113-8b73-1173c8ba5c0e,2,315,315,6,1,0.5,0.5,False
80fa3b7a-d5b4-4113-8b73-1173c8ba5c0e,3,315,315,5,1,0.5,0.5,False
80fa3b7a-d5b4-4113-8b73-1173c8ba5c0e,4,315,315,5,0,0,0,False
cabfd8cc-4d34-4d97-9848-dee87a37d80f,1,27.5,27.5,8,0,0,0,False
cabfd8cc-4d34-4d97-9848-dee87a37d80f,2,25,25,11,0,0,0,False
cabfd8cc-4d34-4d97-9848-dee87a37d80f,3,25,25,9,0,0,0,False
5919ba7b-805b-4b86-9589-8730d0945aca,1,32.5,32.5,13,1,0.5,0.5,False
5919ba7b-805b-4b86-9589-8730d0945aca,2,32.5,32.5,12,0,0,0,False
5919ba7b-805b-4b86-9589-8730d0945aca,3,30,30,15,0,0,0,False
f2deba17-b40b-4155-9973-98ce2a718072,1,65,+65,15,0,0,0,False
f2deba17-b40b-4155-9973-98ce2a718072,2,65,+65,14,0,0,0,False
f2deba17-b40b-4155-9973-98ce2a718072,3,65,+65,13,0,0,0,False
60466d02-cef0-4afe-8bc7-c94c61cb0b19,1,145,145,8,0,0,0,False
60466d02-cef0-4afe-8bc7-c94c61cb0b19,2,142.5,142.5,6,1,0.5,0.5,False
60466d02-cef0-4afe-8bc7-c94c61cb0b19,3,142.5,142.5,5,1,0.5,0.5,False
60466d02-cef0-4afe-8bc7-c94c61cb0b19,4,132.5,132.5,8,0,0,0,False
0e0b29c0-fb4c-49e0-8fa8-b9d9504a2b5e,1,60,60,7,1,0.5,0.5,False
0e0b29c0-fb4c-49e0-8fa8-b9d9504a2b5e,2,55,55,9,1,0.5,0.5,False
0e0b29c0-fb4c-49e0-8fa8-b9d9504a2b5e,3,55,55,8,0,0,0,False
0e0b29c0-fb4c-49e0-8fa8-b9d9504a2b5e,4,55,55,8,0,0,0,False
b7fc2085-bdf3-4928-9a85-d3358e6b6aed,1,125,125,8,0,0,0,False
b7fc2085-bdf3-4928-9a85-d3358e6b6aed,2,125,125,8,0,0,0,False
b7fc2085-bdf3-4928-9a85-d3358e6b6aed,3,125,125,8,0,0,0,False
b7fc2085-bdf3-4928-9a85-d3358e6b6aed,4,125,125,7,1,0.5,0.5,False
36379b1d-4171-42fc-ac87-3642d682c306,1,137.5,137.5,10,0,0,0,False
36379b1d-4171-42fc-ac87-3642d682c306,2,137.5,137.5,10,0,0,0,False
36379b1d-4171-42fc-ac87-3642d682c306,3,137.5,137.5,10,0,0,0,False
06a8f4ea-2df8-4255-b1d2-fb887b2519f2,1,80,80,11,1,0.5,0.5,False
06a8f4ea-2df8-4255-b1d2-fb887b2519f2,2,80,80,10,0,0,0,False
06a8f4ea-2df8-4255-b1d2-fb887b2519f2,3,75,75,12,0,0,0,False
06a8f4ea-2df8-4255-b1d2-fb887b2519f2,4,75,75,11,0,0,0,False
97c4e613-ea32-4e82-874e-46f315cd81cd,1,162.5,162.5,13,0,0,0,False
97c4e613-ea32-4e82-874e-46f315cd81cd,2,162.5,162.5,12,0,0,0,False
97c4e613-ea32-4e82-874e-46f315cd81cd,3,162.5,162.5,12,0,0,0,False
e0f0671e-9592-4032-be7c-de1fdf706d45,1,97.5,97.5,13,0,0,0,False
e0f0671e-9592-4032-be7c-de1fdf706d45,2,97.5,97.5,9,1,0.5,0.5,False
e0f0671e-9592-4032-be7c-de1fdf706d45,3,85,85,12,0,0,0,False
08580c82-2878-4477-b6c1-d45cc4d66bc1,1,113,113,8,1,1,1,False
08580c82-2878-4477-b6c1-d45cc4d66bc1,2,110,110,10,0,0,0,False
08580c82-2878-4477-b6c1-d45cc4d66bc1,3,110,110,9,0,0,0,False
d2b41400-cc4d-4b11-be10-0d8111095cc6,1,167.5,167.5,7,0,0,0,False
d2b41400-cc4d-4b11-be10-0d8111095cc6,2,160,160,8,0,0,0,False
d2b41400-cc4d-4b11-be10-0d8111095cc6,3,160,160,7,0,0,0,False
0dfbf77f-83cd-4982-906f-eda890826f88,1,142.5,142.5,12,0,0,0,False
0dfbf77f-83cd-4982-906f-eda890826f88,2,142.5,142.5,11,0,0,0,False
0dfbf77f-83cd-4982-906f-eda890826f88,3,142.5,142.5,11,0,0,0,False
614e7912-b13f-41b4-bff3-153096f1eeac,1,110,110,10,0,0,0,False
614e7912-b13f-41b4-bff3-153096f1eeac,2,110,110,8,1,0.5,0.5,False
614e7912-b13f-41b4-bff3-153096f1eeac,3,105,105,8,1,0.5,0.5,False
31b74e39-9654-4cf6-8647-ef9afe989b36,1,35,35,12,0,0,0,False
31b74e39-9654-4cf6-8647-ef9afe989b36,2,35,35,11,0,0,0,False
31b74e39-9654-4cf6-8647-ef9afe989b36,3,35,35,10,0,0,0,False
5ae2c354-4719-4e16-ad74-4045e7890b12,1,132.5,132.5,6,0,0,0,False
5ae2c354-4719-4e16-ad74-4045e7890b12,2,132.5,132.5,4,0,0,0,False
5ae2c354-4719-4e16-ad74-4045e7890b12,3,127.5,127.5,5,0,0,0,False
5ae2c354-4719-4e16-ad74-4045e7890b12,4,127.5,127.5,5,0,0,0,False
4a375d0b-1412-416b-8000-53df63162bf4,1,65,65,10,0,0,0,False
4a375d0b-1412-416b-8000-53df63162bf4,2,65,65,7,1,0.5,0.5,False
4a375d0b-1412-416b-8000-53df63162bf4,3,60,60,10,0,0,0,False
4a375d0b-1412-416b-8000-53df63162bf4,4,60,60,8,1,0.5,0.5,False
d2dfbdf1-6483-43df-856f-92ac96d59cba,1,127.5,127.5,12,1,0.5,0.5,False
d2dfbdf1-6483-43df-856f-92ac96d59cba,2,127.5,127.5,13,0,0,0,False
d2dfbdf1-6483-43df-856f-92ac96d59cba,3,127.5,127.5,12,1,0.5,0.5,False
d2dfbdf1-6483-43df-856f-92ac96d59cba,4,127.5,127.5,12,0,0,0,False
b17a28d0-08e5-4ae5-b826-831ba33d8744,1,67.5,67.5,20,0,0,0,False
b17a28d0-08e5-4ae5-b826-831ba33d8744,2,75,75,14,1,0.5,0.5,False
b17a28d0-08e5-4ae5-b826-831ba33d8744,3,80,80,11,0,0,0,False
b17a28d0-08e5-4ae5-b826-831ba33d8744,4,80,80,10,0,0,0,False
3f6a2698-638a-477a-9a33-aaee46561c93,1,8.75,8.75,12,0,0,0,False
3f6a2698-638a-477a-9a33-aaee46561c93,2,8.75,8.75,11,0,0,0,False
3f6a2698-638a-477a-9a33-aaee46561c93,3,8.75,8.75,10,0,0,0,False
a67c4194-9a3a-4ce6-bd96-60ab7b046a44,1,30,30,13,0,0,0,False
a67c4194-9a3a-4ce6-bd96-60ab7b046a44,2,30,30,12,0,0,0,False
a67c4194-9a3a-4ce6-bd96-60ab7b046a44,3,30,30,12,0,0,0,False
a67c4194-9a3a-4ce6-bd96-60ab7b046a44,4,30,30,11,0,0,0,False
5c1511a2-a9c8-454b-91bc-eaaeab2f2840,1,52.5,+52.5,12,0,0,0,False
5c1511a2-a9c8-454b-91bc-eaaeab2f2840,2,52.5,+52.5,12,0,0,0,False
5c1511a2-a9c8-454b-91bc-eaaeab2f2840,3,52.5,+52.5,12,0,0,0,False
183baaa6-b103-41ba-a3eb-db6b7b1ac6e0,1,150,150,10,1,1,1,False
183baaa6-b103-41ba-a3eb-db6b7b1ac6e0,2,150,150,9,1,1,1,False
183baaa6-b103-41ba-a3eb-db6b7b1ac6e0,3,150,150,7,1,1,1,False
183baaa6-b103-41ba-a3eb-db6b7b1ac6e0,4,135,135,12,1,1,1,False
f5f1d7ba-f143-467f-8051-49b909bdd002,1,172.5,172.5,8,1,0.5,0.5,False
f5f1d7ba-f143-467f-8051-49b909bdd002,2,162.5,162.5,9,1,1,1,False
f5f1d7ba-f143-467f-8051-49b909bdd002,3,162.5,162.5,8,1,1,1,False
bee9b0ee-3545-417e-be1d-bce55e6dbf39,1,57.5,57.5,10,1,1,1,False
bee9b0ee-3545-417e-be1d-bce55e6dbf39,2,57.5,57.5,8,1,0.5,0.5,False
bee9b0ee-3545-417e-be1d-bce55e6dbf39,3,55,55,7,1,1,1,False
bee9b0ee-3545-417e-be1d-bce55e6dbf39,4,50,50,10,1,1,1,False
295613c7-e64c-4a9a-8ff9-72c5e6d00697,1,265,265,12,1,1,1,False
295613c7-e64c-4a9a-8ff9-72c5e6d00697,2,265,265,11,1,1,1,False
295613c7-e64c-4a9a-8ff9-72c5e6d00697,3,265,265,11,1,1,1,False
96e11c7f-8e4d-41d4-9137-5789a1272d27,1,115,115,15,1,1,1,False
96e11c7f-8e4d-41d4-9137-5789a1272d27,2,115,115,15,1,1,1,False
96e11c7f-8e4d-41d4-9137-5789a1272d27,3,115,115,13,1,1,1,False
96e11c7f-8e4d-41d4-9137-5789a1272d27,4,115,115,13,1,1,1,False
fb817ba4-0e45-4f4e-aa16-ec1af7fae79e,1,51.5,51.5,9,1,1,1,False
fb817ba4-0e45-4f4e-aa16-ec1af7fae79e,2,51.5,51.5,8,1,1,1,False
fb817ba4-0e45-4f4e-aa16-ec1af7fae79e,3,49,49,9,1,1,1,False
f706bb71-69ed-441b-b41b-5e2e8a2caa80,1,18,18,13,1,1,1,False
f706bb71-69ed-441b-b41b-5e2e8a2caa80,2,18,18,13,1,1,1,False
f706bb71-69ed-441b-b41b-5e2e8a2caa80,3,18,18,13,1,1,1,False
37b29fba-60fa-4f41-b999-b938e5f4efcd,1,90,90,5,1,1,1,False
37b29fba-60fa-4f41-b999-b938e5f4efcd,2,90,90,4,1,1,1,False
37b29fba-60fa-4f41-b999-b938e5f4efcd,3,90,90,4,0,0,0,False
37b29fba-60fa-4f41-b999-b938e5f4efcd,4,82.5,82.5,7,1,1,1,False
39c45e1d-6cab-4d79-b17b-d4723f4cb96a,1,102.5,102.5,10,1,0.5,0.5,False
39c45e1d-6cab-4d79-b17b-d4723f4cb96a,2,102.5,102.5,9,1,1,1,False
39c45e1d-6cab-4d79-b17b-d4723f4cb96a,3,102.5,102.5,8,1,0.5,0.5,False
35b88294-6d77-473a-abb6-e30714cab93a,1,312.5,312.5,6,1,1,1,False
35b88294-6d77-473a-abb6-e30714cab93a,2,312.5,312.5,6,1,0.5,0.5,False
35b88294-6d77-473a-abb6-e30714cab93a,3,312.5,312.5,5,1,0.5,0.5,False
35b88294-6d77-473a-abb6-e30714cab93a,4,312.5,312.5,4,1,1,1,False
64fb5407-4ba7-4bd4-9532-17cab71a9cd6,1,25,25,10,1,1,1,False
64fb5407-4ba7-4bd4-9532-17cab71a9cd6,2,25,25,9,1,1,1,False
64fb5407-4ba7-4bd4-9532-17cab71a9cd6,3,25,25,8,1,0.5,0.5,False
8c3413de-f77b-4c8d-879a-d7711d80ac84,1,32.5,32.5,12,1,1,1,False
8c3413de-f77b-4c8d-879a-d7711d80ac84,2,30,30,15,1,1,1,False
8c3413de-f77b-4c8d-879a-d7711d80ac84,3,30,30,13,1,1,1,False
56c12f25-7300-457b-b590-daff4ca705c3,1,55,+55,17,1,1,1,False
56c12f25-7300-457b-b590-daff4ca705c3,2,55,+55,16,1,1,1,False
56c12f25-7300-457b-b590-daff4ca705c3,3,55,+55,16,1,1,1,False
a7b2606d-d312-42df-8350-c60841f49afe,1,140,140,8,1,1,1,False
a7b2606d-d312-42df-8350-c60841f49afe,2,140,140,6,1,1,1,False
a7b2606d-d312-42df-8350-c60841f49afe,3,140,140,6,1,0.5,0.5,False
a7b2606d-d312-42df-8350-c60841f49afe,4,130,130,8,1,1,1,False
7e4f6c03-e2b5-4876-b05b-0e2f3aad4b1d,1,60,60,8,1,0.5,0.5,False
7e4f6c03-e2b5-4876-b05b-0e2f3aad4b1d,2,60,60,7,1,0.5,0.5,False
7e4f6c03-e2b5-4876-b05b-0e2f3aad4b1d,3,60,60,5,1,0.5,0.5,False
7e4f6c03-e2b5-4876-b05b-0e2f3aad4b1d,4,57.5,57.5,7,1,0.5,0.5,False
261a4369-742a-42d5-8c7b-9fc2361224f3,1,115,115,8,1,1,1,False
261a4369-742a-42d5-8c7b-9fc2361224f3,2,115,115,8,1,1,1,False
261a4369-742a-42d5-8c7b-9fc2361224f3,3,115,115,8,1,1,1,False
261a4369-742a-42d5-8c7b-9fc2361224f3,4,115,115,8,1,1,1,False
ebb22431-1f50-4231-9a76-85a235a63409,1,120,120,11,1,1,1,False
ebb22431-1f50-4231-9a76-85a235a63409,2,120,120,11,1,1,1,False
ebb22431-1f50-4231-9a76-85a235a63409,3,120,120,11,1,1,1,False
481212d8-cf9d-456a-b846-4f24fed18c92,1,75,75,12,1,1,1,False
481212d8-cf9d-456a-b846-4f24fed18c92,2,75,75,11,1,1,1,False
481212d8-cf9d-456a-b846-4f24fed18c92,3,75,75,10,1,1,1,False
481212d8-cf9d-456a-b846-4f24fed18c92,4,75,75,10,1,0.5,0.5,False
fb897ccb-5a9d-420a-96d3-bd29bc2a6885,1,155,155,12,1,1,1,False
fb897ccb-5a9d-420a-96d3-bd29bc2a6885,2,155,155,12,1,1,1,False
fb897ccb-5a9d-420a-96d3-bd29bc2a6885,3,155,155,12,1,1,1,False
bd11fecc-5062-4dd9-888a-a6dcb21ec85b,1,95,95,13,1,1,1,False
bd11fecc-5062-4dd9-888a-a6dcb21ec85b,2,95,95,12,1,0.5,0.5,False
bd11fecc-5062-4dd9-888a-a6dcb21ec85b,3,95,95,10,1,0.5,0.5,False
3ab8c406-0a8e-4d56-aa17-3964470f8aad,1,100,100,11,1,1,1,False
3ab8c406-0a8e-4d56-aa17-3964470f8aad,2,100,100,9,1,1,1,False
3ab8c406-0a8e-4d56-aa17-3964470f8aad,3,100,100,8,1,1,1,False
e2e262ef-9e44-4fca-b9e1-eef69754cbdd,1,157.5,157.5,9,1,1,1,False
e2e262ef-9e44-4fca-b9e1-eef69754cbdd,2,157.5,157.5,8,1,0.5,0.5,False
e2e262ef-9e44-4fca-b9e1-eef69754cbdd,3,155,155,7,1,1,1,False
a5d84db0-9e5a-452d-a202-3d40638e6a4a,1,132.5,132.5,12,1,1,1,False
a5d84db0-9e5a-452d-a202-3d40638e6a4a,2,132.5,132.5,12,1,1,1,False
a5d84db0-9e5a-452d-a202-3d40638e6a4a,3,132.5,132.5,12,1,1,1,False
8b1c3cf3-a59e-4b1a-a21b-3139099766ba,1,105,105,10,1,1,1,False
8b1c3cf3-a59e-4b1a-a21b-3139099766ba,2,105,105,10,1,0.5,0.5,False
8b1c3cf3-a59e-4b1a-a21b-3139099766ba,3,105,105,8,1,1,1,False
589bfecc-0ed0-4061-8721-f74b72e77ffd,1,32.5,32.5,12,1,1,1,False
589bfecc-0ed0-4061-8721-f74b72e77ffd,2,32.5,32.5,11,1,1,1,False
589bfecc-0ed0-4061-8721-f74b72e77ffd,3,32.5,32.5,10,1,1,1,False
09517692-1ca3-4fb6-91c9-7497bc7fe867,1,275,275,13,1,1,1,False
09517692-1ca3-4fb6-91c9-7497bc7fe867,2,275,275,12,1,1,1,False
09517692-1ca3-4fb6-91c9-7497bc7fe867,3,275,275,11,1,1,1,False
09517692-1ca3-4fb6-91c9-7497bc7fe867,4,275,275,10,1,0.5,0.5,False
78f015a6-6063-4c94-97a3-d8c8b4220693,1,127.5,127.5,6,1,1,1,False
78f015a6-6063-4c94-97a3-d8c8b4220693,2,127.5,127.5,5,1,0.5,0.5,False
78f015a6-6063-4c94-97a3-d8c8b4220693,3,127.5,127.5,5,1,0.5,0.5,False
78f015a6-6063-4c94-97a3-d8c8b4220693,4,127.5,127.5,4,1,1,1,False
5561fc2d-e3fa-4638-9ab7-4d0a35fece9b,1,60,60,8,1,1,1,False
5561fc2d-e3fa-4638-9ab7-4d0a35fece9b,2,60,60,8,1,0.5,0.5,False
5561fc2d-e3fa-4638-9ab7-4d0a35fece9b,3,60,60,6,1,0.5,0.5,False
5561fc2d-e3fa-4638-9ab7-4d0a35fece9b,4,55,55,10,1,0.5,0.5,False
24d10225-8bf9-4f7b-af3c-35f5328e8025,1,115,115,12,1,1,1,False
24d10225-8bf9-4f7b-af3c-35f5328e8025,2,115,115,11,1,1,1,False
24d10225-8bf9-4f7b-af3c-35f5328e8025,3,115,115,11,1,1,1,False
24d10225-8bf9-4f7b-af3c-35f5328e8025,4,115,115,10,1,1,1,False
3700d01e-6e37-4a12-bfe3-3c973af99fda,1,65,65,12,1,1,1,False
3700d01e-6e37-4a12-bfe3-3c973af99fda,2,65,65,12,1,0.5,0.5,False
3700d01e-6e37-4a12-bfe3-3c973af99fda,3,65,65,8,1,0.5,0.5,False
3700d01e-6e37-4a12-bfe3-3c973af99fda,4,60,60,10,1,1,1,False
a8d12605-19fa-4a27-be57-8927a483afd4,1,8.75,8.75,9,1,1,1,False
a8d12605-19fa-4a27-be57-8927a483afd4,2,8.75,8.75,9,1,1,1,False
a8d12605-19fa-4a27-be57-8927a483afd4,3,8.75,8.75,8,1,1,1,False
d41fc18f-c0fa-44e4-9d4c-7101002bb278,1,30,30,10,1,1,1,False
d41fc18f-c0fa-44e4-9d4c-7101002bb278,2,30,30,11,1,1,1,False
d41fc18f-c0fa-44e4-9d4c-7101002bb278,3,30,30,10,1,1,1,False
d41fc18f-c0fa-44e4-9d4c-7101002bb278,4,27.5,27.5,13,1,1,1,False
e83610f1-c31c-4479-9572-339187b62467,1,45,+45,12,1,1,1,False
e83610f1-c31c-4479-9572-339187b62467,2,45,+45,12,1,1,1,False
e83610f1-c31c-4479-9572-339187b62467,3,45,+45,12,1,1,1,False
99fae47a-100d-4055-97c9-720aa71dfe69,1,145,145,11,1,1,1,False
99fae47a-100d-4055-97c9-720aa71dfe69,2,145,145,9,1,1,1,False
99fae47a-100d-4055-97c9-720aa71dfe69,3,145,145,9,1,1,1,False
99fae47a-100d-4055-97c9-720aa71dfe69,4,145,145,9,1,1,1,False
41522aad-082f-4d01-abbd-12a5a35f8fcf,1,170,170,8,1,1,1,False
41522aad-082f-4d01-abbd-12a5a35f8fcf,2,170,170,7,1,1,1,False
41522aad-082f-4d01-abbd-12a5a35f8fcf,3,170,170,7,1,1,1,False
ad51b333-e971-4765-9700-8ecc2179b3cd,1,55,55,11,1,1,1,False
ad51b333-e971-4765-9700-8ecc2179b3cd,2,55,55,9,1,1,1,False
ad51b333-e971-4765-9700-8ecc2179b3cd,3,55,55,8,1,1,1,False
ad51b333-e971-4765-9700-8ecc2179b3cd,4,52.5,52.5,9,1,0.5,0.5,False
a44e2ff4-76d0-4d4d-85b2-4c5d9525ef94,1,257.5,257.5,12,1,1,1,False
a44e2ff4-76d0-4d4d-85b2-4c5d9525ef94,2,257.5,257.5,11,1,1,1,False
a44e2ff4-76d0-4d4d-85b2-4c5d9525ef94,3,257.5,257.5,11,1,1,1,False
5a12e94f-cc7a-4f74-a99c-cee03daf5d95,1,105,105,15,1,1,1,False
5a12e94f-cc7a-4f74-a99c-cee03daf5d95,2,105,105,15,1,1,1,False
5a12e94f-cc7a-4f74-a99c-cee03daf5d95,3,105,105,14,1,1,1,False
5a12e94f-cc7a-4f74-a99c-cee03daf5d95,4,105,105,12,1,1,1,False
08ef3bf7-4f63-404b-a1b5-627876ca47ef,1,50,50,10,1,1,1,False
08ef3bf7-4f63-404b-a1b5-627876ca47ef,2,50,50,9,1,1,1,False
08ef3bf7-4f63-404b-a1b5-627876ca47ef,3,50,50,8,1,1,1,False
7e28b233-627b-49b5-9943-5ce5010a2a1f,1,18,18,12,1,1,1,False
7e28b233-627b-49b5-9943-5ce5010a2a1f,2,18,18,12,1,1,1,False
7e28b233-627b-49b5-9943-5ce5010a2a1f,3,18,18,12,1,1,1,False
d061849c-c905-4c97-8610-f5f273aa8e7b,1,87.5,87.5,6,1,1,1,False
d061849c-c905-4c97-8610-f5f273aa8e7b,2,87.5,87.5,5,1,1,1,False
d061849c-c905-4c97-8610-f5f273aa8e7b,3,87.5,87.5,5,1,1,1,False
d061849c-c905-4c97-8610-f5f273aa8e7b,4,87.5,87.5,5,1,0.5,0.5,False
97f11110-47be-4e72-adbc-6e5cdcfcac60,1,100,100,10,1,1,1,False
97f11110-47be-4e72-adbc-6e5cdcfcac60,2,100,100,9,1,1,1,False
97f11110-47be-4e72-adbc-6e5cdcfcac60,3,100,100,8,1,1,1,False
c8394ae7-dfbd-46fa-81ea-7de096af4a88,1,307.5,307.5,6,1,1,1,False
c8394ae7-dfbd-46fa-81ea-7de096af4a88,2,307.5,307.5,6,1,1,1,False
c8394ae7-dfbd-46fa-81ea-7de096af4a88,3,307.5,307.5,5,1,1,1,False
c8394ae7-dfbd-46fa-81ea-7de096af4a88,4,307.5,307.5,4,1,0.5,0.5,False
72176938-de70-46b5-bb7a-8c74c4358acc,1,25,25,9,1,1,1,False
72176938-de70-46b5-bb7a-8c74c4358acc,2,25,25,8,1,1,1,False
72176938-de70-46b5-bb7a-8c74c4358acc,3,20,20,14,1,1,1,False
c2787bf6-09b2-4f49-8aac-c59baea35ac0,1,30,30,15,1,1,1,False
c2787bf6-09b2-4f49-8aac-c59baea35ac0,2,30,30,14,1,1,1,False
c2787bf6-09b2-4f49-8aac-c59baea35ac0,3,30,30,12,1,0.5,0.5,False
a6e4809d-0697-4ca4-928c-bd0f8374bccc,1,55,+55,16,1,1,1,False
a6e4809d-0697-4ca4-928c-bd0f8374bccc,2,55,+55,15,1,1,1,False
a6e4809d-0697-4ca4-928c-bd0f8374bccc,3,55,+55,15,1,1,1,False
14d60f35-405d-402f-8232-1e97dab04157,1,142.5,142.5,8,1,0.5,0.5,False
14d60f35-405d-402f-8232-1e97dab04157,2,142.5,142.5,5,1,1,1,False
14d60f35-405d-402f-8232-1e97dab04157,3,132.5,132.5,8,1,0.5,0.5,False
14d60f35-405d-402f-8232-1e97dab04157,4,132.5,132.5,7,1,0.5,0.5,False
0f629bf8-7eae-4b5d-bb33-fded202eacbd,1,60,60,8,1,0.5,0.5,False
0f629bf8-7eae-4b5d-bb33-fded202eacbd,2,60,60,6,1,1,1,False
0f629bf8-7eae-4b5d-bb33-fded202eacbd,3,60,60,6,1,1,1,False
0f629bf8-7eae-4b5d-bb33-fded202eacbd,4,55,55,8,1,1,1,False
ab2e7754-620b-4a4d-897a-c9b7a56f3fb6,1,110,110,8,1,1,1,False
ab2e7754-620b-4a4d-897a-c9b7a56f3fb6,2,110,110,8,1,1,1,False
ab2e7754-620b-4a4d-897a-c9b7a56f3fb6,3,110,110,8,1,1,1,False
ab2e7754-620b-4a4d-897a-c9b7a56f3fb6,4,110,110,8,1,1,1,False
f13c00b0-e7b5-4379-bc5f-2f7d2c0684bb,1,117.5,117.5,10,1,1,1,False
f13c00b0-e7b5-4379-bc5f-2f7d2c0684bb,2,117.5,117.5,10,1,1,1,False
f13c00b0-e7b5-4379-bc5f-2f7d2c0684bb,3,117.5,117.5,10,1,1,1,False
5789e808-e54f-40f4-982d-68c8b598dd74,1,77.5,77.5,11,1,1,1,False
5789e808-e54f-40f4-982d-68c8b598dd74,2,72.5,72.5,12,1,1,1,False
5789e808-e54f-40f4-982d-68c8b598dd74,3,70,70,12,1,1,1,False
5789e808-e54f-40f4-982d-68c8b598dd74,4,70,70,12,1,1,1,False
3de5e75b-e3d1-4508-b137-5c86d0f2b01b,1,155,155,11,1,1,1,False
3de5e75b-e3d1-4508-b137-5c86d0f2b01b,2,155,155,11,1,1,1,False
3de5e75b-e3d1-4508-b137-5c86d0f2b01b,3,155,155,11,1,1,1,False
221a3c89-5820-45ea-87e4-eba337730cab,1,97.5,97.5,11,1,1,1,False
221a3c89-5820-45ea-87e4-eba337730cab,2,97.5,97.5,9,1,1,1,False
221a3c89-5820-45ea-87e4-eba337730cab,3,90,90,11,1,1,1,False
9be0fab1-1e3e-4ac0-b976-f8cadd4130df,1,98,98,11,1,1,1,False
9be0fab1-1e3e-4ac0-b976-f8cadd4130df,2,98,98,9,1,1,1,False
9be0fab1-1e3e-4ac0-b976-f8cadd4130df,3,98,98,8,1,1,1,False
16b023fa-8a48-43c9-b160-20f0f7f3fc15,1,152.5,152.5,10,1,1,1,False
16b023fa-8a48-43c9-b160-20f0f7f3fc15,2,152.5,152.5,9,1,1,1,False
16b023fa-8a48-43c9-b160-20f0f7f3fc15,3,152.5,152.5,7,1,1,1,False
6d32bb3b-9ffb-4626-bec1-08cee4dbb90c,1,127.5,127.5,13,1,1,1,False
6d32bb3b-9ffb-4626-bec1-08cee4dbb90c,2,127.5,127.5,13,1,1,1,False
6d32bb3b-9ffb-4626-bec1-08cee4dbb90c,3,127.5,127.5,13,1,1,1,False
a18da2f6-2a18-4cae-951d-322bc66af7ad,1,105,105,10,1,1,1,False
a18da2f6-2a18-4cae-951d-322bc66af7ad,2,105,105,9,1,1,1,False
a18da2f6-2a18-4cae-951d-322bc66af7ad,3,105,105,7,1,1,1,False
66588a28-d51f-4309-820f-7e0ad558f1f8,1,32.5,32.5,12,1,1,1,False
66588a28-d51f-4309-820f-7e0ad558f1f8,2,32.5,32.5,10,1,1,1,False
66588a28-d51f-4309-820f-7e0ad558f1f8,3,30,30,10,1,1,1,False
4e565115-2695-4355-9f26-d79b24600149,1,287.5,287.5,12,1,1,1,False
4e565115-2695-4355-9f26-d79b24600149,2,287.5,287.5,11,1,1,1,False
4e565115-2695-4355-9f26-d79b24600149,3,287.5,287.5,9,1,1,1,False
4e565115-2695-4355-9f26-d79b24600149,4,255,255,12,1,1,1,False
79e4a5a2-8168-4e5a-a90e-ac497dbf3b89,1,130,130,5,1,1,1,False
79e4a5a2-8168-4e5a-a90e-ac497dbf3b89,2,130,130,4,1,0.5,0.5,False
79e4a5a2-8168-4e5a-a90e-ac497dbf3b89,3,120,120,6,1,1,1,False
79e4a5a2-8168-4e5a-a90e-ac497dbf3b89,4,120,120,6,1,1,1,False
77f4b527-cfc7-4d41-9415-34593d99eba6,1,65,65,9,1,1,1,False
77f4b527-cfc7-4d41-9415-34593d99eba6,2,65,65,7,1,1,1,False
77f4b527-cfc7-4d41-9415-34593d99eba6,3,60,60,9,1,1,1,False
77f4b527-cfc7-4d41-9415-34593d99eba6,4,60,60,8,1,1,1,False
288a7fae-e242-4e7b-844c-f14df1826303,1,110,110,12,1,1,1,False
288a7fae-e242-4e7b-844c-f14df1826303,2,110,110,11,1,1,1,False
288a7fae-e242-4e7b-844c-f14df1826303,3,110,110,11,1,1,1,False
288a7fae-e242-4e7b-844c-f14df1826303,4,110,110,10,1,1,1,False
4c51c958-35b3-4286-bea0-9ab0077f8961,1,65,65,11,1,1,1,False
4c51c958-35b3-4286-bea0-9ab0077f8961,2,65,65,11,1,1,1,False
4c51c958-35b3-4286-bea0-9ab0077f8961,3,65,65,9,1,1,1,False
4c51c958-35b3-4286-bea0-9ab0077f8961,4,60,60,12,1,1,1,False
ecf53c1f-e2ba-44cf-86a0-dfe60efc8068,1,7.5,7.5,11,1,1,1,False
ecf53c1f-e2ba-44cf-86a0-dfe60efc8068,2,7.5,7.5,10,1,1,1,False
ecf53c1f-e2ba-44cf-86a0-dfe60efc8068,3,7.5,7.5,10,1,1,1,False
80954428-ad82-4f8f-8ca9-fee3d1145c16,1,27.5,27.5,13,1,1,1,False
80954428-ad82-4f8f-8ca9-fee3d1145c16,2,27.5,27.5,13,1,0.5,0.5,False
80954428-ad82-4f8f-8ca9-fee3d1145c16,3,27.5,27.5,11,1,1,1,False
80954428-ad82-4f8f-8ca9-fee3d1145c16,4,27.5,27.5,11,1,1,1,False
57cba437-1d91-402b-8f7f-09b498a6f4ad,1,40,+40,11,1,1,1,False
57cba437-1d91-402b-8f7f-09b498a6f4ad,2,40,+40,12,1,1,1,False
57cba437-1d91-402b-8f7f-09b498a6f4ad,3,40,+40,10,1,1,1,False
41d62bee-553f-400b-bfff-366b792fba69,1,150,150,8,2,2,2,False
41d62bee-553f-400b-bfff-366b792fba69,2,135,135,11,2,2,2,False
41d62bee-553f-400b-bfff-366b792fba69,3,135,135,11,2,2,2,False
41d62bee-553f-400b-bfff-366b792fba69,4,135,135,10,2,2,2,False
ec54658a-c1d5-43cb-af0c-2d38c99c57c5,1,162.5,162.5,8,2,1.5,1.5,False
ec54658a-c1d5-43cb-af0c-2d38c99c57c5,2,162.5,162.5,7,2,2,2,False
ec54658a-c1d5-43cb-af0c-2d38c99c57c5,3,162.5,162.5,8,2,2,2,False
6ed19fcb-bf35-44cb-85a3-616cb5bc19df,1,52.5,52.5,10,3,2.5,2.5,False
6ed19fcb-bf35-44cb-85a3-616cb5bc19df,2,52.5,52.5,10,2,2,2,False
6ed19fcb-bf35-44cb-85a3-616cb5bc19df,3,52.5,52.5,9,2,2,2,False
6ed19fcb-bf35-44cb-85a3-616cb5bc19df,4,52.5,52.5,8,2,1.5,1.5,False
f1a3cee6-2e20-47ce-8fce-5732823d4535,1,245,245,12,2,2,2,False
f1a3cee6-2e20-47ce-8fce-5732823d4535,2,245,245,11,2,2,2,False
f1a3cee6-2e20-47ce-8fce-5732823d4535,3,245,245,11,2,2,2,False
3bd543c1-bf97-43fc-af0a-b1236b2f5a8d,1,105,105,13,2,2,2,False
3bd543c1-bf97-43fc-af0a-b1236b2f5a8d,2,105,105,13,2,2,2,False
3bd543c1-bf97-43fc-af0a-b1236b2f5a8d,3,95,95,16,2,2,2,False
3bd543c1-bf97-43fc-af0a-b1236b2f5a8d,4,95,95,15,1,1,1,False
88ba2d5c-8381-4e4c-a428-43c58a5df1da,1,45,45,13,2,2,2,False
88ba2d5c-8381-4e4c-a428-43c58a5df1da,2,45,45,12,2,2,2,False
88ba2d5c-8381-4e4c-a428-43c58a5df1da,3,45,45,11,2,2,2,False
0b14e732-02a0-4dd7-964d-f0b0096e905c,1,18,18,10,2,2,2,False
0b14e732-02a0-4dd7-964d-f0b0096e905c,2,18,18,10,2,2,2,False
0b14e732-02a0-4dd7-964d-f0b0096e905c,3,18,18,10,2,2,2,False
0ac8a66d-fc38-47b8-b9ec-bc3231920efc,1,87.5,87.5,5,1,1,1,False
0ac8a66d-fc38-47b8-b9ec-bc3231920efc,2,87.5,87.5,4,2,1.5,1.5,False
0ac8a66d-fc38-47b8-b9ec-bc3231920efc,3,82.5,82.5,6,2,2,2,False
0ac8a66d-fc38-47b8-b9ec-bc3231920efc,4,82.5,82.5,6,2,2,2,False
c0627743-3d0d-48bf-a395-dede529281fd,1,95,95,10,2,2,2,False
c0627743-3d0d-48bf-a395-dede529281fd,2,95,95,9,2,2,2,False
c0627743-3d0d-48bf-a395-dede529281fd,3,95,95,8,2,2,2,False
8b8a5003-8603-492b-88bf-7d68ed799c47,1,297.5,297.5,6,2,2,2,False
8b8a5003-8603-492b-88bf-7d68ed799c47,2,297.5,297.5,6,2,2,2,False
8b8a5003-8603-492b-88bf-7d68ed799c47,3,297.5,297.5,5,2,2,2,False
8b8a5003-8603-492b-88bf-7d68ed799c47,4,297.5,297.5,4,2,2,2,False
e9ec5a1d-6602-4bb4-849e-ffa36fcc993b,1,22.5,22.5,12,2,2,2,False
e9ec5a1d-6602-4bb4-849e-ffa36fcc993b,2,22.5,22.5,11,2,2,2,False
e9ec5a1d-6602-4bb4-849e-ffa36fcc993b,3,22.5,22.5,10,2,2,2,False
86f93b45-5fdb-4266-8e2a-097b8f0b2987,1,30,30,13,2,2,2,False
86f93b45-5fdb-4266-8e2a-097b8f0b2987,2,30,30,12,2,2,2,False
86f93b45-5fdb-4266-8e2a-097b8f0b2987,3,27.5,27.5,15,2,2,2,False
3c34fe7c-1e85-45ac-a0c6-04e41da80a11,1,55,+55,14,2,2,2,False
3c34fe7c-1e85-45ac-a0c6-04e41da80a11,2,55,+55,13,2,2,2,False
3c34fe7c-1e85-45ac-a0c6-04e41da80a11,3,55,+55,13,2,2,2,False
3f54dac8-27e5-4a0d-86bc-144650a94454,1,137.5,137.5,8,2,2,2,False
3f54dac8-27e5-4a0d-86bc-144650a94454,2,137.5,137.5,7,2,2,2,False
3f54dac8-27e5-4a0d-86bc-144650a94454,3,137.5,137.5,7,2,1.5,1.5,False
3f54dac8-27e5-4a0d-86bc-144650a94454,4,137.5,137.5,6,1,1,1,False
1162c572-8f8c-44d7-9a67-32afd250d186,1,57.5,57.5,8,2,1.5,1.5,False
1162c572-8f8c-44d7-9a67-32afd250d186,2,57.5,57.5,7,2,2,2,False
1162c572-8f8c-44d7-9a67-32afd250d186,3,57.5,57.5,7,2,2,2,False
1162c572-8f8c-44d7-9a67-32afd250d186,4,55,55,7,1,1,1,False
84814dda-22dc-4407-a726-dcacfe374ae2,1,98,98,8,2,2,2,False
84814dda-22dc-4407-a726-dcacfe374ae2,2,98,98,8,2,2,2,False
84814dda-22dc-4407-a726-dcacfe374ae2,3,98,98,8,2,2,2,False
84814dda-22dc-4407-a726-dcacfe374ae2,4,98,98,8,2,2,2,False
779716bc-3785-4d1a-91d2-7e369f8375fc,1,110,110,10,2,2,2,False
779716bc-3785-4d1a-91d2-7e369f8375fc,2,110,110,10,2,2,2,False
779716bc-3785-4d1a-91d2-7e369f8375fc,3,110,110,9,2,2,2,False
0e1a9b5f-164e-4710-8516-b018e4d4c151,1,77.5,77.5,11,2,2,2,False
0e1a9b5f-164e-4710-8516-b018e4d4c151,2,77.5,77.5,10,2,1.5,1.5,False
0e1a9b5f-164e-4710-8516-b018e4d4c151,3,72.5,72.5,12,1,1,1,False
0e1a9b5f-164e-4710-8516-b018e4d4c151,4,72.5,72.5,10,2,1.5,1.5,False
1a434b0d-9ee6-4a7b-8171-e7ba223685d4,1,145,145,11,2,2,2,False
1a434b0d-9ee6-4a7b-8171-e7ba223685d4,2,145,145,11,2,2,2,False
1a434b0d-9ee6-4a7b-8171-e7ba223685d4,3,145,145,12,2,2,2,False
bbec86dc-2c65-49ba-996a-b490c4f3cf5d,1,120,+120,11,1,1,1,False
bbec86dc-2c65-49ba-996a-b490c4f3cf5d,2,112.5,+112.5,13,2,1.5,1.5,False
bbec86dc-2c65-49ba-996a-b490c4f3cf5d,3,112.5,+112.5,12,2,2,2,False
0065d268-d4fb-415b-ad7d-3374e635a84c,1,98,98,9,2,2,2,False
0065d268-d4fb-415b-ad7d-3374e635a84c,2,98,98,8,1,1,1,False
0065d268-d4fb-415b-ad7d-3374e635a84c,3,88,88,8,2,2,2,False
2f5d37e0-9331-4339-b9b4-156de28a79e2,1,155,155,8,2,2,2,False
2f5d37e0-9331-4339-b9b4-156de28a79e2,2,150,150,8,2,2,2,False
2f5d37e0-9331-4339-b9b4-156de28a79e2,3,150,150,8,1,1,1,False
30b9ac08-031b-4c49-b988-feda59b73cf3,1,125,125,12,2,2,2,False
30b9ac08-031b-4c49-b988-feda59b73cf3,2,125,125,12,2,2,2,False
30b9ac08-031b-4c49-b988-feda59b73cf3,3,125,125,12,2,2,2,False
e1ea51d2-707a-4a64-aea0-59ca0e887ce7,1,100,100,10,2,2,2,False
e1ea51d2-707a-4a64-aea0-59ca0e887ce7,2,100,100,9,2,2,2,False
e1ea51d2-707a-4a64-aea0-59ca0e887ce7,3,100,100,8,2,1.5,1.5,False
9116bef4-c6a4-4bc2-8421-fc6534a025db,1,30,30,15,2,2,2,False
9116bef4-c6a4-4bc2-8421-fc6534a025db,2,30,30,13,2,2,2,False
9116bef4-c6a4-4bc2-8421-fc6534a025db,3,30,30,10,1,1,1,False
ce4cbdea-3020-4bfe-a6d1-6602dd19c4a7,1,275,275,12,2,2,2,False
ce4cbdea-3020-4bfe-a6d1-6602dd19c4a7,2,275,275,10,2,2,2,False
ce4cbdea-3020-4bfe-a6d1-6602dd19c4a7,3,275,275,10,2,2,2,False
2c574679-cdb5-4217-864b-fa643990ef06,1,125,125,6,2,2,2,False
2c574679-cdb5-4217-864b-fa643990ef06,2,125,125,6,2,2,2,False
2c574679-cdb5-4217-864b-fa643990ef06,3,125,125,5,2,2,2,False
2c574679-cdb5-4217-864b-fa643990ef06,4,125,125,4,2,2,2,False
3f5b8d91-456d-4a6f-8037-0bde01f9e453,1,62.5,62.5,10,2,2,2,False
3f5b8d91-456d-4a6f-8037-0bde01f9e453,2,62.5,62.5,8,2,2,2,False
3f5b8d91-456d-4a6f-8037-0bde01f9e453,3,60,60,9,2,2,2,False
3f5b8d91-456d-4a6f-8037-0bde01f9e453,4,60,60,8,2,1.5,1.5,False
a6311cba-3492-4d13-ae08-9e5e38f917cb,1,95,95,15,2,2,2,False
a6311cba-3492-4d13-ae08-9e5e38f917cb,2,95,95,14,2,2,2,False
a6311cba-3492-4d13-ae08-9e5e38f917cb,3,95,95,14,2,2,2,False
a6311cba-3492-4d13-ae08-9e5e38f917cb,4,95,95,13,2,2,2,False
b04b56f8-39e5-4d64-9869-a25ff7353b90,1,62.5,62.5,11,2,2,2,False
b04b56f8-39e5-4d64-9869-a25ff7353b90,2,62.5,62.5,10,2,2,2,False
b04b56f8-39e5-4d64-9869-a25ff7353b90,3,62.5,62.5,10,2,2,2,False
b04b56f8-39e5-4d64-9869-a25ff7353b90,4,57.5,57.5,12,2,2,2,False
e9479bb4-a37d-41e6-94ce-1460ec64cfad,1,7.5,7.5,9,2,2,2,False
e9479bb4-a37d-41e6-94ce-1460ec64cfad,2,7.5,7.5,8,2,2,2,False
e9479bb4-a37d-41e6-94ce-1460ec64cfad,3,7.5,7.5,7,2,2,2,False
8edcaf2d-bc45-4859-84ab-945562f4bc67,1,27.5,27.5,11,2,2,2,False
8edcaf2d-bc45-4859-84ab-945562f4bc67,2,27.5,27.5,11,2,2,2,False
8edcaf2d-bc45-4859-84ab-945562f4bc67,3,27.5,27.5,10,2,2,2,False
8edcaf2d-bc45-4859-84ab-945562f4bc67,4,27.5,27.5,10,2,2,2,False
f329d2e2-f472-4ba5-8a93-b8a9ac2d39da,1,35,+35,9,2,2,2,False
f329d2e2-f472-4ba5-8a93-b8a9ac2d39da,2,35,+35,11,2,2,2,False
f329d2e2-f472-4ba5-8a93-b8a9ac2d39da,3,35,+35,11,2,2,2,False
bf30072f-371a-481f-96f5-5dbb5bff37d4,1,140,140,12,3,3,3,False
bf30072f-371a-481f-96f5-5dbb5bff37d4,2,140,140,11,3,3,3,False
bf30072f-371a-481f-96f5-5dbb5bff37d4,3,140,140,9,3,3,3,False
bf30072f-371a-481f-96f5-5dbb5bff37d4,4,140,140,8,2,2,2,False
25fe7dc1-1153-418b-bf4a-6d1f3916d258,1,160,160,7,3,2.5,2.5,False
25fe7dc1-1153-418b-bf4a-6d1f3916d258,2,160,160,6,3,3,3,False
25fe7dc1-1153-418b-bf4a-6d1f3916d258,3,160,160,6,3,3,3,False
43e0c304-501e-40d0-abad-76f0d27a3b83,1,45,45,15,4,3.5,3.5,False
43e0c304-501e-40d0-abad-76f0d27a3b83,2,50,50,9,4,3.5,3.5,False
43e0c304-501e-40d0-abad-76f0d27a3b83,3,50,50,9,3,3,3,False
43e0c304-501e-40d0-abad-76f0d27a3b83,4,50,50,8,3,3,3,False
7e13dd3d-c695-4eaa-974a-ac456d9c2843,1,235,235,12,3,3,3,False
7e13dd3d-c695-4eaa-974a-ac456d9c2843,2,235,235,11,3,3,3,False
7e13dd3d-c695-4eaa-974a-ac456d9c2843,3,235,235,11,3,3,3,False
0b0782db-7783-4978-8c8b-d67679b4f913,1,90,90,16,3,3,3,False
0b0782db-7783-4978-8c8b-d67679b4f913,2,90,90,15,3,3,3,False
0b0782db-7783-4978-8c8b-d67679b4f913,3,90,90,15,3,3,3,False
0b0782db-7783-4978-8c8b-d67679b4f913,4,90,90,15,3,3,3,False
4b8e1ecf-ee8a-4936-a01a-69980daca4f9,1,47.5,47.5,10,3,2.5,2.5,False
4b8e1ecf-ee8a-4936-a01a-69980daca4f9,2,47.5,47.5,9,3,3,3,False
4b8e1ecf-ee8a-4936-a01a-69980daca4f9,3,40,40,15,3,3,3,False
4c5b9e5d-26e8-4f69-b028-8230344a0d1c,1,15,15,15,3,3,3,False
4c5b9e5d-26e8-4f69-b028-8230344a0d1c,2,15,15,15,3,3,3,False
4c5b9e5d-26e8-4f69-b028-8230344a0d1c,3,15,15,15,3,3,3,False
b59f8758-9df8-4ca8-ac4d-9d3964164e20,1,82.5,82.5,6,3,3,3,False
b59f8758-9df8-4ca8-ac4d-9d3964164e20,2,82.5,82.5,6,3,2.5,2.5,False
b59f8758-9df8-4ca8-ac4d-9d3964164e20,3,82.5,82.5,5,3,3,3,False
b59f8758-9df8-4ca8-ac4d-9d3964164e20,4,82.5,82.5,5,3,3,3,False
ac0155f5-8d95-46f5-bf22-be425c52d46f,1,90,90,11,3,3,3,False
ac0155f5-8d95-46f5-bf22-be425c52d46f,2,90,90,10,3,3,3,False
ac0155f5-8d95-46f5-bf22-be425c52d46f,3,90,90,9,3,3,3,False
c277e2c6-df52-4642-8154-a54262cf874b,1,290,290,6,3,2.5,2.5,False
c277e2c6-df52-4642-8154-a54262cf874b,2,290,290,5,3,3,3,False
c277e2c6-df52-4642-8154-a54262cf874b,3,290,290,4,3,3,3,False
c277e2c6-df52-4642-8154-a54262cf874b,4,267.5,267.5,6,3,3,3,False
39a35689-0da5-4627-bf2b-d51ba3ccb6fe,1,22.5,22.5,10,3,3,3,False
39a35689-0da5-4627-bf2b-d51ba3ccb6fe,2,22.5,22.5,10,3,3,3,False
39a35689-0da5-4627-bf2b-d51ba3ccb6fe,3,22.5,22.5,9,3,3,3,False
fcc04a3f-a653-40a0-9c00-3e1689c64189,1,27.5,27.5,16,3,2.5,2.5,False
fcc04a3f-a653-40a0-9c00-3e1689c64189,2,27.5,27.5,14,3,3,3,False
fcc04a3f-a653-40a0-9c00-3e1689c64189,3,27.5,27.5,13,2,2,2,False
d5a77506-059e-486b-81aa-7ff5980b1875,1,50,+50,15,3,3,3,False
d5a77506-059e-486b-81aa-7ff5980b1875,2,50,+50,14,3,3,3,False
d5a77506-059e-486b-81aa-7ff5980b1875,3,50,+50,14,3,3,3,False
4ae9f33b-cbf7-4a1f-895f-27d7a9b103e8,1,132.5,132.5,8,3,3,3,False
4ae9f33b-cbf7-4a1f-895f-27d7a9b103e8,2,132.5,132.5,7,3,3,3,False
4ae9f33b-cbf7-4a1f-895f-27d7a9b103e8,3,132.5,132.5,7,3,2.5,2.5,False
4ae9f33b-cbf7-4a1f-895f-27d7a9b103e8,4,132.5,132.5,6,2,2,2,False
6f3d1d76-c00e-4c5b-a712-be7cbf7a1c9c,1,60,60,6,1,0.5,0.5,False
6f3d1d76-c00e-4c5b-a712-be7cbf7a1c9c,2,55,55,8,3,3,3,False
6f3d1d76-c00e-4c5b-a712-be7cbf7a1c9c,3,55,55,8,3,2.5,2.5,False
6f3d1d76-c00e-4c5b-a712-be7cbf7a1c9c,4,55,55,6,1,1,1,False
6a0095c4-4140-41e9-ad21-50ef0762ec25,1,88,88,8,3,3,3,False
6a0095c4-4140-41e9-ad21-50ef0762ec25,2,88,88,8,3,3,3,False
6a0095c4-4140-41e9-ad21-50ef0762ec25,3,88,88,8,3,3,3,False
6a0095c4-4140-41e9-ad21-50ef0762ec25,4,88,88,8,3,3,3,False
c4dd2b82-e12f-4bcc-ba7a-d13e0b457bdf,1,102.5,102.5,9,3,3,3,False
c4dd2b82-e12f-4bcc-ba7a-d13e0b457bdf,2,102.5,102.5,9,3,3,3,False
c4dd2b82-e12f-4bcc-ba7a-d13e0b457bdf,3,102.5,102.5,9,3,3,3,False
6345c150-f9db-4b9a-b0af-fbf10030a1c3,1,75,75,11,3,3,3,False
6345c150-f9db-4b9a-b0af-fbf10030a1c3,2,75,75,10,3,3,3,False
6345c150-f9db-4b9a-b0af-fbf10030a1c3,3,70,70,12,3,3,3,False
6345c150-f9db-4b9a-b0af-fbf10030a1c3,4,70,70,11,2,2,2,False
6bd829d1-0734-4b19-8f74-82214aa765c7,1,135,135,12,3,3,3,False
6bd829d1-0734-4b19-8f74-82214aa765c7,2,135,135,12,3,3,3,False
6bd829d1-0734-4b19-8f74-82214aa765c7,3,135,135,12,3,3,3,False
e7e03235-fad9-410d-a886-12660955ea47,1,107.5,+107.5,13,3,3,3,False
e7e03235-fad9-410d-a886-12660955ea47,2,107.5,+107.5,12,3,3,3,False
e7e03235-fad9-410d-a886-12660955ea47,3,107.5,+107.5,11,3,3,3,False
4e6dd41a-7e99-44b2-b013-eba0bcf36d9b,1,90,90,10,2,2,2,False
4e6dd41a-7e99-44b2-b013-eba0bcf36d9b,2,90,90,9,2,2,2,False
4e6dd41a-7e99-44b2-b013-eba0bcf36d9b,3,80,80,9,2,2,2,False
d5e1786a-4bf8-4167-baa0-851abf778658,1,157.5,157.5,8,2,1.5,1.5,False
d5e1786a-4bf8-4167-baa0-851abf778658,2,150,150,7,3,3,3,False
d5e1786a-4bf8-4167-baa0-851abf778658,3,150,150,7,2,2,2,False
ebc584b7-a0a4-46cb-9240-e1332b671323,1,120,120,12,3,3,3,False
ebc584b7-a0a4-46cb-9240-e1332b671323,2,120,120,12,3,3,3,False
ebc584b7-a0a4-46cb-9240-e1332b671323,3,120,120,12,3,3,3,False
bfbeb26a-9e7b-462b-9b71-e74e8528d872,1,95,95,10,3,3,3,False
bfbeb26a-9e7b-462b-9b71-e74e8528d872,2,95,95,10,3,3,3,False
bfbeb26a-9e7b-462b-9b71-e74e8528d872,3,95,95,8,3,3,3,False
c0cfb6c3-a247-4511-a950-fd3786c3734c,1,30,30,14,3,3,3,False
c0cfb6c3-a247-4511-a950-fd3786c3734c,2,30,30,12,2,2,2,False
c0cfb6c3-a247-4511-a950-fd3786c3734c,3,30,30,8,1,1,1,False
92eaf4d1-c86c-449f-92f2-ef0f447bcdec,1,262.5,262.5,12,3,3,3,False
92eaf4d1-c86c-449f-92f2-ef0f447bcdec,2,262.5,262.5,11,3,3,3,False
92eaf4d1-c86c-449f-92f2-ef0f447bcdec,3,262.5,262.5,10,3,3,3,False
92eaf4d1-c86c-449f-92f2-ef0f447bcdec,4,252.5,252.5,11,3,3,3,False
cf095c18-e91d-485b-b8b8-a271d0b4f9ba,1,120,120,6,3,3,3,False
cf095c18-e91d-485b-b8b8-a271d0b4f9ba,2,120,120,6,3,2.5,2.5,False
cf095c18-e91d-485b-b8b8-a271d0b4f9ba,3,120,120,5,3,3,3,False
cf095c18-e91d-485b-b8b8-a271d0b4f9ba,4,120,120,4,3,3,3,False
e2f58932-64cb-4c99-812e-433041552699,1,62.5,62.5,10,2,2,2,False
e2f58932-64cb-4c99-812e-433041552699,2,62.5,62.5,8,2,1.5,1.5,False
e2f58932-64cb-4c99-812e-433041552699,3,57.5,57.5,9,3,2.5,2.5,False
e2f58932-64cb-4c99-812e-433041552699,4,57.5,57.5,9,2,2,2,False
1aa77ccf-a435-4e13-ae2d-3865c6905666,1,92.5,92.5,12,4,4,4,False
1aa77ccf-a435-4e13-ae2d-3865c6905666,2,92.5,92.5,12,3,3,3,False
1aa77ccf-a435-4e13-ae2d-3865c6905666,3,92.5,92.5,12,3,3,3,False
1aa77ccf-a435-4e13-ae2d-3865c6905666,4,92.5,92.5,11,3,3,3,False
4e08dbf0-8f70-4603-95b2-9b1d1fc39f6b,1,60,60,11,3,3,3,False
4e08dbf0-8f70-4603-95b2-9b1d1fc39f6b,2,60,60,10,3,3,3,False
4e08dbf0-8f70-4603-95b2-9b1d1fc39f6b,3,57.5,57.5,11,3,3,3,False
4e08dbf0-8f70-4603-95b2-9b1d1fc39f6b,4,57.5,57.5,10,2,2,2,False
9676c2c2-8d15-4ec6-8221-c39ea63319b7,1,7.5,7.5,8,3,3,3,False
9676c2c2-8d15-4ec6-8221-c39ea63319b7,2,6.25,6.25,10,3,3,3,False
9676c2c2-8d15-4ec6-8221-c39ea63319b7,3,6.25,6.25,10,3,3,3,False
44ff11b3-a48c-402b-a227-c8f347c7614d,1,27.5,27.5,10,3,3,3,False
44ff11b3-a48c-402b-a227-c8f347c7614d,2,25,25,13,3,3,3,False
44ff11b3-a48c-402b-a227-c8f347c7614d,3,25,25,12,3,3,3,False
44ff11b3-a48c-402b-a227-c8f347c7614d,4,25,25,11,3,3,3,False
a043e871-bfb0-491a-aa09-a6ff057cf432,1,0,+0,10,6,5+,6,False
a043e871-bfb0-491a-aa09-a6ff057cf432,2,12,+12,10,6,5+,6,False
a043e871-bfb0-491a-aa09-a6ff057cf432,3,25,+25,15,3,3,3,False
dc40e249-feaa-4add-9f68-9e35a334e05a,1,75,75,8,5,4.5,4.5,False
dc40e249-feaa-4add-9f68-9e35a334e05a,2,75,75,8,4,4,4,False
238e0a22-b466-49f8-8637-0c18ecf618b8,1,102.5,102.5,10,5,4.5,4.5,False
238e0a22-b466-49f8-8637-0c18ecf618b8,2,102.5,102.5,10,5,4.5,4.5,False
ef9de8d5-01cf-414a-92c9-af689cc01e9c,1,47.5,47.5,11,6,5+,6,False
ef9de8d5-01cf-414a-92c9-af689cc01e9c,2,47.5,47.5,11,6,5+,6,False
b72b2c6c-a3fb-4dc2-892d-8c4b383475f1,1,55,55,11,6,5+,6,False
b72b2c6c-a3fb-4dc2-892d-8c4b383475f1,2,55,55,10,5,4.5,4.5,False
261d6cbe-e751-4334-b072-9c6f8ebd8c73,1,22.5,22.5,13,6,5+,6,False
261d6cbe-e751-4334-b072-9c6f8ebd8c73,2,22.5,22.5,12,5,4.5,4.5,False
1770add3-517b-45ab-8129-af6fcde755a7,1,42.5,42.5,13,6,5+,6,False
1770add3-517b-45ab-8129-af6fcde755a7,2,42.5,42.5,12,6,5+,6,False
cfafcc8e-25b8-4391-8091-ac421f68e8e2,1,0,+0,16,6,5+,6,False
cfafcc8e-25b8-4391-8091-ac421f68e8e2,2,0,+0,15,5,4.5,4.5,False
ad04e07b-2cc2-4d5e-bfc1-56cd640a926a,1,122.5,122.5,9,6,5+,6,False
ad04e07b-2cc2-4d5e-bfc1-56cd640a926a,2,122.5,122.5,8,5,4.5,4.5,False
e7632188-0d7e-4084-9efc-b33e84a490f3,1,60,60,10,6,5+,6,False
e7632188-0d7e-4084-9efc-b33e84a490f3,2,60,60,9,6,5+,6,False
08868dfb-a2f0-49a0-8d22-b6fde096bb66,1,80,80,8,5,4.5,4.5,False
08868dfb-a2f0-49a0-8d22-b6fde096bb66,2,80,80,7,5,4.5,4.5,False
4eb6822c-1ffd-4d92-8588-1c0c4eaeaf43,1,32.5,32.5,10,6,5+,6,False
4eb6822c-1ffd-4d92-8588-1c0c4eaeaf43,2,32.5,32.5,10,6,5+,6,False
bdfddb00-02b5-4d87-800a-fbb928cfbb57,1,177.5,177.5,12,6,5+,6,False
bdfddb00-02b5-4d87-800a-fbb928cfbb57,2,177.5,177.5,11,6,5+,6,False
01840d1e-779c-4d16-918c-a8f8fa2a22d0,1,40,+40,12,6,5+,6,False
01840d1e-779c-4d16-918c-a8f8fa2a22d0,2,40,+40,12,6,5+,6,False
4bba4d8e-05e0-46af-ae4b-7f56a0b6da34,1,262.5,262.5,7,6,5+,6,False
4bba4d8e-05e0-46af-ae4b-7f56a0b6da34,2,262.5,262.5,7,6,5+,6,False
611624f9-c15c-451f-a29d-db853515dce8,1,130,130,7,5,4.5,4.5,False
611624f9-c15c-451f-a29d-db853515dce8,2,130,130,6,6,5+,6,False
87243f2a-ff2e-4c35-a106-da525ab45ad6,1,44,44,9,6,5+,6,False
87243f2a-ff2e-4c35-a106-da525ab45ad6,2,44,44,9,6,5+,6,False
4e0cd845-adbb-4efb-8c78-2d6ad7c8affe,1,147.5,147.5,13,6,5+,6,False
4e0cd845-adbb-4efb-8c78-2d6ad7c8affe,2,147.5,147.5,12,6,5+,6,False
939ba064-6d3d-41d5-80f3-374d3d860e20,1,87.5,87.5,10,6,5+,6,False
939ba064-6d3d-41d5-80f3-374d3d860e20,2,87.5,87.5,11,6,5+,6,False
c5c63eaf-4c0c-407a-a113-7a658815a515,1,45,45,14,6,5+,6,False
c5c63eaf-4c0c-407a-a113-7a658815a515,2,45,45,13,6,5+,6,False
d3c837ef-9935-4622-863c-77c406a4c12b,1,225,225,13,5,4.5,4.5,False
d3c837ef-9935-4622-863c-77c406a4c12b,2,225,225,12,6,5+,6,False
a018e681-40f8-481d-adcd-62a0dc22b6cd,1,110,110,6,6,5+,6,False
a018e681-40f8-481d-adcd-62a0dc22b6cd,2,110,110,8,4,4,4,False
74ac00e2-940e-4766-9e72-f236b5aaf164,1,155,155,8,5,4.5,4.5,False
74ac00e2-940e-4766-9e72-f236b5aaf164,2,155,155,8,5,4.5,4.5,False
a6985a23-f848-48f4-9ce3-a4fa1784470d,1,197.5,+197.5,7,6,5+,6,False
a6985a23-f848-48f4-9ce3-a4fa1784470d,2,197.5,+197.5,7,6,5+,6,False
011da9d7-2c92-4451-8ed3-35fa9d5ac387,1,60,60,12,6,5+,6,False
011da9d7-2c92-4451-8ed3-35fa9d5ac387,2,60,60,12,6,5+,6,False
89c3c128-afb8-45cc-bbcb-5413156d2825,1,44,44,10,6,5+,6,False
89c3c128-afb8-45cc-bbcb-5413156d2825,2,44,44,10,5,4.5,4.5,False
cced244d-0f7f-4cb0-8b89-3012bb1903ee,1,20,20,13,6,5+,6,False
cced244d-0f7f-4cb0-8b89-3012bb1903ee,2,20,20,13,5,4.5,4.5,False
6b5d7be3-ae92-4b6f-a783-d2c659336009,1,105,+105,11,5,4.5,4.5,False
6b5d7be3-ae92-4b6f-a783-d2c659336009,2,105,+105,10,5,4.5,4.5,False
e28ddeab-d6e5-4c37-8b4c-0f3239598409,1,70,70,8,1,0.5,0.5,False
e28ddeab-d6e5-4c37-8b4c-0f3239598409,2,70,70,6,1,0.5,0.5,False
e28ddeab-d6e5-4c37-8b4c-0f3239598409,3,70,70,5,1,0.5,0.5,False
e28ddeab-d6e5-4c37-8b4c-0f3239598409,4,65,65,7,1,0.5,0.5,False
cebd84c8-c74b-4a13-980b-cdc0f66dbe8a,1,150,150,11,1,1,1,False
cebd84c8-c74b-4a13-980b-cdc0f66dbe8a,2,150,150,10,1,1,1,False
cebd84c8-c74b-4a13-980b-cdc0f66dbe8a,3,145,145,10,1,0.5,0.5,False
cebd84c8-c74b-4a13-980b-cdc0f66dbe8a,4,140,140,11,0,0,0,False
140291d3-eb8d-4ecf-8524-4ac1c0e5b7ed,1,215,+215,8,0,0,0,False
140291d3-eb8d-4ecf-8524-4ac1c0e5b7ed,2,215,+215,8,0,0,0,False
140291d3-eb8d-4ecf-8524-4ac1c0e5b7ed,3,215,+215,8,0,0,0,False
140291d3-eb8d-4ecf-8524-4ac1c0e5b7ed,4,215,+215,8,0,0,0,False
8fe797eb-ac6e-4aef-883b-6a72ece0fdb4,1,65,65,10,0,0,0,False
8fe797eb-ac6e-4aef-883b-6a72ece0fdb4,2,60,60,10,0,0,0,False
8fe797eb-ac6e-4aef-883b-6a72ece0fdb4,3,60,60,12,0,0,0,False
a7a184e0-8c29-49a7-b7ef-a6c7a8f2d766,1,30,30,13,0,0,0,False
a7a184e0-8c29-49a7-b7ef-a6c7a8f2d766,2,30,30,12,0,0,0,False
a7a184e0-8c29-49a7-b7ef-a6c7a8f2d766,3,30,30,11,0,0,0,False
5fdc86dc-aff9-49a2-9535-4b916a7d4177,1,27.5,27.5,13,0,0,0,False
5fdc86dc-aff9-49a2-9535-4b916a7d4177,2,27.5,27.5,11,0,0,0,False
5fdc86dc-aff9-49a2-9535-4b916a7d4177,3,27.5,27.5,10,0,0,0,False
5fdc86dc-aff9-49a2-9535-4b916a7d4177,4,25,25,13,0,0,0,False
042022b0-eb22-4418-b061-ce678a49481b,1,70,70,10,1,1,1,False
042022b0-eb22-4418-b061-ce678a49481b,2,70,70,10,1,0.5,0.5,False
042022b0-eb22-4418-b061-ce678a49481b,3,70,70,9,1,0.5,0.5,False
77c2304d-fea0-4297-a497-02062ebfaa99,1,62.5,62.5,6,1,1,1,False
77c2304d-fea0-4297-a497-02062ebfaa99,2,52.5,52.5,15,1,1,1,False
77c2304d-fea0-4297-a497-02062ebfaa99,3,60,60,10,0,0,0,False
16955fd6-f36f-48d9-b0ec-d215f8099087,1,85,85,6,1,1,1,False
16955fd6-f36f-48d9-b0ec-d215f8099087,2,85,85,5,0,0,0,False
16955fd6-f36f-48d9-b0ec-d215f8099087,3,85,85,7,0,0,0,False
16955fd6-f36f-48d9-b0ec-d215f8099087,4,85,85,5,1,0.5,0.5,False
4b79d834-91eb-421b-a028-6120e4ae5875,1,115,115,10,0,0,0,False
4b79d834-91eb-421b-a028-6120e4ae5875,2,115,115,10,0,0,0,False
4b79d834-91eb-421b-a028-6120e4ae5875,3,115,115,10,0,0,0,False
abb22786-7542-44bb-a1fb-7d1e45a9d090,1,80,80,13,2,2,2,False
abb22786-7542-44bb-a1fb-7d1e45a9d090,2,90,90,12,1,1,1,False
abb22786-7542-44bb-a1fb-7d1e45a9d090,3,97.5,97.5,12,1,0.5,0.5,False
dba103f9-c8ab-48d8-9446-0de50f4cd0da,1,65,65,9,0,0,0,False
dba103f9-c8ab-48d8-9446-0de50f4cd0da,2,65,65,8,0,0,0,False
dba103f9-c8ab-48d8-9446-0de50f4cd0da,3,60,60,9,0,0,0,False
2442ec90-6ed0-43d1-82c3-c55bee4b0dc1,1,82.5,82.5,9,0,0,0,False
2442ec90-6ed0-43d1-82c3-c55bee4b0dc1,2,75,75,11,0,0,0,False
2442ec90-6ed0-43d1-82c3-c55bee4b0dc1,3,70,70,11,0,0,0,False
5ea827b9-5a24-4d83-99a7-0221fb754055,1,27.5,27.5,10,0,0,0,False
5ea827b9-5a24-4d83-99a7-0221fb754055,2,25,25,12,0,0,0,False
5ea827b9-5a24-4d83-99a7-0221fb754055,3,25,25,11,0,0,0,False
f0dad6b9-b366-425a-a75d-f2a2c1acea96,1,47.5,47.5,13,0,0,0,False
f0dad6b9-b366-425a-a75d-f2a2c1acea96,2,47.5,47.5,12,0,0,0,False
f0dad6b9-b366-425a-a75d-f2a2c1acea96,3,47.5,47.5,12,0,0,0,False
1297ed12-2fac-4e0f-b7f3-2a894ee9ec51,1,75,75,17,0,0,0,False
1297ed12-2fac-4e0f-b7f3-2a894ee9ec51,2,75,75,15,0,0,0,False
1297ed12-2fac-4e0f-b7f3-2a894ee9ec51,3,70,70,16,0,0,0,False
5a464a5e-9a88-4125-9b1f-df3f8310a50c,1,145,145,7,1,0.5,0.5,False
5a464a5e-9a88-4125-9b1f-df3f8310a50c,2,145,145,5,1,0.5,0.5,False
5a464a5e-9a88-4125-9b1f-df3f8310a50c,3,137.5,137.5,7,0,0,0,False
5a464a5e-9a88-4125-9b1f-df3f8310a50c,4,137.5,137.5,6,1,0.5,0.5,False
8fbfbc02-0e3a-40b0-9028-4dfe7f4317af,1,70,70,7,1,1,1,False
8fbfbc02-0e3a-40b0-9028-4dfe7f4317af,2,70,70,6,1,1,1,False
8fbfbc02-0e3a-40b0-9028-4dfe7f4317af,3,65,65,9,0,0,0,False
8fbfbc02-0e3a-40b0-9028-4dfe7f4317af,4,65,65,8,0,0,0,False
37f7d21a-cf8f-494b-ae3c-3cff62835f66,1,305,305,10,0,0,0,False
37f7d21a-cf8f-494b-ae3c-3cff62835f66,2,305,305,9,0,0,0,False
37f7d21a-cf8f-494b-ae3c-3cff62835f66,3,305,305,8,0,0,0,False
e0b1a79c-75c2-49a5-b667-8881e325ab70,1,37.5,37.5,9,0,0,0,False
e0b1a79c-75c2-49a5-b667-8881e325ab70,2,37.5,37.5,9,0,0,0,False
e0b1a79c-75c2-49a5-b667-8881e325ab70,3,37.5,37.5,8,0,0,0,False
e0b1a79c-75c2-49a5-b667-8881e325ab70,4,37.5,37.5,8,0,0,0,False
ddf62ad6-be37-4b5a-bcc5-690dd2f14eea,1,195,195,12,0,0,0,False
ddf62ad6-be37-4b5a-bcc5-690dd2f14eea,2,195,195,12,0,0,0,False
ddf62ad6-be37-4b5a-bcc5-690dd2f14eea,3,195,195,12,0,0,0,False
c72817f6-c5dc-410e-8239-09e464eca058,1,45,+45,14,0,0,0,False
c72817f6-c5dc-410e-8239-09e464eca058,2,45,+45,14,0,0,0,False
c72817f6-c5dc-410e-8239-09e464eca058,3,45,+45,14,0,0,0,False
3d49df34-b6a3-4e96-8537-c3892d8cb149,1,307.5,307.5,6,0,0,0,False
3d49df34-b6a3-4e96-8537-c3892d8cb149,2,307.5,307.5,6,0,0,0,False
3d49df34-b6a3-4e96-8537-c3892d8cb149,3,307.5,307.5,5,0,0,0,False
3d49df34-b6a3-4e96-8537-c3892d8cb149,4,295,295,5,0,0,0,False
b9d5c762-14fc-482f-87c3-0a4af29f03ab,1,142.5,142.5,7,0,0,0,False
b9d5c762-14fc-482f-87c3-0a4af29f03ab,2,142.5,142.5,8,0,0,0,False
b9d5c762-14fc-482f-87c3-0a4af29f03ab,3,142.5,142.5,7,0,0,0,False
7b18fa5f-0496-4a98-b2f1-a6a151ba3bc8,1,52.5,52.5,9,1,0.5,0.5,False
7b18fa5f-0496-4a98-b2f1-a6a151ba3bc8,2,52.5,52.5,6,1,0.5,0.5,False
7b18fa5f-0496-4a98-b2f1-a6a151ba3bc8,3,47.5,47.5,9,0,0,0,False
7b18fa5f-0496-4a98-b2f1-a6a151ba3bc8,4,47.5,47.5,8,0,0,0,False
38a71ed9-ff8a-43eb-bfb3-9014dc7982ba,1,172.5,172.5,12,0,0,0,False
38a71ed9-ff8a-43eb-bfb3-9014dc7982ba,2,165,165,12,0,0,0,False
38a71ed9-ff8a-43eb-bfb3-9014dc7982ba,3,160,160,11,1,0.5,0.5,False
fc93d284-d60b-4968-8fe2-c03e47e3ad1e,1,102.5,102.5,10,0,0,0,False
fc93d284-d60b-4968-8fe2-c03e47e3ad1e,2,102.5,102.5,7,0,0,0,False
fc93d284-d60b-4968-8fe2-c03e47e3ad1e,3,95,95,9,0,0,0,False
9e6dac80-5ec5-4f96-8c05-09653da7adf3,1,52.5,52.5,14,0,0,0,False
9e6dac80-5ec5-4f96-8c05-09653da7adf3,2,52.5,52.5,12,0,0,0,False
9e6dac80-5ec5-4f96-8c05-09653da7adf3,3,50,50,10,0,0,0,False
5410bcea-35c6-4039-a611-c32faf8b7ee0,1,130,130,6,0,0,0,False
5410bcea-35c6-4039-a611-c32faf8b7ee0,2,130,130,5,0,0,0,False
5410bcea-35c6-4039-a611-c32faf8b7ee0,3,130,130,4,1,0.5,0.5,False
5410bcea-35c6-4039-a611-c32faf8b7ee0,4,130,130,4,0,0,0,False
9acc4081-41f0-4eb8-a073-a67894e33f78,1,177.5,177.5,8,0,0,0,False
9acc4081-41f0-4eb8-a073-a67894e33f78,2,177.5,177.5,7,0,0,0,False
9acc4081-41f0-4eb8-a073-a67894e33f78,3,177.5,177.5,7,0,0,0,False
05552446-65b9-41aa-b56a-847ea8ded501,1,220,+220,7,1,0.5,0.5,False
05552446-65b9-41aa-b56a-847ea8ded501,2,220,+220,7,0,0,0,False
05552446-65b9-41aa-b56a-847ea8ded501,3,220,+220,7,0,0,0,False
05552446-65b9-41aa-b56a-847ea8ded501,4,220,+220,6,0,0,0,False
f1730e15-efb9-47f2-9e26-8ba3f7ca35a8,1,85,85,9,0,0,0,False
f1730e15-efb9-47f2-9e26-8ba3f7ca35a8,2,85,85,8,0,0,0,False
f1730e15-efb9-47f2-9e26-8ba3f7ca35a8,3,75,75,12,0,0,0,False
f1730e15-efb9-47f2-9e26-8ba3f7ca35a8,4,75,75,12,0,0,0,False
01a3bdda-7f0b-4ab0-85c8-7ad7e04e5590,1,50,50,10,0,0,0,False
01a3bdda-7f0b-4ab0-85c8-7ad7e04e5590,2,50,50,10,0,0,0,False
01a3bdda-7f0b-4ab0-85c8-7ad7e04e5590,3,50,50,9,0,0,0,False
5ef3ea70-08d3-4a27-a395-8a7506636692,1,25,25,9,0,0,0,False
5ef3ea70-08d3-4a27-a395-8a7506636692,2,25,25,8,0,0,0,False
5ef3ea70-08d3-4a27-a395-8a7506636692,3,25,25,8,0,0,0,False
cee4480d-cf6f-4ed3-88b0-d628ae22a939,1,125,+125,10,0,0,0,False
cee4480d-cf6f-4ed3-88b0-d628ae22a939,2,125,+125,9,0,0,0,False
cee4480d-cf6f-4ed3-88b0-d628ae22a939,3,112.5,+112.5,12,0,0,0,False
9ae2f88c-7ac9-4426-a039-5902f43e6b76,1,70,70,7,1,1,1,False
9ae2f88c-7ac9-4426-a039-5902f43e6b76,2,70,70,6,1,0.5,0.5,False
9ae2f88c-7ac9-4426-a039-5902f43e6b76,3,70,70,5,1,1,1,False
9ae2f88c-7ac9-4426-a039-5902f43e6b76,4,65,65,7,2,1.5,1.5,False
34652879-6e20-4097-8a30-87d12f66295b,1,155,155,11,1,1,1,False
34652879-6e20-4097-8a30-87d12f66295b,2,150,150,11,1,1,1,False
34652879-6e20-4097-8a30-87d12f66295b,3,150,150,10,1,1,1,False
34652879-6e20-4097-8a30-87d12f66295b,4,150,150,9,1,1,1,False
4a6a9efa-a01f-481b-a103-194b969a9736,1,205,+205,8,1,1,1,False
4a6a9efa-a01f-481b-a103-194b969a9736,2,205,+205,8,1,1,1,False
4a6a9efa-a01f-481b-a103-194b969a9736,3,205,+205,8,1,1,1,False
4a6a9efa-a01f-481b-a103-194b969a9736,4,205,+205,7,1,1,1,False
3f34df29-65d8-4ab2-bc8e-7abdbc4f1ae1,1,130,130,12,1,1,1,False
3f34df29-65d8-4ab2-bc8e-7abdbc4f1ae1,2,130,130,11,1,1,1,False
3f34df29-65d8-4ab2-bc8e-7abdbc4f1ae1,3,130,130,10,1,1,1,False
65bf6f12-e48a-48c3-9b29-217a3897417a,1,30,30,11,1,1,1,False
65bf6f12-e48a-48c3-9b29-217a3897417a,2,30,30,10,1,1,1,False
65bf6f12-e48a-48c3-9b29-217a3897417a,3,27.5,27.5,13,1,1,1,False
a0c40b70-c8cc-4b48-80a7-00d4cae745cf,1,27.5,27.5,11,1,1,1,False
a0c40b70-c8cc-4b48-80a7-00d4cae745cf,2,25,25,11,1,1,1,False
a0c40b70-c8cc-4b48-80a7-00d4cae745cf,3,25,25,12,1,1,1,False
a0c40b70-c8cc-4b48-80a7-00d4cae745cf,4,25,25,11,1,1,1,False
87669fab-2fbe-45c1-a470-41934b7995ad,1,97.5,97.5,10,2,1.5,1.5,False
87669fab-2fbe-45c1-a470-41934b7995ad,2,97.5,97.5,9,2,2,2,False
87669fab-2fbe-45c1-a470-41934b7995ad,3,97.5,97.5,8,1,1,1,False
721a83b4-b3a5-4109-802d-130a89db6108,1,90,90,5,1,1,1,False
721a83b4-b3a5-4109-802d-130a89db6108,2,90,90,5,1,0.5,0.5,False
721a83b4-b3a5-4109-802d-130a89db6108,3,90,90,4,1,0.5,0.5,False
721a83b4-b3a5-4109-802d-130a89db6108,4,82.5,82.5,6,2,1.5,1.5,False
bd32710c-e091-42eb-bc99-88ebc80c8748,1,110,110,10,1,1,1,False
bd32710c-e091-42eb-bc99-88ebc80c8748,2,110,110,10,1,1,1,False
bd32710c-e091-42eb-bc99-88ebc80c8748,3,110,110,10,1,1,1,False
7f23c0b1-052a-4e34-8bca-326111908bf1,1,62.5,62.5,11,1,1,1,False
7f23c0b1-052a-4e34-8bca-326111908bf1,2,62.5,62.5,8,2,2,2,False
7f23c0b1-052a-4e34-8bca-326111908bf1,3,60,60,6,3,3,3,False
e4e00ebc-9885-4dcf-846f-d76db8f2e083,1,60,60,11,1,1,1,False
e4e00ebc-9885-4dcf-846f-d76db8f2e083,2,60,60,10,1,1,1,False
e4e00ebc-9885-4dcf-846f-d76db8f2e083,3,60,60,8,1,0.5,0.5,False
15e383a6-06c0-4227-9241-44e14cd492dd,1,25,25,13,1,1,1,False
15e383a6-06c0-4227-9241-44e14cd492dd,2,25,25,11,1,1,1,False
15e383a6-06c0-4227-9241-44e14cd492dd,3,25,25,9,0,0,0,False
ce3941df-6d1c-4516-8117-a36501fa0d3f,1,47.5,47.5,11,1,1,1,False
ce3941df-6d1c-4516-8117-a36501fa0d3f,2,47.5,47.5,11,1,0.5,0.5,False
ce3941df-6d1c-4516-8117-a36501fa0d3f,3,45,45,11,1,1,1,False
ed1152a9-3d81-41d4-a00c-612e1c3d55ad,1,5,+5,14,1,1,1,False
ed1152a9-3d81-41d4-a00c-612e1c3d55ad,2,5,+5,13,1,1,1,False
ed1152a9-3d81-41d4-a00c-612e1c3d55ad,3,5,+5,12,1,1,1,False
ab9f4323-78a5-4491-b935-de8dfadba34a,1,140,140,7,2,1.5,1.5,False
ab9f4323-78a5-4491-b935-de8dfadba34a,2,140,140,7,1,1,1,False
ab9f4323-78a5-4491-b935-de8dfadba34a,3,140,140,6,1,1,1,False
ab9f4323-78a5-4491-b935-de8dfadba34a,4,130,130,8,1,1,1,False
5d035a45-aee1-4e7d-ab56-d6937b92e853,1,70,70,8,1,1,1,False
5d035a45-aee1-4e7d-ab56-d6937b92e853,2,70,70,6,1,0.5,0.5,False
5d035a45-aee1-4e7d-ab56-d6937b92e853,3,65,65,8,1,0.5,0.5,False
4a456c84-3774-462c-b10f-f0f332412d27,1,110,110,8,1,1,1,False
4a456c84-3774-462c-b10f-f0f332412d27,2,110,110,7,1,1,1,False
4a456c84-3774-462c-b10f-f0f332412d27,3,110,110,6,1,1,1,False
4a456c84-3774-462c-b10f-f0f332412d27,4,110,110,5,1,1,1,False
97b1651d-bddb-41a4-8770-4b07773e7ee2,1,35,35,10,1,1,1,False
97b1651d-bddb-41a4-8770-4b07773e7ee2,2,35,35,10,1,1,1,False
97b1651d-bddb-41a4-8770-4b07773e7ee2,3,35,35,9,1,1,1,False
97b1651d-bddb-41a4-8770-4b07773e7ee2,4,35,35,9,1,1,1,False
12b9e89b-3a40-46ae-a495-f235e04035ac,1,190,190,11,1,1,1,False
12b9e89b-3a40-46ae-a495-f235e04035ac,2,190,190,11,1,1,1,False
12b9e89b-3a40-46ae-a495-f235e04035ac,3,190,190,11,1,0.5,0.5,False
c0e89a54-8539-41f8-9d04-b90f9f510b26,1,45,+45,12,1,1,1,False
c0e89a54-8539-41f8-9d04-b90f9f510b26,2,45,+45,12,1,1,1,False
c0e89a54-8539-41f8-9d04-b90f9f510b26,3,45,+45,12,1,1,1,False
59884025-09f4-4ba2-acb3-a4e65f57edf7,1,297.5,297.5,6,1,1,1,False
59884025-09f4-4ba2-acb3-a4e65f57edf7,2,297.5,297.5,6,1,1,1,False
59884025-09f4-4ba2-acb3-a4e65f57edf7,3,297.5,297.5,5,1,1,1,False
59884025-09f4-4ba2-acb3-a4e65f57edf7,4,297.5,297.5,5,1,1,1,False
3bb69e5f-dc63-45f5-b932-8563e5de57eb,1,145,145,6,1,1,1,False
3bb69e5f-dc63-45f5-b932-8563e5de57eb,2,145,145,6,1,1,1,False
3bb69e5f-dc63-45f5-b932-8563e5de57eb,3,145,145,5,1,1,1,False
bc4c270f-7b92-4eb9-a75f-b70b85c216a3,1,50,50,10,1,1,1,False
bc4c270f-7b92-4eb9-a75f-b70b85c216a3,2,50,50,9,1,1,1,False
bc4c270f-7b92-4eb9-a75f-b70b85c216a3,3,50,50,7,1,0.5,0.5,False
bc4c270f-7b92-4eb9-a75f-b70b85c216a3,4,45,45,10,1,0.5,0.5,False
1c630b42-6342-444d-892f-235399de5ffc,1,167.5,167.5,12,1,1,1,False
1c630b42-6342-444d-892f-235399de5ffc,2,162.5,162.5,12,1,1,1,False
1c630b42-6342-444d-892f-235399de5ffc,3,162.5,162.5,11,1,0.5,0.5,False
5d911892-8bff-4602-bec2-20d293e735a0,1,100,100,10,1,1,1,False
5d911892-8bff-4602-bec2-20d293e735a0,2,100,100,9,1,1,1,False
5d911892-8bff-4602-bec2-20d293e735a0,3,100,100,7,1,0.5,0.5,False
7c612d9d-d97a-4609-8908-5ab8842def16,1,50,50,15,1,1,1,False
7c612d9d-d97a-4609-8908-5ab8842def16,2,50,50,14,1,1,1,False
7c612d9d-d97a-4609-8908-5ab8842def16,3,50,50,12,1,0.5,0.5,False
0f477f1c-f24c-400f-9ca6-317f131fe641,1,285,285,12,1,1,1,False
0f477f1c-f24c-400f-9ca6-317f131fe641,2,285,285,12,1,1,1,False
0f477f1c-f24c-400f-9ca6-317f131fe641,3,285,285,10,1,1,1,False
ad841278-8f13-4a47-9ca8-b7acca99c6e2,1,127.5,127.5,6,0,0,0,False
ad841278-8f13-4a47-9ca8-b7acca99c6e2,2,125,125,5,1,1,1,False
ad841278-8f13-4a47-9ca8-b7acca99c6e2,3,125,125,5,1,1,1,False
ad841278-8f13-4a47-9ca8-b7acca99c6e2,4,125,125,5,1,0.5,0.5,False
2bf5987a-4ce2-475d-81e1-8b425c67e1e6,1,167.5,167.5,8,1,1,1,False
2bf5987a-4ce2-475d-81e1-8b425c67e1e6,2,167.5,167.5,8,1,1,1,False
2bf5987a-4ce2-475d-81e1-8b425c67e1e6,3,167.5,167.5,8,1,1,1,False
78db830a-b91e-4a96-b969-79e402b07eb5,1,215,+215,6,1,1,1,False
78db830a-b91e-4a96-b969-79e402b07eb5,2,215,+215,6,1,1,1,False
78db830a-b91e-4a96-b969-79e402b07eb5,3,215,+215,6,1,1,1,False
78db830a-b91e-4a96-b969-79e402b07eb5,4,215,+215,5,1,1,1,False
5408297f-21e0-4cee-802c-f4a7f06f44c3,1,80,80,10,1,1,1,False
5408297f-21e0-4cee-802c-f4a7f06f44c3,2,80,80,9,1,1,1,False
5408297f-21e0-4cee-802c-f4a7f06f44c3,3,75,75,10,1,1,1,False
5408297f-21e0-4cee-802c-f4a7f06f44c3,4,75,75,10,1,1,1,False
aff599f5-c0f8-45eb-ae6a-4dce8ae21c3c,1,47.5,47.5,10,1,1,1,False
aff599f5-c0f8-45eb-ae6a-4dce8ae21c3c,2,47.5,47.5,9,1,1,1,False
aff599f5-c0f8-45eb-ae6a-4dce8ae21c3c,3,47.5,47.5,10,1,1,1,False
cb25d034-3ac5-468d-b323-c1a7a3ea7638,1,22.5,22.5,11,1,1,1,False
cb25d034-3ac5-468d-b323-c1a7a3ea7638,2,22.5,22.5,11,1,1,1,False
cb25d034-3ac5-468d-b323-c1a7a3ea7638,3,22.5,22.5,11,1,1,1,False
f967cc31-f828-4d39-bd2c-303ef97b597d,1,120,+120,10,1,1,1,False
f967cc31-f828-4d39-bd2c-303ef97b597d,2,120,+120,9,1,1,1,False
f967cc31-f828-4d39-bd2c-303ef97b597d,3,120,+120,9,1,1,1,False
1e99d24b-548a-432d-812b-36c5b7d193ac,1,67.5,67.5,8,2,2,2,False
1e99d24b-548a-432d-812b-36c5b7d193ac,2,67.5,67.5,7,2,2,2,False
1e99d24b-548a-432d-812b-36c5b7d193ac,3,67.5,67.5,7,1,1,1,False
1e99d24b-548a-432d-812b-36c5b7d193ac,4,67.5,67.5,6,1,1,1,False
a9e61819-2125-4c74-888c-c502ac6c5bd6,1,157.5,157.5,9,2,2,2,False
a9e61819-2125-4c74-888c-c502ac6c5bd6,2,152.5,152.5,9,2,2,2,False
a9e61819-2125-4c74-888c-c502ac6c5bd6,3,152.5,152.5,8,2,2,2,False
a9e61819-2125-4c74-888c-c502ac6c5bd6,4,152.5,152.5,8,2,1.5,1.5,False
a8631ae9-5e1f-4cc4-91b2-c01b42d9fdb2,1,195,+195,8,2,2,2,False
a8631ae9-5e1f-4cc4-91b2-c01b42d9fdb2,2,195,+195,7,2,2,2,False
a8631ae9-5e1f-4cc4-91b2-c01b42d9fdb2,3,195,+195,8,2,2,2,False
a8631ae9-5e1f-4cc4-91b2-c01b42d9fdb2,4,195,+195,7,2,2,2,False
0d0d0857-6d8a-4680-ad01-e669ab6aad93,1,130,130,11,2,2,2,False
0d0d0857-6d8a-4680-ad01-e669ab6aad93,2,130,130,10,2,2,2,False
0d0d0857-6d8a-4680-ad01-e669ab6aad93,3,130,130,10,2,1.5,1.5,False
cf286897-f973-44d0-babb-56c21f46d18b,1,27.5,27.5,13,2,2,2,False
cf286897-f973-44d0-babb-56c21f46d18b,2,27.5,27.5,12,2,2,2,False
cf286897-f973-44d0-babb-56c21f46d18b,3,27.5,27.5,12,2,1.5,1.5,False
3981c35b-262b-4609-aeaa-577974df9c1e,1,25,25,11,2,2,2,False
3981c35b-262b-4609-aeaa-577974df9c1e,2,25,25,10,2,2,2,False
3981c35b-262b-4609-aeaa-577974df9c1e,3,25,25,10,2,2,2,False
3981c35b-262b-4609-aeaa-577974df9c1e,4,25,25,10,2,1.5,1.5,False
04e3e3a1-b856-468b-8020-75b2734f6a78,1,100,100,8,2,2,2,False
04e3e3a1-b856-468b-8020-75b2734f6a78,2,97.5,97.5,9,2,2,2,False
04e3e3a1-b856-468b-8020-75b2734f6a78,3,97.5,97.5,7,2,2,2,False
8068e6cb-e6bd-4945-8c8f-c7884eceeb49,1,85,85,6,2,2,2,False
8068e6cb-e6bd-4945-8c8f-c7884eceeb49,2,85,85,5,2,2,2,False
8068e6cb-e6bd-4945-8c8f-c7884eceeb49,3,85,85,5,2,1.5,1.5,False
8068e6cb-e6bd-4945-8c8f-c7884eceeb49,4,85,85,5,2,1.5,1.5,False
af93ca33-d69f-4ae7-a62d-fd5dd22e943c,1,100,100,10,2,2,2,False
af93ca33-d69f-4ae7-a62d-fd5dd22e943c,2,100,100,10,2,2,2,False
af93ca33-d69f-4ae7-a62d-fd5dd22e943c,3,105,105,10,2,2,2,False
a30c2987-9427-4ff7-97ef-2feefc1845ad,1,60,60,10,2,2,2,False
a30c2987-9427-4ff7-97ef-2feefc1845ad,2,60,60,10,2,2,2,False
a30c2987-9427-4ff7-97ef-2feefc1845ad,3,60,60,10,2,2,2,False
9681dd5c-dca8-4f89-853e-6faf4420895a,1,60,60,9,2,2,2,False
9681dd5c-dca8-4f89-853e-6faf4420895a,2,60,60,9,2,2,2,False
9681dd5c-dca8-4f89-853e-6faf4420895a,3,60,60,8,2,2,2,False
366a530c-ac34-4c8c-aff6-bc69230bd702,1,25,25,12,2,2,2,False
366a530c-ac34-4c8c-aff6-bc69230bd702,2,25,25,9,1,1,1,False
366a530c-ac34-4c8c-aff6-bc69230bd702,3,22.5,22.5,12,1,0.5,0.5,False
22d5baa9-c71d-4733-afe7-da271a3d22ef,1,40,40,14,2,2,2,False
22d5baa9-c71d-4733-afe7-da271a3d22ef,2,45,45,12,2,2,2,False
22d5baa9-c71d-4733-afe7-da271a3d22ef,3,42.5,42.5,11,2,2,2,False
519557e8-2aec-4be3-bf37-1fb9f7a690f8,1,0,+0,17,2,2,2,False
519557e8-2aec-4be3-bf37-1fb9f7a690f8,2,0,+0,17,2,2,2,False
519557e8-2aec-4be3-bf37-1fb9f7a690f8,3,0,+0,16,2,2,2,False
7b8d3fb6-9568-46cf-8089-244b2e29f896,1,132.5,132.5,9,2,2,2,False
7b8d3fb6-9568-46cf-8089-244b2e29f896,2,132.5,132.5,8,2,2,2,False
7b8d3fb6-9568-46cf-8089-244b2e29f896,3,132.5,132.5,8,2,1.5,1.5,False
7b8d3fb6-9568-46cf-8089-244b2e29f896,4,132.5,132.5,7,0,0,0,False
25c29c71-ed58-4146-9b20-e017b1418ba3,1,65,65,10,2,1.5,1.5,False
25c29c71-ed58-4146-9b20-e017b1418ba3,2,65,65,8,2,2,2,False
25c29c71-ed58-4146-9b20-e017b1418ba3,3,65,65,7,2,1.5,1.5,False
db223b47-c58e-47db-a3e2-26f38ea7b062,1,95,95,9,2,2,2,False
db223b47-c58e-47db-a3e2-26f38ea7b062,2,95,95,8,2,2,2,False
db223b47-c58e-47db-a3e2-26f38ea7b062,3,95,95,8,2,2,2,False
db223b47-c58e-47db-a3e2-26f38ea7b062,4,95,95,7,2,2,2,False
3c5f1ab6-0316-4103-be76-58988b10478d,1,32.5,32.5,11,2,2,2,False
3c5f1ab6-0316-4103-be76-58988b10478d,2,32.5,32.5,11,2,2,2,False
3c5f1ab6-0316-4103-be76-58988b10478d,3,32.5,32.5,10,2,2,2,False
3c5f1ab6-0316-4103-be76-58988b10478d,4,32.5,32.5,10,2,2,2,False
5d23cc7d-781a-486d-bccb-0e217eea6886,1,177.5,177.5,12,2,2,2,False
5d23cc7d-781a-486d-bccb-0e217eea6886,2,177.5,177.5,12,2,2,2,False
5d23cc7d-781a-486d-bccb-0e217eea6886,3,177.5,177.5,12,2,2,2,False
f9ba32ad-1c41-4620-a913-d0c43a9aa0e9,1,35,+35,12,2,2,2,False
f9ba32ad-1c41-4620-a913-d0c43a9aa0e9,2,35,+35,12,2,2,2,False
f9ba32ad-1c41-4620-a913-d0c43a9aa0e9,3,35,+35,12,2,2,2,False
2d3f32ed-d892-4e0d-99bf-3aa29b73e0b0,1,287.5,287.5,6,2,2,2,False
2d3f32ed-d892-4e0d-99bf-3aa29b73e0b0,2,287.5,287.5,6,2,2,2,False
2d3f32ed-d892-4e0d-99bf-3aa29b73e0b0,3,287.5,287.5,6,2,2,2,False
2d3f32ed-d892-4e0d-99bf-3aa29b73e0b0,4,287.5,287.5,6,2,2,2,False
9d11d128-c2f1-4810-9c2a-0065fc5b7d4c,1,137.5,137.5,6,2,2,2,False
9d11d128-c2f1-4810-9c2a-0065fc5b7d4c,2,137.5,137.5,5,2,2,2,False
9d11d128-c2f1-4810-9c2a-0065fc5b7d4c,3,137.5,137.5,5,2,2,2,False
f1363b96-09a8-4163-98fe-755e290b1d34,1,50,50,8,2,2,2,False
f1363b96-09a8-4163-98fe-755e290b1d34,2,50,50,9,2,2,2,False
f1363b96-09a8-4163-98fe-755e290b1d34,3,50,50,7,2,2,2,False
f1363b96-09a8-4163-98fe-755e290b1d34,4,45,45,10,1,0.5,0.5,False
9ad276ed-68b6-4a96-91f7-f8a2055eaed9,1,157.5,157.5,13,2,2,2,False
9ad276ed-68b6-4a96-91f7-f8a2055eaed9,2,157.5,157.5,12,2,2,2,False
9ad276ed-68b6-4a96-91f7-f8a2055eaed9,3,157.5,157.5,11,2,2,2,False
7b66bd62-c5ec-4e89-a9fc-43b6853df228,1,97.5,97.5,10,2,2,2,False
7b66bd62-c5ec-4e89-a9fc-43b6853df228,2,97.5,97.5,10,2,1.5,1.5,False
7b66bd62-c5ec-4e89-a9fc-43b6853df228,3,97.5,97.5,8,1,0.5,0.5,False
dd06ca48-7986-4b0c-ae14-b09b41c22a37,1,50,50,13,2,2,2,False
dd06ca48-7986-4b0c-ae14-b09b41c22a37,2,50,50,12,2,2,2,False
dd06ca48-7986-4b0c-ae14-b09b41c22a37,3,50,50,11,2,2,2,False
68cc8cb4-c0bf-4a74-aa12-a20141559791,1,275,275,12,2,2,2,False
68cc8cb4-c0bf-4a74-aa12-a20141559791,2,275,275,12,2,1.5,1.5,False
68cc8cb4-c0bf-4a74-aa12-a20141559791,3,275,275,10,2,2,2,False
68cc8cb4-c0bf-4a74-aa12-a20141559791,4,275,275,10,2,2,2,False
7d3b984d-5b1b-4db9-89d0-59399a5395df,1,132.5,132.5,4,1,0.5,0.5,False
7d3b984d-5b1b-4db9-89d0-59399a5395df,2,125,125,6,1,0.5,0.5,False
7d3b984d-5b1b-4db9-89d0-59399a5395df,3,125,125,5,1,1,1,False
7d3b984d-5b1b-4db9-89d0-59399a5395df,4,125,125,4,2,1.5,1.5,False
c1359b47-53e0-4bea-a03d-9a4a3f115e66,1,162.5,162.5,8,2,2,2,False
c1359b47-53e0-4bea-a03d-9a4a3f115e66,2,162.5,162.5,8,2,2,2,False
c1359b47-53e0-4bea-a03d-9a4a3f115e66,3,162.5,162.5,8,2,2,2,False
0e5e2caf-ec06-4cf0-8453-17af823d7697,1,205,+205,6,2,2,2,False
0e5e2caf-ec06-4cf0-8453-17af823d7697,2,205,+205,6,2,2,2,False
0e5e2caf-ec06-4cf0-8453-17af823d7697,3,205,+205,5,2,2,2,False
0e5e2caf-ec06-4cf0-8453-17af823d7697,4,205,+205,4,2,2,2,False
e26b8fbd-6836-4050-8a1f-67157f9a4aec,1,23.75,23.75,10,3,3,3,False
e26b8fbd-6836-4050-8a1f-67157f9a4aec,2,27.5,27.5,10,3,3,3,False
e26b8fbd-6836-4050-8a1f-67157f9a4aec,3,27.5,27.5,10,3,2.5,2.5,False
e26b8fbd-6836-4050-8a1f-67157f9a4aec,4,27.5,27.5,10,3,2.5,2.5,False
79152cdf-3711-4e24-b421-311aee4e3e29,1,45,45,10,2,2,2,False
79152cdf-3711-4e24-b421-311aee4e3e29,2,45,45,10,2,2,2,False
79152cdf-3711-4e24-b421-311aee4e3e29,3,45,45,10,2,2,2,False
2bdb588a-24c4-4296-81ac-01f67554b15c,1,22.5,22.5,9,2,2,2,False
2bdb588a-24c4-4296-81ac-01f67554b15c,2,22.5,22.5,9,2,2,2,False
2bdb588a-24c4-4296-81ac-01f67554b15c,3,22.5,22.5,9,2,2,2,False
caccfb82-1709-4b36-8c04-0d210be48787,1,115,+115,10,2,2,2,False
caccfb82-1709-4b36-8c04-0d210be48787,2,115,+115,9,2,2,2,False
caccfb82-1709-4b36-8c04-0d210be48787,3,115,+115,9,2,2,2,False
c62ac577-c9c5-4fce-9924-dfa39c11f568,1,65,65,8,3,3,3,False
c62ac577-c9c5-4fce-9924-dfa39c11f568,2,65,65,8,3,2.5,2.5,False
c62ac577-c9c5-4fce-9924-dfa39c11f568,3,65,65,6,3,3,3,False
c62ac577-c9c5-4fce-9924-dfa39c11f568,4,65,65,6,3,2.5,2.5,False
a72bd398-2524-4026-a01c-0d1a0d4e01d1,1,150,150,10,3,2.5,2.5,False
a72bd398-2524-4026-a01c-0d1a0d4e01d1,2,150,150,9,3,2.5,2.5,False
a72bd398-2524-4026-a01c-0d1a0d4e01d1,3,150,150,8,3,2.5,2.5,False
a72bd398-2524-4026-a01c-0d1a0d4e01d1,4,140,140,10,3,3,3,False
8c161f6d-8034-418c-8756-fd96dcb17945,1,185,+185,8,3,3,3,False
8c161f6d-8034-418c-8756-fd96dcb17945,2,185,+185,7,3,3,3,False
8c161f6d-8034-418c-8756-fd96dcb17945,3,185,+185,7,3,3,3,False
8c161f6d-8034-418c-8756-fd96dcb17945,4,185,+185,7,3,3,3,False
4fb3ae24-2fd2-431f-b888-dc500ea81b5d,1,115,115,12,3,3,3,False
4fb3ae24-2fd2-431f-b888-dc500ea81b5d,2,115,115,11,3,3,3,False
4fb3ae24-2fd2-431f-b888-dc500ea81b5d,3,115,115,11,3,2.5,2.5,False
2dc69d52-2505-4d45-9b50-23edfb9ebf91,1,27.5,27.5,11,3,3,3,False
2dc69d52-2505-4d45-9b50-23edfb9ebf91,2,27.5,27.5,10,3,3,3,False
2dc69d52-2505-4d45-9b50-23edfb9ebf91,3,27.5,27.5,10,3,3,3,False
e22c5aca-0161-4caf-a243-21ec3130480c,1,25,25,13,3,3,3,False
e22c5aca-0161-4caf-a243-21ec3130480c,2,22.5,22.5,13,3,3,3,False
e22c5aca-0161-4caf-a243-21ec3130480c,3,20,20,13,3,3,3,False
e22c5aca-0161-4caf-a243-21ec3130480c,4,20,20,13,3,3,3,False
ed44f051-762b-44d4-94be-53a1cc4499bc,1,90,90,12,3,3,3,False
ed44f051-762b-44d4-94be-53a1cc4499bc,2,90,90,11,3,3,3,False
ed44f051-762b-44d4-94be-53a1cc4499bc,3,90,90,10,3,3,3,False
5a9dbbdc-9e27-4c2d-bc10-ac6bb1b0fa07,1,80,80,6,3,3,3,False
5a9dbbdc-9e27-4c2d-bc10-ac6bb1b0fa07,2,80,80,6,3,3,3,False
5a9dbbdc-9e27-4c2d-bc10-ac6bb1b0fa07,3,80,80,6,3,3,3,False
5a9dbbdc-9e27-4c2d-bc10-ac6bb1b0fa07,4,80,80,6,3,2.5,2.5,False
e61f22e7-b223-4ede-bcf7-a4d94106359c,1,95,95,10,3,3,3,False
e61f22e7-b223-4ede-bcf7-a4d94106359c,2,95,95,10,3,3,3,False
e61f22e7-b223-4ede-bcf7-a4d94106359c,3,95,95,10,3,3,3,False
253540ed-be08-48c8-891b-5d8ec3ea4823,1,47.5,47.5,12,3,3,3,False
253540ed-be08-48c8-891b-5d8ec3ea4823,2,47.5,47.5,12,3,3,3,False
253540ed-be08-48c8-891b-5d8ec3ea4823,3,47.5,47.5,12,3,3,3,False
66fbdcf6-c276-498a-b65c-34ce033abe05,1,55,55,10,4,3.5,3.5,False
66fbdcf6-c276-498a-b65c-34ce033abe05,2,55,55,10,3,3,3,False
66fbdcf6-c276-498a-b65c-34ce033abe05,3,55,55,9,3,3,3,False
20a52230-abb5-44c9-ad76-edd3bc2679c8,1,25,25,12,3,2.5,2.5,False
20a52230-abb5-44c9-ad76-edd3bc2679c8,2,22.5,22.5,12,3,3,3,False
20a52230-abb5-44c9-ad76-edd3bc2679c8,3,22.5,22.5,11,2,2,2,False
24df414a-0596-4958-a6ec-d0debbbeacd5,1,30,30,16,6,5+,6,False
24df414a-0596-4958-a6ec-d0debbbeacd5,2,35,35,14,3,3,3,False
24df414a-0596-4958-a6ec-d0debbbeacd5,3,37.5,37.5,13,4,3.5,3.5,False
360c6c7c-d6ea-4437-bee2-b1b0ca2388dd,1,0,+0,15,3,3,3,False
360c6c7c-d6ea-4437-bee2-b1b0ca2388dd,2,0,+0,15,3,3,3,False
360c6c7c-d6ea-4437-bee2-b1b0ca2388dd,3,0,+0,15,2,2,2,False
1e5120a5-2543-42ca-9dcf-7db87859fc9a,1,132.5,132.5,7,3,3,3,False
1e5120a5-2543-42ca-9dcf-7db87859fc9a,2,132.5,132.5,7,3,3,3,False
1e5120a5-2543-42ca-9dcf-7db87859fc9a,3,132.5,132.5,7,3,3,3,False
1e5120a5-2543-42ca-9dcf-7db87859fc9a,4,132.5,132.5,6,3,3,3,False
f7afedef-cee3-49f3-997f-a5d8b2f8ccfa,1,67.5,67.5,8,3,2.5,2.5,False
f7afedef-cee3-49f3-997f-a5d8b2f8ccfa,2,67.5,67.5,7,3,3,3,False
f7afedef-cee3-49f3-997f-a5d8b2f8ccfa,3,67.5,67.5,7,3,2.5,2.5,False
c1fd8c92-62b7-45b3-8e79-ef77a65c859d,1,95,95,7,3,3,3,False
c1fd8c92-62b7-45b3-8e79-ef77a65c859d,2,95,95,7,3,3,3,False
c1fd8c92-62b7-45b3-8e79-ef77a65c859d,3,95,95,6,3,3,3,False
c1fd8c92-62b7-45b3-8e79-ef77a65c859d,4,95,95,6,3,3,3,False
3de692f5-ed6d-4d1e-9843-30572820cfb6,1,32.5,32.5,9,3,3,3,False
3de692f5-ed6d-4d1e-9843-30572820cfb6,2,32.5,32.5,9,3,3,3,False
3de692f5-ed6d-4d1e-9843-30572820cfb6,3,32.5,32.5,8,3,3,3,False
3de692f5-ed6d-4d1e-9843-30572820cfb6,4,32.5,32.5,8,3,3,3,False
bd8b3974-0d53-44d5-bb5d-45f86f99b174,1,170,170,12,3,3,3,False
bd8b3974-0d53-44d5-bb5d-45f86f99b174,2,170,170,12,3,3,3,False
bd8b3974-0d53-44d5-bb5d-45f86f99b174,3,170,170,12,3,3,3,False
fef667c8-2d5f-4520-8cdb-3906871167de,1,25,+25,15,3,3,3,False
fef667c8-2d5f-4520-8cdb-3906871167de,2,30,+30,13,3,3,3,False
fef667c8-2d5f-4520-8cdb-3906871167de,3,30,+30,13,3,3,3,False
da802143-19f6-47c8-aaaf-474829c86e7d,1,272.5,272.5,6,3,3,3,False
da802143-19f6-47c8-aaaf-474829c86e7d,2,272.5,272.5,6,3,3,3,False
da802143-19f6-47c8-aaaf-474829c86e7d,3,272.5,272.5,6,3,3,3,False
da802143-19f6-47c8-aaaf-474829c86e7d,4,272.5,272.5,6,3,3,3,False
908274cd-9ea6-44b5-b4f2-dfe6e9f4387a,1,130,130,6,3,3,3,False
908274cd-9ea6-44b5-b4f2-dfe6e9f4387a,2,130,130,6,3,3,3,False
908274cd-9ea6-44b5-b4f2-dfe6e9f4387a,3,130,130,6,3,3,3,False
e9265c80-81f9-4dca-a3a9-d4790fe02789,1,47.5,47.5,10,3,3,3,False
e9265c80-81f9-4dca-a3a9-d4790fe02789,2,47.5,47.5,10,3,3,3,False
e9265c80-81f9-4dca-a3a9-d4790fe02789,3,47.5,47.5,9,3,3,3,False
e9265c80-81f9-4dca-a3a9-d4790fe02789,4,47.5,47.5,7,2,2,2,False
1897fc9d-f8d3-4a61-a11d-7787812fbb6a,1,157.5,157.5,12,2,2,2,False
1897fc9d-f8d3-4a61-a11d-7787812fbb6a,2,155,155,11,3,3,3,False
1897fc9d-f8d3-4a61-a11d-7787812fbb6a,3,155,155,11,3,2.5,2.5,False
bfbaf409-63bf-4ab5-b325-23e7ef3de2ac,1,95,95,10,3,2.5,2.5,False
bfbaf409-63bf-4ab5-b325-23e7ef3de2ac,2,95,95,10,2,2,2,False
bfbaf409-63bf-4ab5-b325-23e7ef3de2ac,3,95,95,9,2,1.5,1.5,False
27252066-7c95-41c4-a157-67822c08be2c,1,45,45,15,4,4,4,False
27252066-7c95-41c4-a157-67822c08be2c,2,45,45,15,4,3.5,3.5,False
27252066-7c95-41c4-a157-67822c08be2c,3,45,45,15,3,3,3,False
e060a5ed-e268-437d-b85b-e486c55b5f86,1,262.5,262.5,12,3,3,3,False
e060a5ed-e268-437d-b85b-e486c55b5f86,2,262.5,262.5,12,3,3,3,False
e060a5ed-e268-437d-b85b-e486c55b5f86,3,262.5,262.5,11,3,3,3,False
e060a5ed-e268-437d-b85b-e486c55b5f86,4,262.5,262.5,10,3,3,3,False
d2cfc1f0-fb0b-4a67-94f5-5e042fdcfb5a,1,122.5,122.5,6,3,3,3,False
d2cfc1f0-fb0b-4a67-94f5-5e042fdcfb5a,2,122.5,122.5,6,3,3,3,False
d2cfc1f0-fb0b-4a67-94f5-5e042fdcfb5a,3,122.5,122.5,5,3,3,3,False
d2cfc1f0-fb0b-4a67-94f5-5e042fdcfb5a,4,122.5,122.5,5,3,3,3,False
ea1555e5-0f4e-4dd7-b0ae-8fe9f8964cd9,1,150,150,8,4,4,4,False
ea1555e5-0f4e-4dd7-b0ae-8fe9f8964cd9,2,155,155,8,3,3,3,False
ea1555e5-0f4e-4dd7-b0ae-8fe9f8964cd9,3,155,155,8,3,3,3,False
eaf69df9-d82a-4e68-91a2-1d23084e7655,1,160,+160,8,3,3,3,False
eaf69df9-d82a-4e68-91a2-1d23084e7655,2,185,+185,6,3,3,3,False
eaf69df9-d82a-4e68-91a2-1d23084e7655,3,185,+185,6,3,3,3,False
eaf69df9-d82a-4e68-91a2-1d23084e7655,4,185,+185,7,3,3,3,False
3dbe42a3-dcfa-4f09-93ba-9b95b7900dda,1,242.5,242.5,10,3,3,3,False
3dbe42a3-dcfa-4f09-93ba-9b95b7900dda,2,242.5,242.5,10,3,3,3,False
3dbe42a3-dcfa-4f09-93ba-9b95b7900dda,3,242.5,242.5,9,3,3,3,False
3dbe42a3-dcfa-4f09-93ba-9b95b7900dda,4,242.5,242.5,9,3,3,3,False
d9cab440-d13b-4919-8274-f4ee88de2f94,1,45,45,8,3,3,3,False
d9cab440-d13b-4919-8274-f4ee88de2f94,2,45,45,8,3,3,3,False
d9cab440-d13b-4919-8274-f4ee88de2f94,3,45,45,8,3,3,3,False
116f8936-3ff4-4367-bf6b-73af40ab9b4a,1,20,20,12,3,3,3,False
116f8936-3ff4-4367-bf6b-73af40ab9b4a,2,20,20,12,3,3,3,False
116f8936-3ff4-4367-bf6b-73af40ab9b4a,3,20,20,12,3,3,3,False
359e2dbf-73b6-4f53-acad-324b7e3f5012,1,105,+105,11,3,3,3,False
359e2dbf-73b6-4f53-acad-324b7e3f5012,2,105,+105,10,3,3,3,False
359e2dbf-73b6-4f53-acad-324b7e3f5012,3,105,+105,10,3,3,3,False
f6589901-bba8-48d3-a56b-107806838f22,1,60,60,7,6,5+,6,False
f6589901-bba8-48d3-a56b-107806838f22,2,60,60,8,6,5+,6,False
0e09ac60-53c4-4fe7-aaed-5853fc06f7ba,1,140,140,10,6,5+,6,False
0e09ac60-53c4-4fe7-aaed-5853fc06f7ba,2,140,140,10,6,5+,6,False
9230b6a9-457b-47a4-a236-f2486ab892a6,1,155,155,9,6,5+,6,False
9230b6a9-457b-47a4-a236-f2486ab892a6,2,155,155,9,6,5+,6,False
71913203-2d27-4a4e-8ce6-3903be144308,1,210,210,13,6,5+,6,False
71913203-2d27-4a4e-8ce6-3903be144308,2,210,210,12,6,5+,6,False
1710a79f-d89b-4b60-b5b6-56c99934ba3f,1,72.5,72.5,9,6,5+,6,False
1710a79f-d89b-4b60-b5b6-56c99934ba3f,2,72.5,72.5,9,6,5+,6,False
002bcad3-5a50-442e-8d7d-49860e49cd5f,1,55,+55,10,6,5+,6,False
002bcad3-5a50-442e-8d7d-49860e49cd5f,2,55,+55,10,6,5+,6,False
35223caf-f8a8-4059-b4fb-2b38d98e1ed8,1,77.5,77.5,6,6,5+,6,False
35223caf-f8a8-4059-b4fb-2b38d98e1ed8,2,77.5,77.5,6,6,5+,6,False
4deb24ec-e111-46e2-b679-f329a3f3bc2d,1,150,150,12,6,5+,6,False
4deb24ec-e111-46e2-b679-f329a3f3bc2d,2,150,150,12,6,5+,6,False
fae6be99-c186-423d-b049-f879f5520e9a,1,60,60,10,6,5+,6,False
fae6be99-c186-423d-b049-f879f5520e9a,2,60,60,10,6,5+,6,False
59616fb5-d1b0-41f3-98b7-288dd88c9b72,1,42.5,42.5,11,6,5+,6,False
59616fb5-d1b0-41f3-98b7-288dd88c9b72,2,42.5,42.5,11,4,4,4,False
5fb1e8c8-de34-4dae-81d2-41fb4de762df,1,165,165,12,6,5+,6,False
5fb1e8c8-de34-4dae-81d2-41fb4de762df,2,165,165,12,6,5+,6,False
0cc5a546-8acf-41f5-a657-d4c6c42ba9ee,1,207.5,207.5,15,6,5+,6,False
0cc5a546-8acf-41f5-a657-d4c6c42ba9ee,2,207.5,207.5,15,6,5+,6,False
57cc8cd5-0c83-46b3-ae61-e51019209705,1,90,90,9,6,5+,6,False
57cc8cd5-0c83-46b3-ae61-e51019209705,2,90,90,9,6,5+,6,False
ab92f9ff-2817-4cf4-b0fe-46d9b24d79a0,1,107.5,107.5,8,6,5+,6,False
ab92f9ff-2817-4cf4-b0fe-46d9b24d79a0,2,107.5,107.5,8,6,5+,6,False
4c65bc0f-2ff4-43f4-a35d-0a48e5864b1d,1,142.5,142.5,9,6,5+,6,False
4c65bc0f-2ff4-43f4-a35d-0a48e5864b1d,2,142.5,142.5,9,6,5+,6,False
1a0f161c-52e9-49c6-8c04-b0ad6657e297,1,110,110,10,6,5+,6,False
1a0f161c-52e9-49c6-8c04-b0ad6657e297,2,110,110,10,6,5+,6,False
cd956a26-f07d-4f83-8f76-6cec85274469,1,55,55,12,6,5+,6,False
cd956a26-f07d-4f83-8f76-6cec85274469,2,55,55,12,6,5+,6,False
2d30e371-4f54-469d-8721-5e69803666dd,1,18,18,16,5,4.5,4.5,False
2d30e371-4f54-469d-8721-5e69803666dd,2,18,18,14,6,5+,6,False
6e9ef313-4437-49af-8970-a28a7ab6c605,1,0,+0,12,6,5+,6,False
6e9ef313-4437-49af-8970-a28a7ab6c605,2,0,+0,12,5,4.5,4.5,False
c19dbfda-23de-4a52-83cc-e765d94fab92,1,127.5,127.5,6,6,5+,6,False
c19dbfda-23de-4a52-83cc-e765d94fab92,2,127.5,127.5,6,6,5+,6,False
26aa68dc-6f38-4783-8e76-f066f0731583,1,117.5,117.5,7,6,5+,6,False
26aa68dc-6f38-4783-8e76-f066f0731583,2,117.5,117.5,6,6,5+,6,False
b3c820c4-ea34-4715-8d9d-818a116f6856,1,47.5,47.5,10,6,5+,6,False
b3c820c4-ea34-4715-8d9d-818a116f6856,2,47.5,47.5,10,6,5+,6,False
5e642eb1-60c3-4303-961b-975bab2a4d36,1,82.5,82.5,11,6,5+,6,False
5e642eb1-60c3-4303-961b-975bab2a4d36,2,82.5,82.5,11,6,5+,6,False
10aa9d3c-7c4e-4602-9fa2-6c02a471eb52,1,22.5,22.5,15,6,5+,6,False
10aa9d3c-7c4e-4602-9fa2-6c02a471eb52,2,22.5,22.5,14,6,5+,6,False
f3ce14d3-f36d-45d8-97f1-53585ddfca90,1,22.5,22.5,13,6,5+,6,False
f3ce14d3-f36d-45d8-97f1-53585ddfca90,2,22.5,22.5,13,6,5+,6,False
56b00e51-c35e-4a19-b647-76dafec76c0d,1,57.5,+57.5,12,6,5+,6,False
56b00e51-c35e-4a19-b647-76dafec76c0d,2,57.5,+57.5,12,6,5+,6,False
f5bf51d7-c0e6-4083-9573-0d2982393a79,1,125,125,8,5,4.5,4.5,False
f5bf51d7-c0e6-4083-9573-0d2982393a79,2,125,125,7,6,5+,6,False
dafb1755-ee42-408a-a2b1-271c3fe611af,1,150,150,9,5,4.5,4.5,False
dafb1755-ee42-408a-a2b1-271c3fe611af,2,150,150,8,6,5+,6,False
aa19dd87-aa73-4154-95c1-7b2c6e226082,1,165,165,6,6,5+,6,False
aa19dd87-aa73-4154-95c1-7b2c6e226082,2,165,165,5,6,5+,6,False
3568b529-4fc1-465b-9ace-1a6c0af080c7,1,225,225,11,6,5+,6,False
3568b529-4fc1-465b-9ace-1a6c0af080c7,2,225,225,10,6,5+,6,False
da7d860a-753f-4923-a57f-b481d1e647b5,1,105,105,10,5,4.5,4.5,False
da7d860a-753f-4923-a57f-b481d1e647b5,2,105,105,9,6,5+,6,False
e222a01d-ce3a-465c-832c-b28ceb47a6bf,1,27.5,27.5,13,6,5+,6,False
e222a01d-ce3a-465c-832c-b28ceb47a6bf,2,27.5,27.5,13,6,5+,6,False
a110e52e-60a9-4786-b61c-099f22c4ce4c,1,245,245,10,6,5+,6,False
a110e52e-60a9-4786-b61c-099f22c4ce4c,2,245,245,10,6,5+,6,False
1f7923ef-6df8-4aed-bf3b-6d2dddb15b6e,1,70,70,8,0,0,0,False
1f7923ef-6df8-4aed-bf3b-6d2dddb15b6e,2,70,70,5,0,0,0,False
1f7923ef-6df8-4aed-bf3b-6d2dddb15b6e,3,65,65,7,1,0.5,0.5,False
1f7923ef-6df8-4aed-bf3b-6d2dddb15b6e,4,65,65,8,0,0,0,False
05e8d5ab-dc12-407b-9e9a-f9fac1546760,1,162.5,162.5,10,0,0,0,False
05e8d5ab-dc12-407b-9e9a-f9fac1546760,2,162.5,162.5,8,1,0.5,0.5,False
05e8d5ab-dc12-407b-9e9a-f9fac1546760,3,162.5,162.5,8,0,0,0,False
05e8d5ab-dc12-407b-9e9a-f9fac1546760,4,162.5,162.5,8,0,0,0,False
9a570b36-f2c3-4fc9-962e-9cb9ea21a350,1,185,185,8,0,0,0,False
9a570b36-f2c3-4fc9-962e-9cb9ea21a350,2,185,185,6,1,0.5,0.5,False
9a570b36-f2c3-4fc9-962e-9cb9ea21a350,3,185,185,5,1,0.5,0.5,False
9a570b36-f2c3-4fc9-962e-9cb9ea21a350,4,165,165,9,0,0,0,False
2f4e1d79-f3a0-486d-8f0b-91b8b0e7ddb8,1,255,255,12,0,0,0,False
2f4e1d79-f3a0-486d-8f0b-91b8b0e7ddb8,2,255,255,11,0,0,0,False
2f4e1d79-f3a0-486d-8f0b-91b8b0e7ddb8,3,255,255,11,0,0,0,False
3618a272-afb7-401b-be97-15562b2409f8,1,80,80,11,1,0.5,0.5,False
3618a272-afb7-401b-be97-15562b2409f8,2,80,80,9,1,0.5,0.5,False
3618a272-afb7-401b-be97-15562b2409f8,3,80,80,8,0,0,0,False
2b375e28-ac16-40a0-b450-9c0b9015fc5b,1,65,+65,9,1,0.5,0.5,False
2b375e28-ac16-40a0-b450-9c0b9015fc5b,2,65,+65,9,0,0,0,False
2b375e28-ac16-40a0-b450-9c0b9015fc5b,3,65,+65,10,0,0,0,False
d61f79a8-e9ae-44d3-8e64-26a3e58ffd64,1,92.5,92.5,4,1,0.5,0.5,False
d61f79a8-e9ae-44d3-8e64-26a3e58ffd64,2,92.5,92.5,4,0,0,0,False
d61f79a8-e9ae-44d3-8e64-26a3e58ffd64,3,92.5,92.5,4,0,0,0,False
d61f79a8-e9ae-44d3-8e64-26a3e58ffd64,4,92.5,92.5,4,0,0,0,False
2e360298-3bff-416a-8bfe-a0a861cb1a09,1,172.5,172.5,10,0,0,0,False
2e360298-3bff-416a-8bfe-a0a861cb1a09,2,172.5,172.5,10,0,0,0,False
2e360298-3bff-416a-8bfe-a0a861cb1a09,3,172.5,172.5,10,0,0,0,False
d214d48c-f2a5-44d3-ada7-01d7be169fa3,1,88,88,10,0,0,0,False
d214d48c-f2a5-44d3-ada7-01d7be169fa3,2,88,88,10,0,0,0,False
d214d48c-f2a5-44d3-ada7-01d7be169fa3,3,88,88,9,0,0,0,False
d214d48c-f2a5-44d3-ada7-01d7be169fa3,4,88,88,9,0,0,0,False
0e02a754-fe66-406d-9575-48716fa23ad3,1,50,50,9,0,0,0,False
0e02a754-fe66-406d-9575-48716fa23ad3,2,50,50,8,0,0,0,False
0e02a754-fe66-406d-9575-48716fa23ad3,3,50,50,8,0,0,0,False
e185e15c-2149-4e64-b000-986b3d56dbac,1,182.5,182.5,11,0,0,0,False
e185e15c-2149-4e64-b000-986b3d56dbac,2,182.5,182.5,11,0,0,0,False
e185e15c-2149-4e64-b000-986b3d56dbac,3,182.5,182.5,11,0,0,0,False
349b7ebc-0443-446e-8cf8-0389e668c256,1,257.5,257.5,15,0,0,0,False
349b7ebc-0443-446e-8cf8-0389e668c256,2,257.5,257.5,13,1,0.5,0.5,False
349b7ebc-0443-446e-8cf8-0389e668c256,3,257.5,257.5,13,0,0,0,False
03dd578b-feb9-4a20-a570-a1bbe0122508,1,97.5,97.5,10,1,1,1,False
03dd578b-feb9-4a20-a570-a1bbe0122508,2,95,95,10,1,1,1,False
03dd578b-feb9-4a20-a570-a1bbe0122508,3,95,95,9,1,0.5,0.5,False
a1717202-dc0d-4713-9764-9a94499c11b8,1,122.5,122.5,8,1,0.5,0.5,False
a1717202-dc0d-4713-9764-9a94499c11b8,2,122.5,122.5,7,0,0,0,False
a1717202-dc0d-4713-9764-9a94499c11b8,3,122.5,122.5,6,0,0,0,False
a1717202-dc0d-4713-9764-9a94499c11b8,4,115,115,8,0,0,0,False
6a589794-9bb4-45a4-acd9-24ddb00aa0bd,1,167.5,167.5,8,0,0,0,False
6a589794-9bb4-45a4-acd9-24ddb00aa0bd,2,160,160,8,0,0,0,False
6a589794-9bb4-45a4-acd9-24ddb00aa0bd,3,157.5,157.5,8,0,0,0,False
a5235947-30b1-4890-a0d9-5ddcf6466c79,1,155,155,8,1,0.5,0.5,False
a5235947-30b1-4890-a0d9-5ddcf6466c79,2,150,150,8,1,1,1,False
a5235947-30b1-4890-a0d9-5ddcf6466c79,3,150,150,8,1,0.5,0.5,False
e894448a-3d81-4fa5-925e-b16acc1546cf,1,65,65,10,1,0.5,0.5,False
e894448a-3d81-4fa5-925e-b16acc1546cf,2,65,65,10,0,0,0,False
e894448a-3d81-4fa5-925e-b16acc1546cf,3,60,60,12,0,0,0,False
e894448a-3d81-4fa5-925e-b16acc1546cf,4,60,60,10,1,0.5,0.5,False
0b45fc00-add9-48b6-8d13-3b2717ecccd0,1,22.5,22.5,11,0,0,0,False
0b45fc00-add9-48b6-8d13-3b2717ecccd0,2,20,20,12,1,0.5,0.5,False
0b45fc00-add9-48b6-8d13-3b2717ecccd0,3,20,20,13,0,0,0,False
0b45fc00-add9-48b6-8d13-3b2717ecccd0,4,20,20,13,0,0,0,False
7a210207-74f4-4f3a-bdf0-1c52754dd1bc,1,10,+10,13,0,0,0,False
7a210207-74f4-4f3a-bdf0-1c52754dd1bc,2,10,+10,12,0,0,0,False
7a210207-74f4-4f3a-bdf0-1c52754dd1bc,3,10,+10,10,0,0,0,False
7a210207-74f4-4f3a-bdf0-1c52754dd1bc,4,0,+0,14,0,0,0,False
fb34fb6a-e820-49e7-bebe-0144ca522f85,1,145,145,6,0,0,0,False
fb34fb6a-e820-49e7-bebe-0144ca522f85,2,145,145,6,0,0,0,False
fb34fb6a-e820-49e7-bebe-0144ca522f85,3,145,145,6,0,0,0,False
fb34fb6a-e820-49e7-bebe-0144ca522f85,4,145,145,6,0,0,0,False
3c194f43-ca4c-4bf1-9b68-0cd002da3d22,1,115,115,6,3,2.5,2.5,False
3c194f43-ca4c-4bf1-9b68-0cd002da3d22,2,125,125,6,2,2,2,False
3c194f43-ca4c-4bf1-9b68-0cd002da3d22,3,135,135,6,1,1,1,False
e193adf9-ac9b-489e-bc45-6197fede15b0,1,55,55,11,1,0.5,0.5,False
e193adf9-ac9b-489e-bc45-6197fede15b0,2,55,55,8,1,0.5,0.5,False
e193adf9-ac9b-489e-bc45-6197fede15b0,3,55,55,8,0,0,0,False
e193adf9-ac9b-489e-bc45-6197fede15b0,4,52.5,52.5,8,1,0.5,0.5,False
bb1603d4-b811-42cb-969d-2567f438eb79,1,92.5,92.5,12,0,0,0,False
bb1603d4-b811-42cb-969d-2567f438eb79,2,92.5,92.5,11,0,0,0,False
bb1603d4-b811-42cb-969d-2567f438eb79,3,92.5,92.5,10,0,0,0,False
1ba047c8-4ab6-4505-b933-b2c96c0981c9,1,27.5,27.5,11,0,0,0,False
1ba047c8-4ab6-4505-b933-b2c96c0981c9,2,27.5,27.5,11,0,0,0,False
1ba047c8-4ab6-4505-b933-b2c96c0981c9,3,27.5,27.5,10,0,0,0,False
1ba047c8-4ab6-4505-b933-b2c96c0981c9,4,25,25,13,0,0,0,False
97a6f364-d919-4e94-9ee5-c818ddceb1c7,1,25,25,13,1,0.5,0.5,False
97a6f364-d919-4e94-9ee5-c818ddceb1c7,2,25,25,13,0,0,0,False
97a6f364-d919-4e94-9ee5-c818ddceb1c7,3,25,25,13,0,0,0,False
62f40360-b93f-49f9-a792-e9e36805786b,1,145,145,6,0,0,0,False
62f40360-b93f-49f9-a792-e9e36805786b,2,145,145,5,1,0.5,0.5,False
62f40360-b93f-49f9-a792-e9e36805786b,3,145,145,5,0,0,0,False
62f40360-b93f-49f9-a792-e9e36805786b,4,145,145,4,0,0,0,False
d80554dd-57d5-43a2-b14a-7b76588ddc5b,1,170,170,8,0,0,0,False
d80554dd-57d5-43a2-b14a-7b76588ddc5b,2,170,170,7,0,0,0,False
d80554dd-57d5-43a2-b14a-7b76588ddc5b,3,170,170,7,0,0,0,False
499ec35d-9b94-41e8-8e85-d1fe2cab9cba,1,192.5,192.5,6,0,0,0,False
499ec35d-9b94-41e8-8e85-d1fe2cab9cba,2,192.5,192.5,4,0,0,0,False
499ec35d-9b94-41e8-8e85-d1fe2cab9cba,3,192.5,192.5,4,0,0,0,False
827212a7-f601-4ab8-8103-1de2a28c4d35,1,110,110,10,0,0,0,False
827212a7-f601-4ab8-8103-1de2a28c4d35,2,110,110,10,0,0,0,False
827212a7-f601-4ab8-8103-1de2a28c4d35,3,110,110,9,0,0,0,False
827212a7-f601-4ab8-8103-1de2a28c4d35,4,110,110,9,0,0,0,False
ee6f35dd-1c95-4efa-87cb-16a5b4f4a7ca,1,120,120,10,0,0,0,False
ee6f35dd-1c95-4efa-87cb-16a5b4f4a7ca,2,120,120,9,1,0.5,0.5,False
ee6f35dd-1c95-4efa-87cb-16a5b4f4a7ca,3,120,120,7,1,0.5,0.5,False
ee6f35dd-1c95-4efa-87cb-16a5b4f4a7ca,4,110,110,10,0,0,0,False
3da2c38f-3b6e-4726-b8f5-78d15a8f63e4,1,32.5,32.5,12,0,0,0,False
3da2c38f-3b6e-4726-b8f5-78d15a8f63e4,2,32.5,32.5,11,0,0,0,False
3da2c38f-3b6e-4726-b8f5-78d15a8f63e4,3,30,30,12,0,0,0,False
5c895da4-ca1a-452b-95d4-fc54ecc57bb6,1,295,295,10,0,0,0,False
5c895da4-ca1a-452b-95d4-fc54ecc57bb6,2,295,295,9,0,0,0,False
5c895da4-ca1a-452b-95d4-fc54ecc57bb6,3,295,295,9,0,0,0,False
5996a0ab-817f-452f-9146-c4cc36c3d758,1,70,70,8,0,0,0,False
5996a0ab-817f-452f-9146-c4cc36c3d758,2,70,70,5,1,0.5,0.5,False
5996a0ab-817f-452f-9146-c4cc36c3d758,3,65,65,8,1,0.5,0.5,False
5996a0ab-817f-452f-9146-c4cc36c3d758,4,65,65,7,1,1,1,False
3b117c26-c72c-4c68-bc6c-daaee148cfac,1,167.5,167.5,8,1,0.5,0.5,False
3b117c26-c72c-4c68-bc6c-daaee148cfac,2,157.5,157.5,9,1,0.5,0.5,False
3b117c26-c72c-4c68-bc6c-daaee148cfac,3,155,155,9,1,0.5,0.5,False
3b117c26-c72c-4c68-bc6c-daaee148cfac,4,150,150,10,1,0.5,0.5,False
92037b31-bdc4-4a07-b834-947afcb3f209,1,177.5,177.5,8,1,1,1,False
92037b31-bdc4-4a07-b834-947afcb3f209,2,177.5,177.5,7,1,1,1,False
92037b31-bdc4-4a07-b834-947afcb3f209,3,177.5,177.5,6,1,1,1,False
92037b31-bdc4-4a07-b834-947afcb3f209,4,177.5,177.5,6,1,1,1,False
25dae263-4b20-4c33-bfb8-24c49b1eed47,1,242.5,242.5,12,1,1,1,False
25dae263-4b20-4c33-bfb8-24c49b1eed47,2,242.5,242.5,11,1,1,1,False
25dae263-4b20-4c33-bfb8-24c49b1eed47,3,242.5,242.5,11,1,1,1,False
a3a77a24-f146-4802-b497-3e876c075808,1,82.5,82.5,9,1,1,1,False
a3a77a24-f146-4802-b497-3e876c075808,2,82.5,82.5,8,1,1,1,False
a3a77a24-f146-4802-b497-3e876c075808,3,77.5,77.5,10,1,0.5,0.5,False
772e1581-fece-407c-a12f-f9cc7470a11c,1,57.5,+57.5,10,1,1,1,False
772e1581-fece-407c-a12f-f9cc7470a11c,2,57.5,+57.5,10,1,1,1,False
772e1581-fece-407c-a12f-f9cc7470a11c,3,57.5,+57.5,10,1,1,1,False
79827a18-244c-4b8c-884c-571bb6ca4097,1,85,85,6,1,1,1,False
79827a18-244c-4b8c-884c-571bb6ca4097,2,85,85,5,1,1,1,False
79827a18-244c-4b8c-884c-571bb6ca4097,3,85,85,5,1,1,1,False
79827a18-244c-4b8c-884c-571bb6ca4097,4,85,85,5,1,1,1,False
2aa434e6-e230-4c20-99e9-4de01f74010b,1,160,160,11,1,1,1,False
2aa434e6-e230-4c20-99e9-4de01f74010b,2,160,160,11,1,1,1,False
2aa434e6-e230-4c20-99e9-4de01f74010b,3,160,160,11,1,1,1,False
30394db1-66ac-4b4b-ab26-f8397fb1ab78,1,80,80,10,1,1,1,False
30394db1-66ac-4b4b-ab26-f8397fb1ab78,2,80,80,10,1,1,1,False
30394db1-66ac-4b4b-ab26-f8397fb1ab78,3,80,80,9,1,1,1,False
30394db1-66ac-4b4b-ab26-f8397fb1ab78,4,80,80,9,1,1,1,False
d7738497-70e2-4014-a8dc-2534b078638d,1,47.5,47.5,9,1,1,1,False
d7738497-70e2-4014-a8dc-2534b078638d,2,47.5,47.5,8,1,1,1,False
d7738497-70e2-4014-a8dc-2534b078638d,3,45,45,9,1,1,1,False
f681bb66-c3c8-4634-ae93-2e9f59309360,1,170,170,11,1,1,1,False
f681bb66-c3c8-4634-ae93-2e9f59309360,2,170,170,11,1,1,1,False
f681bb66-c3c8-4634-ae93-2e9f59309360,3,170,170,12,1,0.5,0.5,False
b6d90e60-385d-493a-b9b2-a7aa587056b1,1,250,250,14,1,1,1,False
b6d90e60-385d-493a-b9b2-a7aa587056b1,2,250,250,13,1,1,1,False
b6d90e60-385d-493a-b9b2-a7aa587056b1,3,250,250,12,1,1,1,False
72cbd638-ae1d-43e8-8528-634b453e003f,1,97.5,97.5,10,1,1,1,False
72cbd638-ae1d-43e8-8528-634b453e003f,2,97.5,97.5,8,1,1,1,False
72cbd638-ae1d-43e8-8528-634b453e003f,3,90,90,11,1,1,1,False
48d00724-a51a-4207-a4db-1d1f53c12497,1,120,120,8,1,1,1,False
48d00724-a51a-4207-a4db-1d1f53c12497,2,120,120,6,1,1,1,False
48d00724-a51a-4207-a4db-1d1f53c12497,3,120,120,6,0,0,0,False
48d00724-a51a-4207-a4db-1d1f53c12497,4,110,110,9,1,0.5,0.5,False
1fd1b18b-ad5d-4132-a9f9-14c3f2c16dfd,1,160,160,8,1,1,1,False
1fd1b18b-ad5d-4132-a9f9-14c3f2c16dfd,2,160,160,7,1,0.5,0.5,False
1fd1b18b-ad5d-4132-a9f9-14c3f2c16dfd,3,160,160,7,1,0.5,0.5,False
2be9122d-9c7c-4730-ba80-d95b295cd4d0,1,150,150,8,1,1,1,False
2be9122d-9c7c-4730-ba80-d95b295cd4d0,2,150,150,8,1,1,1,False
2be9122d-9c7c-4730-ba80-d95b295cd4d0,3,150,150,7,1,1,1,False
07dedc10-dffe-406d-b37a-de317fc653cd,1,62.5,62.5,10,1,1,1,False
07dedc10-dffe-406d-b37a-de317fc653cd,2,60,60,11,1,1,1,False
07dedc10-dffe-406d-b37a-de317fc653cd,3,60,60,10,1,1,1,False
07dedc10-dffe-406d-b37a-de317fc653cd,4,57.5,57.5,11,1,1,1,False
e29ecb63-615d-4744-9f88-82df8ada35fc,1,20,20,13,2,2,2,False
e29ecb63-615d-4744-9f88-82df8ada35fc,2,20,20,13,1,1,1,False
e29ecb63-615d-4744-9f88-82df8ada35fc,3,20,20,13,1,1,1,False
e29ecb63-615d-4744-9f88-82df8ada35fc,4,20,20,13,1,1,1,False
a94f8054-dd80-4d8c-b51c-d7b484d887a1,1,7.5,+7.5,12,1,1,1,False
a94f8054-dd80-4d8c-b51c-d7b484d887a1,2,7.5,+7.5,11,1,1,1,False
a94f8054-dd80-4d8c-b51c-d7b484d887a1,3,7.5,+7.5,10,1,1,1,False
a94f8054-dd80-4d8c-b51c-d7b484d887a1,4,0,+0,13,1,1,1,False
5dc0498e-ded1-462a-9e86-418467798127,1,130,130,7,1,1,1,False
5dc0498e-ded1-462a-9e86-418467798127,2,130,130,8,1,1,1,False
5dc0498e-ded1-462a-9e86-418467798127,3,130,130,8,1,1,1,False
5dc0498e-ded1-462a-9e86-418467798127,4,130,130,8,1,1,1,False
77aacb1c-7daf-4d18-8b97-ec267d70e7b1,1,140,140,6,1,1,1,False
77aacb1c-7daf-4d18-8b97-ec267d70e7b1,2,140,140,5,1,1,1,False
77aacb1c-7daf-4d18-8b97-ec267d70e7b1,3,140,140,5,1,1,1,False
347304f4-bf47-42bf-9710-c005b6d6a0e4,1,55,55,10,1,1,1,False
347304f4-bf47-42bf-9710-c005b6d6a0e4,2,55,55,9,1,1,1,False
347304f4-bf47-42bf-9710-c005b6d6a0e4,3,55,55,8,1,0.5,0.5,False
347304f4-bf47-42bf-9710-c005b6d6a0e4,4,50,50,10,0,0,0,False
b418829a-1bf3-47fc-9009-ba88025bc971,1,87.5,87.5,13,1,1,1,False
b418829a-1bf3-47fc-9009-ba88025bc971,2,87.5,87.5,12,1,1,1,False
b418829a-1bf3-47fc-9009-ba88025bc971,3,87.5,87.5,11,1,1,1,False
d28ac3f0-1670-42dc-ab07-e7d7453cf70a,1,27.5,27.5,10,1,1,1,False
d28ac3f0-1670-42dc-ab07-e7d7453cf70a,2,25,25,13,1,1,1,False
d28ac3f0-1670-42dc-ab07-e7d7453cf70a,3,25,25,12,1,1,1,False
d28ac3f0-1670-42dc-ab07-e7d7453cf70a,4,25,25,11,1,0.5,0.5,False
9c681ae3-48a4-4e88-8068-b01f065608fb,1,22.5,22.5,16,1,1,1,False
9c681ae3-48a4-4e88-8068-b01f065608fb,2,22.5,22.5,16,1,1,1,False
9c681ae3-48a4-4e88-8068-b01f065608fb,3,22.5,22.5,16,1,1,1,False
78b1b8e8-588e-482a-9209-3ca506342d06,1,105,+105,12,1,1,1,False
78b1b8e8-588e-482a-9209-3ca506342d06,2,105,+105,11,1,1,1,False
78b1b8e8-588e-482a-9209-3ca506342d06,3,105,+105,12,0,0,0,False
14e07842-e4af-4908-8ae4-6dc97ebd032b,1,142.5,142.5,6,1,0.5,0.5,False
14e07842-e4af-4908-8ae4-6dc97ebd032b,2,137.5,137.5,6,1,1,1,False
14e07842-e4af-4908-8ae4-6dc97ebd032b,3,137.5,137.5,6,0,0,0,False
14e07842-e4af-4908-8ae4-6dc97ebd032b,4,137.5,137.5,5,0,0,0,False
14e07842-e4af-4908-8ae4-6dc97ebd032b,5,127.5,127.5,7,0,0,0,False
2da381e3-7b85-41cb-b4db-b5ad9b38a8eb,1,162.5,162.5,8,1,1,1,False
2da381e3-7b85-41cb-b4db-b5ad9b38a8eb,2,162.5,162.5,7,1,1,1,False
2da381e3-7b85-41cb-b4db-b5ad9b38a8eb,3,162.5,162.5,8,1,0.5,0.5,False
bfea0c09-2fbf-4c75-a498-642a5dd030df,1,185,185,6,1,1,1,False
bfea0c09-2fbf-4c75-a498-642a5dd030df,2,185,185,5,1,1,1,False
bfea0c09-2fbf-4c75-a498-642a5dd030df,3,185,185,4,1,1,1,False
65b1dc75-3810-43f5-84de-2c88fe30beb8,1,105,105,10,1,1,1,False
65b1dc75-3810-43f5-84de-2c88fe30beb8,2,105,105,10,1,1,1,False
65b1dc75-3810-43f5-84de-2c88fe30beb8,3,105,105,9,1,1,1,False
65b1dc75-3810-43f5-84de-2c88fe30beb8,4,105,105,9,1,1,1,False
b8a98c26-857c-4582-a59f-0bcd511d30af,1,117.5,117.5,10,1,1,1,False
b8a98c26-857c-4582-a59f-0bcd511d30af,2,117.5,117.5,9,1,1,1,False
b8a98c26-857c-4582-a59f-0bcd511d30af,3,117.5,117.5,8,0,0,0,False
b8a98c26-857c-4582-a59f-0bcd511d30af,4,107.5,107.5,10,0,0,0,False
effd03be-1c93-4054-a038-1041b3f6b4d2,1,32.5,32.5,10,1,1,1,False
effd03be-1c93-4054-a038-1041b3f6b4d2,2,32.5,32.5,9,1,1,1,False
effd03be-1c93-4054-a038-1041b3f6b4d2,3,30,30,11,0,0,0,False
cd096993-0aa8-439a-979d-e05a978db2a8,1,282.5,282.5,10,1,1,1,False
cd096993-0aa8-439a-979d-e05a978db2a8,2,282.5,282.5,9,1,0.5,0.5,False
cd096993-0aa8-439a-979d-e05a978db2a8,3,282.5,282.5,9,1,0.5,0.5,False
c63613cd-5119-4a78-9e5d-ba3d982cb448,1,70,70,8,0,0,0,False
c63613cd-5119-4a78-9e5d-ba3d982cb448,2,70,70,5,1,0.5,0.5,False
c63613cd-5119-4a78-9e5d-ba3d982cb448,3,65,65,7,1,1,1,False
c63613cd-5119-4a78-9e5d-ba3d982cb448,4,65,65,7,1,1,1,False
7c02cb16-81b0-43ce-9407-6d90b337fd64,1,162.5,162.5,10,1,1,1,False
7c02cb16-81b0-43ce-9407-6d90b337fd64,2,162.5,162.5,9,1,1,1,False
7c02cb16-81b0-43ce-9407-6d90b337fd64,3,162.5,162.5,8,1,0.5,0.5,False
7c02cb16-81b0-43ce-9407-6d90b337fd64,4,150,150,10,1,0.5,0.5,False
a575c5ce-ea41-454c-a396-81d70a5e1789,1,175,175,8,1,1,1,False
a575c5ce-ea41-454c-a396-81d70a5e1789,2,175,175,7,1,1,1,False
a575c5ce-ea41-454c-a396-81d70a5e1789,3,175,175,6,1,1,1,False
a575c5ce-ea41-454c-a396-81d70a5e1789,4,175,175,6,1,1,1,False
cb5d137c-fe6a-4598-b507-2bd72c2acd1d,1,235,235,12,1,1,1,False
cb5d137c-fe6a-4598-b507-2bd72c2acd1d,2,235,235,11,1,1,1,False
cb5d137c-fe6a-4598-b507-2bd72c2acd1d,3,235,235,11,1,1,1,False
c255bed2-61ee-470b-aed0-0a3fcf017fa1,1,77.5,77.5,11,1,1,1,False
c255bed2-61ee-470b-aed0-0a3fcf017fa1,2,77.5,77.5,10,1,0.5,0.5,False
c255bed2-61ee-470b-aed0-0a3fcf017fa1,3,77.5,77.5,9,1,1,1,False
05630b87-80b7-4f42-ae18-59135bae5c8c,1,55,+55,10,1,1,1,False
05630b87-80b7-4f42-ae18-59135bae5c8c,2,55,+55,9,1,1,1,False
05630b87-80b7-4f42-ae18-59135bae5c8c,3,55,+55,9,1,1,1,False
4dd99714-9dd6-4d25-a52e-938081d9a948,1,82.5,82.5,6,1,1,1,False
4dd99714-9dd6-4d25-a52e-938081d9a948,2,82.5,82.5,5,1,1,1,False
4dd99714-9dd6-4d25-a52e-938081d9a948,3,82.5,82.5,5,1,1,1,False
4dd99714-9dd6-4d25-a52e-938081d9a948,4,82.5,82.5,6,1,0.5,0.5,False
fb0209fe-9edc-44cb-aea0-fb5c127efd01,1,160,160,10,1,1,1,False
fb0209fe-9edc-44cb-aea0-fb5c127efd01,2,160,160,10,1,1,1,False
fb0209fe-9edc-44cb-aea0-fb5c127efd01,3,160,160,10,1,1,1,False
946e0a9a-94e9-4373-b576-1c5a7d87663a,1,75,75,10,1,1,1,False
946e0a9a-94e9-4373-b576-1c5a7d87663a,2,75,75,10,1,1,1,False
946e0a9a-94e9-4373-b576-1c5a7d87663a,3,75,75,9,1,1,1,False
946e0a9a-94e9-4373-b576-1c5a7d87663a,4,75,75,9,1,1,1,False
bcb5b9de-8eac-4e23-b2d9-48c2c71edaa8,1,45,45,10,2,1.5,1.5,False
bcb5b9de-8eac-4e23-b2d9-48c2c71edaa8,2,45,45,10,1,1,1,False
bcb5b9de-8eac-4e23-b2d9-48c2c71edaa8,3,45,45,9,1,0.5,0.5,False
0e164424-819e-45f5-b24a-7639b7f455cf,1,160,160,12,2,1.5,1.5,False
0e164424-819e-45f5-b24a-7639b7f455cf,2,160,160,12,2,1.5,1.5,False
0e164424-819e-45f5-b24a-7639b7f455cf,3,160,160,12,2,1.5,1.5,False
856e6bda-c73c-424c-8abe-4a3a76134a3a,1,242.5,242.5,14,1,1,1,False
856e6bda-c73c-424c-8abe-4a3a76134a3a,2,242.5,242.5,13,1,1,1,False
856e6bda-c73c-424c-8abe-4a3a76134a3a,3,242.5,242.5,12,1,1,1,False
e25b5e10-1b08-4a63-aff8-e2804e717ebf,1,95,95,10,2,2,2,False
e25b5e10-1b08-4a63-aff8-e2804e717ebf,2,95,95,9,2,2,2,False
e25b5e10-1b08-4a63-aff8-e2804e717ebf,3,95,95,8,1,1,1,False
133067e8-901f-421f-b7b4-fc6c759c7704,1,125,125,6,1,0.5,0.5,False
133067e8-901f-421f-b7b4-fc6c759c7704,2,117.5,117.5,8,1,0.5,0.5,False
133067e8-901f-421f-b7b4-fc6c759c7704,3,117.5,117.5,7,0,0,0,False
133067e8-901f-421f-b7b4-fc6c759c7704,4,117.5,117.5,5,1,0.5,0.5,False
061499cb-81a6-42b9-a419-b14e19f66b12,1,150,150,9,1,1,1,False
061499cb-81a6-42b9-a419-b14e19f66b12,2,150,150,10,1,1,1,False
061499cb-81a6-42b9-a419-b14e19f66b12,3,150,150,9,1,0.5,0.5,False
8f5b5972-96be-4fec-8eed-5efbf6bf33b3,1,130,130,10,2,1.5,1.5,False
8f5b5972-96be-4fec-8eed-5efbf6bf33b3,2,130,130,10,1,1,1,False
8f5b5972-96be-4fec-8eed-5efbf6bf33b3,3,130,130,9,1,1,1,False
484faa6d-19a3-4fc3-b92f-d3ef4e327526,1,60,60,11,1,1,1,False
484faa6d-19a3-4fc3-b92f-d3ef4e327526,2,60,60,10,1,1,1,False
484faa6d-19a3-4fc3-b92f-d3ef4e327526,3,57.5,57.5,11,1,0.5,0.5,False
484faa6d-19a3-4fc3-b92f-d3ef4e327526,4,57.5,57.5,10,1,1,1,False
aae4244c-bc80-43c4-96ef-285f2c3b2b5b,1,23,23,10,1,1,1,False
aae4244c-bc80-43c4-96ef-285f2c3b2b5b,2,23,23,10,1,1,1,False
aae4244c-bc80-43c4-96ef-285f2c3b2b5b,3,23,23,9,1,1,1,False
aae4244c-bc80-43c4-96ef-285f2c3b2b5b,4,20,20,14,1,1,1,False
ffb30e30-27f8-4536-a798-0849e35caa63,1,5,+5,13,1,1,1,False
ffb30e30-27f8-4536-a798-0849e35caa63,2,5,+5,12,1,1,1,False
ffb30e30-27f8-4536-a798-0849e35caa63,3,5,+5,11,1,1,1,False
ffb30e30-27f8-4536-a798-0849e35caa63,4,5,+5,10,1,1,1,False
46aa46de-ca3a-43a5-a921-0ba6f37be575,1,130,130,6,1,1,1,False
46aa46de-ca3a-43a5-a921-0ba6f37be575,2,130,130,6,1,1,1,False
46aa46de-ca3a-43a5-a921-0ba6f37be575,3,130,130,6,1,1,1,False
46aa46de-ca3a-43a5-a921-0ba6f37be575,4,130,130,6,1,1,1,False
29d9bbb5-52b3-4f00-a0cd-41c25a5a1a4a,1,137.5,137.5,6,1,1,1,False
29d9bbb5-52b3-4f00-a0cd-41c25a5a1a4a,2,137.5,137.5,5,1,1,1,False
29d9bbb5-52b3-4f00-a0cd-41c25a5a1a4a,3,137.5,137.5,5,1,1,1,False
915f949d-6e70-4933-83de-27f6f15abb03,1,55,55,10,1,0.5,0.5,False
915f949d-6e70-4933-83de-27f6f15abb03,2,55,55,8,1,1,1,False
915f949d-6e70-4933-83de-27f6f15abb03,3,55,55,6,1,0.5,0.5,False
915f949d-6e70-4933-83de-27f6f15abb03,4,50,50,9,1,1,1,False
14ddfb67-8dd5-466b-a367-70434a6ef2ff,1,90,90,11,1,1,1,False
14ddfb67-8dd5-466b-a367-70434a6ef2ff,2,90,90,10,1,1,1,False
14ddfb67-8dd5-466b-a367-70434a6ef2ff,3,82.5,82.5,13,1,1,1,False
877c1d39-c1b9-4446-bb4e-b629aaa9d4f1,1,25,25,13,1,1,1,False
877c1d39-c1b9-4446-bb4e-b629aaa9d4f1,2,25,25,12,1,1,1,False
877c1d39-c1b9-4446-bb4e-b629aaa9d4f1,3,25,25,11,1,1,1,False
877c1d39-c1b9-4446-bb4e-b629aaa9d4f1,4,25,25,10,1,1,1,False
f75f0f9a-4126-4d3a-8456-454c5440fa76,1,22.5,22.5,15,1,1,1,False
f75f0f9a-4126-4d3a-8456-454c5440fa76,2,22.5,22.5,15,1,1,1,False
f75f0f9a-4126-4d3a-8456-454c5440fa76,3,22.5,22.5,15,1,1,1,False
aaacc3ce-a5af-4d7d-af8b-749e593cf294,1,147.5,147.5,5,1,1,1,False
aaacc3ce-a5af-4d7d-af8b-749e593cf294,2,142.5,142.5,6,1,0.5,0.5,False
aaacc3ce-a5af-4d7d-af8b-749e593cf294,3,142.5,142.5,5,1,0.5,0.5,False
aaacc3ce-a5af-4d7d-af8b-749e593cf294,4,142.5,142.5,4,0,0,0,False
a4cfd7b5-ba2a-409f-a181-7e3108eb5978,1,160,160,8,1,1,1,False
a4cfd7b5-ba2a-409f-a181-7e3108eb5978,2,160,160,7,1,1,1,False
a4cfd7b5-ba2a-409f-a181-7e3108eb5978,3,160,160,7,1,1,1,False
8150bd3d-5bf4-4b21-8f4d-bc5ee7e0dc59,1,182.5,182.5,6,1,1,1,False
8150bd3d-5bf4-4b21-8f4d-bc5ee7e0dc59,2,182.5,182.5,5,1,1,1,False
8150bd3d-5bf4-4b21-8f4d-bc5ee7e0dc59,3,182.5,182.5,4,1,1,1,False
188be072-115b-4ef8-a70f-1323000358ee,1,102.5,102.5,10,1,1,1,False
188be072-115b-4ef8-a70f-1323000358ee,2,102.5,102.5,10,1,1,1,False
188be072-115b-4ef8-a70f-1323000358ee,3,102.5,102.5,9,1,1,1,False
188be072-115b-4ef8-a70f-1323000358ee,4,102.5,102.5,9,1,1,1,False
a63b5acd-3971-40ef-9e0a-585285779ec4,1,117.5,117.5,10,1,1,1,False
a63b5acd-3971-40ef-9e0a-585285779ec4,2,117.5,117.5,8,1,1,1,False
a63b5acd-3971-40ef-9e0a-585285779ec4,3,117.5,117.5,7,1,1,1,False
a63b5acd-3971-40ef-9e0a-585285779ec4,4,107.5,107.5,10,1,0.5,0.5,False
4b289f4b-2e47-40ed-adeb-9ad3ce35b7ea,1,30,30,13,1,1,1,False
4b289f4b-2e47-40ed-adeb-9ad3ce35b7ea,2,30,30,13,1,0.5,0.5,False
4b289f4b-2e47-40ed-adeb-9ad3ce35b7ea,3,30,30,9,1,1,1,False
d423e19d-7bc6-467c-88a9-01c481e3f0d6,1,275,275,10,1,1,1,False
d423e19d-7bc6-467c-88a9-01c481e3f0d6,2,275,275,9,1,1,1,False
d423e19d-7bc6-467c-88a9-01c481e3f0d6,3,275,275,9,1,1,1,False
5e3439c1-f395-422c-b8e7-6450ffd69194,1,67.5,67.5,8,2,2,2,False
5e3439c1-f395-422c-b8e7-6450ffd69194,2,67.5,67.5,7,2,2,2,False
5e3439c1-f395-422c-b8e7-6450ffd69194,3,67.5,67.5,6,1,1,1,False
5e3439c1-f395-422c-b8e7-6450ffd69194,4,60,60,9,2,2,2,False
09202686-abe4-426d-99e8-d5171b34ebd9,1,150,150,12,2,2,2,False
09202686-abe4-426d-99e8-d5171b34ebd9,2,150,150,12,2,1.5,1.5,False
09202686-abe4-426d-99e8-d5171b34ebd9,3,150,150,11,1,0.5,0.5,False
09202686-abe4-426d-99e8-d5171b34ebd9,4,150,150,8,2,2,2,False
5bacffba-ec8c-4cf8-b9b7-51b81c2d684f,1,167.5,167.5,8,2,2,2,False
5bacffba-ec8c-4cf8-b9b7-51b81c2d684f,2,167.5,167.5,7,2,2,2,False
5bacffba-ec8c-4cf8-b9b7-51b81c2d684f,3,167.5,167.5,6,2,2,2,False
5bacffba-ec8c-4cf8-b9b7-51b81c2d684f,4,167.5,167.5,6,2,2,2,False
02af82c6-d8f6-474c-8351-f944680bfff0,1,222.5,222.5,12,2,2,2,False
02af82c6-d8f6-474c-8351-f944680bfff0,2,222.5,222.5,11,2,2,2,False
02af82c6-d8f6-474c-8351-f944680bfff0,3,222.5,222.5,11,2,2,2,False
d444581b-a4fe-42b4-816a-5c902f9b5d5e,1,77.5,77.5,9,2,2,2,False
d444581b-a4fe-42b4-816a-5c902f9b5d5e,2,77.5,77.5,8,2,2,2,False
d444581b-a4fe-42b4-816a-5c902f9b5d5e,3,77.5,77.5,8,2,1.5,1.5,False
948af83b-bfb5-4cac-acea-d80bd4fb1d64,1,50,+50,9,2,2,2,False
948af83b-bfb5-4cac-acea-d80bd4fb1d64,2,50,+50,9,2,2,2,False
948af83b-bfb5-4cac-acea-d80bd4fb1d64,3,50,+50,9,2,1.5,1.5,False
84c1efbc-e25a-49c0-9999-dd9893e3348a,1,77.5,77.5,6,2,2,2,False
84c1efbc-e25a-49c0-9999-dd9893e3348a,2,77.5,77.5,6,2,2,2,False
84c1efbc-e25a-49c0-9999-dd9893e3348a,3,77.5,77.5,6,2,2,2,False
84c1efbc-e25a-49c0-9999-dd9893e3348a,4,77.5,77.5,6,2,2,2,False
ae714791-324b-4af1-8762-00a628f28358,1,152.5,152.5,10,2,2,2,False
ae714791-324b-4af1-8762-00a628f28358,2,152.5,152.5,10,2,2,2,False
ae714791-324b-4af1-8762-00a628f28358,3,152.5,152.5,10,2,2,2,False
e4099755-99b1-4150-b4f0-9314c06b07ec,1,65,65,10,2,2,2,False
e4099755-99b1-4150-b4f0-9314c06b07ec,2,65,65,10,2,2,2,False
e4099755-99b1-4150-b4f0-9314c06b07ec,3,65,65,9,2,2,2,False
e4099755-99b1-4150-b4f0-9314c06b07ec,4,65,65,9,2,2,2,False
e0a355d3-ec43-4faf-aa46-a05c3445359c,1,42.5,42.5,10,3,2.5,2.5,False
e0a355d3-ec43-4faf-aa46-a05c3445359c,2,42.5,42.5,10,2,2,2,False
e0a355d3-ec43-4faf-aa46-a05c3445359c,3,42.5,42.5,10,2,1.5,1.5,False
07917e57-0b5c-4ef1-a2f7-c1b1899bd6df,1,152.5,152.5,11,2,2,2,False
07917e57-0b5c-4ef1-a2f7-c1b1899bd6df,2,152.5,152.5,12,2,2,2,False
07917e57-0b5c-4ef1-a2f7-c1b1899bd6df,3,152.5,152.5,12,2,2,2,False
025ed033-3cdd-4490-9b0e-f702aa2a91c4,1,220,220,15,2,2,2,False
025ed033-3cdd-4490-9b0e-f702aa2a91c4,2,220,220,14,2,2,2,False
025ed033-3cdd-4490-9b0e-f702aa2a91c4,3,220,220,13,2,2,2,False
ec2bc207-be1c-41d8-a6d7-c8b8d6a33300,1,100,100,8,1,0.5,0.5,False
ec2bc207-be1c-41d8-a6d7-c8b8d6a33300,2,90,90,12,2,2,2,False
ec2bc207-be1c-41d8-a6d7-c8b8d6a33300,3,90,90,10,2,2,2,False
0038346f-dd91-4db3-aa5f-f5c5f8108dda,1,117.5,117.5,8,2,2,2,False
0038346f-dd91-4db3-aa5f-f5c5f8108dda,2,117.5,117.5,7,2,1.5,1.5,False
0038346f-dd91-4db3-aa5f-f5c5f8108dda,3,117.5,117.5,6,2,2,2,False
0038346f-dd91-4db3-aa5f-f5c5f8108dda,4,117.5,117.5,6,2,1.5,1.5,False
22cb78cc-bef8-4a03-84b3-d547fe2479e5,1,152.5,152.5,9,2,2,2,False
22cb78cc-bef8-4a03-84b3-d547fe2479e5,2,152.5,152.5,9,2,2,2,False
22cb78cc-bef8-4a03-84b3-d547fe2479e5,3,152.5,152.5,8,2,1.5,1.5,False
ee52e14b-5ce7-41c9-abe1-012b488211a9,1,140,140,8,2,2,2,False
ee52e14b-5ce7-41c9-abe1-012b488211a9,2,140,140,7,2,2,2,False
ee52e14b-5ce7-41c9-abe1-012b488211a9,3,140,140,6,2,2,2,False
bbb052f9-ae67-415d-b5b0-005439fbc624,1,55,55,12,4,3.5,3.5,False
bbb052f9-ae67-415d-b5b0-005439fbc624,2,55,55,13,2,1.5,1.5,False
bbb052f9-ae67-415d-b5b0-005439fbc624,3,55,55,11,2,2,2,False
bbb052f9-ae67-415d-b5b0-005439fbc624,4,55,55,10,2,2,2,False
44e9649c-cbc2-4f55-959a-cb9f067e59cd,1,20,20,15,2,2,2,False
44e9649c-cbc2-4f55-959a-cb9f067e59cd,2,20,20,14,2,2,2,False
44e9649c-cbc2-4f55-959a-cb9f067e59cd,3,20,20,13,2,2,2,False
44e9649c-cbc2-4f55-959a-cb9f067e59cd,4,20,20,12,2,1.5,1.5,False
f8625c60-8b5f-4e17-ae88-aaa8837939a2,1,0,+0,13,2,2,2,False
f8625c60-8b5f-4e17-ae88-aaa8837939a2,2,0,+0,12,2,2,2,False
f8625c60-8b5f-4e17-ae88-aaa8837939a2,3,0,+0,11,2,1.5,1.5,False
f8625c60-8b5f-4e17-ae88-aaa8837939a2,4,0,+0,10,2,2,2,False
9f837fba-85b7-4ae1-a048-1db321361755,1,122.5,122.5,6,2,2,2,False
9f837fba-85b7-4ae1-a048-1db321361755,2,122.5,122.5,6,2,2,2,False
9f837fba-85b7-4ae1-a048-1db321361755,3,122.5,122.5,6,2,2,2,False
9f837fba-85b7-4ae1-a048-1db321361755,4,122.5,122.5,6,2,2,2,False
e62a803a-52a4-406d-9277-fa94d0980f06,1,130,130,6,2,2,2,False
e62a803a-52a4-406d-9277-fa94d0980f06,2,130,130,6,2,2,2,False
e62a803a-52a4-406d-9277-fa94d0980f06,3,130,130,5,2,2,2,False
6499f101-6280-42a4-bca6-62b1326d79e1,1,52.5,52.5,11,2,2,2,False
6499f101-6280-42a4-bca6-62b1326d79e1,2,52.5,52.5,10,2,1.5,1.5,False
6499f101-6280-42a4-bca6-62b1326d79e1,3,52.5,52.5,8,2,2,2,False
6499f101-6280-42a4-bca6-62b1326d79e1,4,52.5,52.5,8,2,1.5,1.5,False
f315fc7e-8a58-4b56-b22f-30df0f624ecb,1,82.5,82.5,13,2,2,2,False
f315fc7e-8a58-4b56-b22f-30df0f624ecb,2,82.5,82.5,12,2,2,2,False
f315fc7e-8a58-4b56-b22f-30df0f624ecb,3,82.5,82.5,11,2,2,2,False
a091af17-939b-4428-9932-0a51d81fcffc,1,25,25,11,2,2,2,False
a091af17-939b-4428-9932-0a51d81fcffc,2,25,25,10,2,2,2,False
a091af17-939b-4428-9932-0a51d81fcffc,3,22.5,22.5,14,2,2,2,False
a091af17-939b-4428-9932-0a51d81fcffc,4,22.5,22.5,13,2,1.5,1.5,False
222e6203-7fec-443a-b54e-4cd1f274a25b,1,22.5,22.5,13,3,2.5,2.5,False
222e6203-7fec-443a-b54e-4cd1f274a25b,2,22.5,22.5,13,2,2,2,False
222e6203-7fec-443a-b54e-4cd1f274a25b,3,22.5,22.5,13,2,2,2,False
d35f9472-80cc-48b0-9057-5d9f4fb2d3c2,1,85,+85,11,2,2,2,False
d35f9472-80cc-48b0-9057-5d9f4fb2d3c2,2,85,+85,10,2,1.5,1.5,False
d35f9472-80cc-48b0-9057-5d9f4fb2d3c2,3,67.5,+67.5,12,2,2,2,False
a3578892-6bf1-44f1-a292-c43dc40fdc84,1,140,140,6,2,2,2,False
a3578892-6bf1-44f1-a292-c43dc40fdc84,2,140,140,6,2,2,2,False
a3578892-6bf1-44f1-a292-c43dc40fdc84,3,140,140,5,2,2,2,False
a3578892-6bf1-44f1-a292-c43dc40fdc84,4,140,140,5,2,1.5,1.5,False
ae348f48-a7b1-4e62-a5d3-92271db41534,1,152.5,152.5,8,2,2,2,False
ae348f48-a7b1-4e62-a5d3-92271db41534,2,152.5,152.5,7,2,2,2,False
ae348f48-a7b1-4e62-a5d3-92271db41534,3,152.5,152.5,8,2,1.5,1.5,False
669fffa5-523e-4544-8937-49b8d7eb697f,1,175,175,6,2,2,2,False
669fffa5-523e-4544-8937-49b8d7eb697f,2,175,175,5,2,2,2,False
669fffa5-523e-4544-8937-49b8d7eb697f,3,175,175,4,2,2,2,False
6f655008-5581-41e7-bff5-400693ac50a6,1,97.5,97.5,10,2,2,2,False
6f655008-5581-41e7-bff5-400693ac50a6,2,97.5,97.5,10,2,2,2,False
6f655008-5581-41e7-bff5-400693ac50a6,3,97.5,97.5,9,2,2,2,False
6f655008-5581-41e7-bff5-400693ac50a6,4,97.5,97.5,9,2,2,2,False
ad80d276-655f-4df6-9cd9-46a40ff07cdb,1,115,115,10,2,2,2,False
ad80d276-655f-4df6-9cd9-46a40ff07cdb,2,115,115,9,2,2,2,False
ad80d276-655f-4df6-9cd9-46a40ff07cdb,3,115,115,8,1,1,1,False
ad80d276-655f-4df6-9cd9-46a40ff07cdb,4,105,105,10,1,1,1,False
cbadee8d-055c-4214-a735-cc41b17fb04c,1,30,30,12,2,2,2,False
cbadee8d-055c-4214-a735-cc41b17fb04c,2,30,30,11,2,2,2,False
cbadee8d-055c-4214-a735-cc41b17fb04c,3,27.5,27.5,12,1,1,1,False
9018e04b-9170-46cc-b8b0-9a1a27276e6a,1,262.5,262.5,10,2,2,2,False
9018e04b-9170-46cc-b8b0-9a1a27276e6a,2,262.5,262.5,9,2,2,2,False
9018e04b-9170-46cc-b8b0-9a1a27276e6a,3,262.5,262.5,8,2,2,2,False
bb6151df-7299-4b36-94b4-1adeec4d7c78,1,60,60,11,3,2.5,2.5,False
bb6151df-7299-4b36-94b4-1adeec4d7c78,2,60,60,10,3,3,3,False
bb6151df-7299-4b36-94b4-1adeec4d7c78,3,60,60,8,3,3,3,False
bb6151df-7299-4b36-94b4-1adeec4d7c78,4,60,60,8,3,2.5,2.5,False
fa379fca-3e16-4b85-9cfb-fd28ac9094c6,1,157.5,157.5,9,3,3,3,False
fa379fca-3e16-4b85-9cfb-fd28ac9094c6,2,147.5,147.5,11,3,3,3,False
fa379fca-3e16-4b85-9cfb-fd28ac9094c6,3,147.5,147.5,11,2,2,2,False
fa379fca-3e16-4b85-9cfb-fd28ac9094c6,4,137.5,137.5,10,3,3,3,False
f1e1cb32-2795-473e-a502-ed8dc313e0c5,1,157.5,157.5,9,3,3,3,False
f1e1cb32-2795-473e-a502-ed8dc313e0c5,2,157.5,157.5,8,3,3,3,False
f1e1cb32-2795-473e-a502-ed8dc313e0c5,3,157.5,157.5,7,3,3,3,False
f1e1cb32-2795-473e-a502-ed8dc313e0c5,4,157.5,157.5,6,3,3,3,False
ee826dae-540a-4782-88f1-027df2983d3f,1,207.5,207.5,12,3,3,3,False
ee826dae-540a-4782-88f1-027df2983d3f,2,207.5,207.5,11,3,3,3,False
ee826dae-540a-4782-88f1-027df2983d3f,3,207.5,207.5,11,3,3,3,False
ab0ce451-491a-49a1-8c29-6a9f0593768e,1,75,75,9,3,2.5,2.5,False
ab0ce451-491a-49a1-8c29-6a9f0593768e,2,75,75,8,3,3,3,False
ab0ce451-491a-49a1-8c29-6a9f0593768e,3,70,70,11,3,3,3,False
27b574aa-7a0e-4a62-bd10-fa7957a4eb10,1,44,+44,10,3,3,3,False
27b574aa-7a0e-4a62-bd10-fa7957a4eb10,2,44,+44,10,3,3,3,False
27b574aa-7a0e-4a62-bd10-fa7957a4eb10,3,44,+44,10,3,3,3,False
d49786f0-f3f5-4f64-86d7-ce2dc9c4a7fa,1,72.5,72.5,7,3,3,3,False
d49786f0-f3f5-4f64-86d7-ce2dc9c4a7fa,2,72.5,72.5,7,3,3,3,False
d49786f0-f3f5-4f64-86d7-ce2dc9c4a7fa,3,72.5,72.5,7,3,3,3,False
d49786f0-f3f5-4f64-86d7-ce2dc9c4a7fa,4,72.5,72.5,7,3,3,3,False
25d152cb-100a-42d7-b617-75e11a07d8b2,1,145,145,10,3,3,3,False
25d152cb-100a-42d7-b617-75e11a07d8b2,2,145,145,10,3,3,3,False
25d152cb-100a-42d7-b617-75e11a07d8b2,3,145,145,10,3,2.5,2.5,False
8d3acf95-64a3-410e-bff4-a353e7052a9c,1,50,50,10,4,3.5,3.5,False
8d3acf95-64a3-410e-bff4-a353e7052a9c,2,50,50,10,4,3.5,3.5,False
8d3acf95-64a3-410e-bff4-a353e7052a9c,3,50,50,10,3,3,3,False
8d3acf95-64a3-410e-bff4-a353e7052a9c,4,50,50,10,3,3,3,False
3d3ec36a-c5b9-4191-82cd-a257e166994c,1,40,40,10,4,3.5,3.5,False
3d3ec36a-c5b9-4191-82cd-a257e166994c,2,40,40,10,4,3.5,3.5,False
3d3ec36a-c5b9-4191-82cd-a257e166994c,3,40,40,10,4,3.5,3.5,False
3b8d945d-4e70-4e2d-8449-24c349910087,1,142.5,142.5,12,3,3,3,False
3b8d945d-4e70-4e2d-8449-24c349910087,2,142.5,142.5,12,3,3,3,False
3b8d945d-4e70-4e2d-8449-24c349910087,3,142.5,142.5,12,3,3,3,False
946c8429-36ea-4db7-aad9-7cdff633ffc4,1,207.5,207.5,15,3,2.5,2.5,False
946c8429-36ea-4db7-aad9-7cdff633ffc4,2,207.5,207.5,14,3,3,3,False
946c8429-36ea-4db7-aad9-7cdff633ffc4,3,207.5,207.5,13,3,3,3,False
afbeb6a2-6571-4909-8bd4-87728710a934,1,110,110,9,3,3,3,False
afbeb6a2-6571-4909-8bd4-87728710a934,2,110,110,7,3,3,3,False
afbeb6a2-6571-4909-8bd4-87728710a934,3,110,110,7,3,2.5,2.5,False
afbeb6a2-6571-4909-8bd4-87728710a934,4,110,110,7,3,2.5,2.5,False
ba0b7469-0fc2-4b85-bf27-896580998838,1,157.5,157.5,6,3,3,3,False
ba0b7469-0fc2-4b85-bf27-896580998838,2,150,150,8,3,3,3,False
ba0b7469-0fc2-4b85-bf27-896580998838,3,150,150,8,2,2,2,False
1897bc71-6958-4a66-a0cc-b955d9f45910,1,130,130,8,3,3,3,False
1897bc71-6958-4a66-a0cc-b955d9f45910,2,130,130,7,3,3,3,False
1897bc71-6958-4a66-a0cc-b955d9f45910,3,130,130,6,3,3,3,False
34830794-cc43-4371-a6e1-c5382f1624c5,1,57.5,57.5,12,2,2,2,False
34830794-cc43-4371-a6e1-c5382f1624c5,2,55,55,12,3,3,3,False
34830794-cc43-4371-a6e1-c5382f1624c5,3,52.5,52.5,12,2,2,2,False
34830794-cc43-4371-a6e1-c5382f1624c5,4,52.5,52.5,12,2,2,2,False
3b92cd3f-1b26-44f5-a93d-2ec7d869eaea,1,20,20,13,3,3,3,False
3b92cd3f-1b26-44f5-a93d-2ec7d869eaea,2,20,20,12,3,3,3,False
3b92cd3f-1b26-44f5-a93d-2ec7d869eaea,3,20,20,11,3,3,3,False
3b92cd3f-1b26-44f5-a93d-2ec7d869eaea,4,20,20,10,3,3,3,False
0ff6459e-96ba-4569-b76a-056a0ae87975,1,0,+0,12,3,3,3,False
0ff6459e-96ba-4569-b76a-056a0ae87975,2,0,+0,11,3,3,3,False
0ff6459e-96ba-4569-b76a-056a0ae87975,3,0,+0,10,3,2.5,2.5,False
0ff6459e-96ba-4569-b76a-056a0ae87975,4,0,+0,9,3,3,3,False
2ec954cc-3ba3-48d3-9f98-3062bd49fc12,1,117.5,117.5,6,3,3,3,False
2ec954cc-3ba3-48d3-9f98-3062bd49fc12,2,117.5,117.5,6,3,3,3,False
2ec954cc-3ba3-48d3-9f98-3062bd49fc12,3,117.5,117.5,6,3,3,3,False
2ec954cc-3ba3-48d3-9f98-3062bd49fc12,4,117.5,117.5,6,3,3,3,False
54edd6fe-1363-41e3-bb44-63dd355ae678,1,127.5,127.5,6,2,2,2,False
54edd6fe-1363-41e3-bb44-63dd355ae678,2,127.5,127.5,5,3,3,3,False
54edd6fe-1363-41e3-bb44-63dd355ae678,3,127.5,127.5,4,3,3,3,False
30d8c1cf-d7c1-47e0-a5c5-a4d0776b4640,1,50,50,11,3,3,3,False
30d8c1cf-d7c1-47e0-a5c5-a4d0776b4640,2,50,50,10,3,3,3,False
30d8c1cf-d7c1-47e0-a5c5-a4d0776b4640,3,50,50,9,3,3,3,False
30d8c1cf-d7c1-47e0-a5c5-a4d0776b4640,4,50,50,8,3,3,3,False
7fb14f20-9735-4b55-b981-cc022fb712d3,1,77.5,77.5,14,3,3,3,False
7fb14f20-9735-4b55-b981-cc022fb712d3,2,77.5,77.5,13,3,3,3,False
7fb14f20-9735-4b55-b981-cc022fb712d3,3,77.5,77.5,12,3,3,3,False
dadf0ea8-ccd0-49a4-8d8c-127bbc6cb999,1,25,25,10,3,3,3,False
dadf0ea8-ccd0-49a4-8d8c-127bbc6cb999,2,22.5,22.5,13,3,3,3,False
dadf0ea8-ccd0-49a4-8d8c-127bbc6cb999,3,22.5,22.5,12,3,3,3,False
dadf0ea8-ccd0-49a4-8d8c-127bbc6cb999,4,22.5,22.5,11,3,3,3,False
86fb3289-b385-4e7b-9019-79f708bd46e8,1,20,20,17,3,3,3,False
86fb3289-b385-4e7b-9019-79f708bd46e8,2,20,20,17,3,3,3,False
86fb3289-b385-4e7b-9019-79f708bd46e8,3,20,20,17,3,2.5,2.5,False
30bf9acc-7d74-4504-8ee9-ae1b71a6f155,1,70,+70,12,3,3,3,False
30bf9acc-7d74-4504-8ee9-ae1b71a6f155,2,70,+70,11,3,3,3,False
30bf9acc-7d74-4504-8ee9-ae1b71a6f155,3,70,+70,10,3,3,3,False
6dde688c-4eca-4fba-9d1a-806089b76d9d,1,140,140,5,3,2.5,2.5,False
6dde688c-4eca-4fba-9d1a-806089b76d9d,2,140,140,4,3,3,3,False
6dde688c-4eca-4fba-9d1a-806089b76d9d,3,130,130,6,3,3,3,False
6dde688c-4eca-4fba-9d1a-806089b76d9d,4,130,130,6,3,2.5,2.5,False
1f017139-be45-4609-a37a-77005295ed2a,1,145,145,8,3,3,3,False
1f017139-be45-4609-a37a-77005295ed2a,2,145,145,7,3,3,3,False
1f017139-be45-4609-a37a-77005295ed2a,3,145,145,7,3,3,3,False
9c765567-7d7d-4342-a30c-5fcaf2623b0d,1,167.5,167.5,6,3,3,3,False
9c765567-7d7d-4342-a30c-5fcaf2623b0d,2,167.5,167.5,5,3,3,3,False
9c765567-7d7d-4342-a30c-5fcaf2623b0d,3,167.5,167.5,4,3,3,3,False
5f85245c-ca2b-4e47-a74e-62fd6172df18,1,92.5,92.5,10,4,3.5,3.5,False
5f85245c-ca2b-4e47-a74e-62fd6172df18,2,92.5,92.5,10,3,3,3,False
5f85245c-ca2b-4e47-a74e-62fd6172df18,3,92.5,92.5,9,3,3,3,False
5f85245c-ca2b-4e47-a74e-62fd6172df18,4,92.5,92.5,8,3,3,3,False
16ed7e0e-2628-4835-ad47-9be5f094de5c,1,112.5,112.5,10,3,2.5,2.5,False
16ed7e0e-2628-4835-ad47-9be5f094de5c,2,112.5,112.5,9,3,2.5,2.5,False
16ed7e0e-2628-4835-ad47-9be5f094de5c,3,112.5,112.5,8,2,1.5,1.5,False
16ed7e0e-2628-4835-ad47-9be5f094de5c,4,102.5,102.5,10,3,2.5,2.5,False
adaffa8c-05e9-419d-adea-c146cb391fd7,1,30,30,10,3,3,3,False
adaffa8c-05e9-419d-adea-c146cb391fd7,2,27.5,27.5,13,3,3,3,False
adaffa8c-05e9-419d-adea-c146cb391fd7,3,27.5,27.5,10,1,1,1,False
c39607da-441b-40c6-a816-83d88aedd0ae,1,245,245,10,3,3,3,False
c39607da-441b-40c6-a816-83d88aedd0ae,2,245,245,9,3,3,3,False
c39607da-441b-40c6-a816-83d88aedd0ae,3,245,245,8,3,3,3,False
af02b70b-4646-4f08-8983-29f720abcced,1,25,+25,6,1,0.5,0.5,False
af02b70b-4646-4f08-8983-29f720abcced,2,25,+25,6,0,0,0,False
af02b70b-4646-4f08-8983-29f720abcced,3,25,+25,6,0,0,0,False
a508682e-46c0-4094-9bce-f96b3d7e19bd,1,54,54,9,1,1,1,False
a508682e-46c0-4094-9bce-f96b3d7e19bd,2,54,54,9,1,1,1,False
a508682e-46c0-4094-9bce-f96b3d7e19bd,3,54,54,9,1,0.5,0.5,False
453d8ff9-213d-49d4-917f-aeff4bf99199,1,285,285,9,1,1,1,False
453d8ff9-213d-49d4-917f-aeff4bf99199,2,285,285,8,1,1,1,False
453d8ff9-213d-49d4-917f-aeff4bf99199,3,260,260,10,1,1,1,False
779fa8f9-91d6-450b-aece-bd7800311037,1,67.5,67.5,11,1,0.5,0.5,False
779fa8f9-91d6-450b-aece-bd7800311037,2,67.5,67.5,11,1,0.5,0.5,False
779fa8f9-91d6-450b-aece-bd7800311037,3,67.5,67.5,10,1,0.5,0.5,False
779fa8f9-91d6-450b-aece-bd7800311037,4,67.5,67.5,10,0,0,0,False
c89cd19d-0c91-4238-871b-ee8eb945cd6d,1,8.75,8.75,12,1,1,1,False
c89cd19d-0c91-4238-871b-ee8eb945cd6d,2,8.75,8.75,13,0,0,0,False
c89cd19d-0c91-4238-871b-ee8eb945cd6d,3,7.5,7.5,14,0,0,0,False
7b334f69-b798-4aee-bf85-cc99709605aa,1,27.5,27.5,12,1,1,1,False
7b334f69-b798-4aee-bf85-cc99709605aa,2,27.5,27.5,12,0,0,0,False
7b334f69-b798-4aee-bf85-cc99709605aa,3,27.5,27.5,12,0,0,0,False
4a89a49f-93a9-42dc-9ba2-f97eea06942b,1,147.5,147.5,12,2,1.5,1.5,False
4a89a49f-93a9-42dc-9ba2-f97eea06942b,2,147.5,147.5,12,1,1,1,False
4a89a49f-93a9-42dc-9ba2-f97eea06942b,3,147.5,147.5,12,1,0.5,0.5,False
1ee798cc-e51b-423c-9a8b-1cae2fc5d1b6,1,65,65,8,0,0,0,False
1ee798cc-e51b-423c-9a8b-1cae2fc5d1b6,2,65,65,5,1,0.5,0.5,False
1ee798cc-e51b-423c-9a8b-1cae2fc5d1b6,3,57.5,57.5,9,1,0.5,0.5,False
1ee798cc-e51b-423c-9a8b-1cae2fc5d1b6,4,57.5,57.5,9,0,0,0,False
5f5d7f7a-0c5b-4926-a1a9-bf648f16e4d8,1,52.5,52.5,12,1,1,1,False
5f5d7f7a-0c5b-4926-a1a9-bf648f16e4d8,2,52.5,52.5,11,0,0,0,False
5f5d7f7a-0c5b-4926-a1a9-bf648f16e4d8,3,52.5,52.5,9,0,0,0,False
5665d5ef-7837-456c-b5e9-8e035c1a30f7,1,287.5,287.5,8,1,1,1,False
5665d5ef-7837-456c-b5e9-8e035c1a30f7,2,287.5,287.5,7,1,1,1,False
5665d5ef-7837-456c-b5e9-8e035c1a30f7,3,287.5,287.5,5,1,1,1,False
25e571bc-51d1-4560-b235-1a83a12df0e7,1,90,90,9,1,1,1,False
25e571bc-51d1-4560-b235-1a83a12df0e7,2,90,90,8,1,1,1,False
25e571bc-51d1-4560-b235-1a83a12df0e7,3,90,90,7,1,1,1,False
25e571bc-51d1-4560-b235-1a83a12df0e7,4,90,90,8,1,0.5,0.5,False
00a3b9b5-345b-49d9-af42-9ba2d6bdee5d,1,52.5,52.5,11,1,1,1,False
00a3b9b5-345b-49d9-af42-9ba2d6bdee5d,2,52.5,52.5,11,0,0,0,False
00a3b9b5-345b-49d9-af42-9ba2d6bdee5d,3,52.5,52.5,10,0,0,0,False
891cb3f0-94a4-4d0c-84e1-c2f965d3a52d,1,240,240,12,1,1,1,False
891cb3f0-94a4-4d0c-84e1-c2f965d3a52d,2,240,240,11,1,1,1,False
891cb3f0-94a4-4d0c-84e1-c2f965d3a52d,3,240,240,10,1,1,1,False
891cb3f0-94a4-4d0c-84e1-c2f965d3a52d,4,240,240,10,1,0.5,0.5,False
0653b6d6-12a6-4b5f-a96f-91b49d36681f,1,0,+0,14,1,1,1,False
0653b6d6-12a6-4b5f-a96f-91b49d36681f,2,0,+0,12,1,1,1,False
0653b6d6-12a6-4b5f-a96f-91b49d36681f,3,0,+0,11,1,0.5,0.5,False
0653b6d6-12a6-4b5f-a96f-91b49d36681f,4,0,+0,11,0,0,0,False
fffe601a-0dcc-4ab7-a868-c8229103124a,1,260,260,8,1,1,1,False
fffe601a-0dcc-4ab7-a868-c8229103124a,2,260,260,8,1,1,1,False
fffe601a-0dcc-4ab7-a868-c8229103124a,3,260,260,8,0,0,0,False
432bafb1-923d-4209-bdf7-0a829f106921,1,255,255,8,1,1,1,False
432bafb1-923d-4209-bdf7-0a829f106921,2,255,255,7,1,1,1,False
432bafb1-923d-4209-bdf7-0a829f106921,3,255,255,8,0,0,0,False
ff17de92-52f5-40f2-8e81-cb40fd12cb6c,1,142.5,142.5,10,1,1,1,False
ff17de92-52f5-40f2-8e81-cb40fd12cb6c,2,140,140,10,0,0,0,False
ff17de92-52f5-40f2-8e81-cb40fd12cb6c,3,140,140,10,1,0.5,0.5,False
ce3ab1d5-dd3b-413f-92c9-dcf7ba3f2ea2,1,55,55,13,1,1,1,False
ce3ab1d5-dd3b-413f-92c9-dcf7ba3f2ea2,2,55,55,12,1,0.5,0.5,False
ce3ab1d5-dd3b-413f-92c9-dcf7ba3f2ea2,3,55,55,12,0,0,0,False
bb50123b-3417-4e3a-b464-68cf75581254,1,72.5,72.5,11,1,1,1,False
bb50123b-3417-4e3a-b464-68cf75581254,2,72.5,72.5,10,1,0.5,0.5,False
bb50123b-3417-4e3a-b464-68cf75581254,3,72.5,72.5,10,0,0,0,False
bb50123b-3417-4e3a-b464-68cf75581254,4,72.5,72.5,8,0,0,0,False
e7686179-2c66-4b8c-a2f4-a58e0f965f47,1,30,30,10,1,0.5,0.5,False
e7686179-2c66-4b8c-a2f4-a58e0f965f47,2,27.5,27.5,12,0,0,0,False
e7686179-2c66-4b8c-a2f4-a58e0f965f47,3,25,25,13,1,0.5,0.5,False
41a2842d-ca7e-453e-87d0-eece8490b1cc,1,25,25,12,1,0.5,0.5,False
41a2842d-ca7e-453e-87d0-eece8490b1cc,2,25,25,10,1,0.5,0.5,False
41a2842d-ca7e-453e-87d0-eece8490b1cc,3,25,25,10,0,0,0,False
61b2c3e0-bab1-4fa5-bb19-974b1f6ac314,1,135,135,8,1,1,1,False
61b2c3e0-bab1-4fa5-bb19-974b1f6ac314,2,135,135,7,1,1,1,False
61b2c3e0-bab1-4fa5-bb19-974b1f6ac314,3,135,135,6,1,0.5,0.5,False
61b2c3e0-bab1-4fa5-bb19-974b1f6ac314,4,135,135,6,1,0.5,0.5,False
3647a8e7-bbd6-4cc6-8be1-95e8339908aa,1,55,55,7,1,0.5,0.5,False
3647a8e7-bbd6-4cc6-8be1-95e8339908aa,2,50,50,9,1,1,1,False
3647a8e7-bbd6-4cc6-8be1-95e8339908aa,3,50,50,8,1,0.5,0.5,False
3647a8e7-bbd6-4cc6-8be1-95e8339908aa,4,50,50,7,1,0.5,0.5,False
a0754f65-6c15-4998-a647-fe0654638355,1,165,165,8,1,1,1,False
a0754f65-6c15-4998-a647-fe0654638355,2,165,165,7,1,0.5,0.5,False
a0754f65-6c15-4998-a647-fe0654638355,3,165,165,6,1,0.5,0.5,False
a0754f65-6c15-4998-a647-fe0654638355,4,165,165,5,1,0.5,0.5,False
60b06c82-1d80-4164-94ff-5298edf582b6,1,235,235,10,1,1,1,False
60b06c82-1d80-4164-94ff-5298edf582b6,2,225,225,10,1,1,1,False
60b06c82-1d80-4164-94ff-5298edf582b6,3,225,225,10,0,0,0,False
60b06c82-1d80-4164-94ff-5298edf582b6,4,225,225,10,0,0,0,False
3c7acb88-a279-47be-b963-b8d2bc4365c0,1,110,110,10,2,1.5,1.5,False
3c7acb88-a279-47be-b963-b8d2bc4365c0,2,110,110,10,0,0,0,False
3c7acb88-a279-47be-b963-b8d2bc4365c0,3,110,110,8,0,0,0,False
3c7acb88-a279-47be-b963-b8d2bc4365c0,4,110,110,7,1,0.5,0.5,False
fcd95ddb-7938-4c28-95eb-8e1316734ba8,1,30,30,11,0,0,0,False
fcd95ddb-7938-4c28-95eb-8e1316734ba8,2,30,30,9,1,0.5,0.5,False
fcd95ddb-7938-4c28-95eb-8e1316734ba8,3,30,30,8,0,0,0,False
d9926c68-ca1c-49eb-86b1-d2d0ae62cab0,1,85,85,10,1,0.5,0.5,False
d9926c68-ca1c-49eb-86b1-d2d0ae62cab0,2,85,85,8,1,1,1,False
d9926c68-ca1c-49eb-86b1-d2d0ae62cab0,3,85,85,6,1,0.5,0.5,False
6dc8cd5c-7f6b-494c-92f7-f566480bef31,1,25,+25,6,1,0.5,0.5,False
6dc8cd5c-7f6b-494c-92f7-f566480bef31,2,25,+25,5,1,0.5,0.5,False
6dc8cd5c-7f6b-494c-92f7-f566480bef31,3,25,+25,5,1,0.5,0.5,False
5062ed2b-218f-48be-b40a-5cf12f50ea63,1,55,55,8,1,0.5,0.5,False
5062ed2b-218f-48be-b40a-5cf12f50ea63,2,50,50,12,1,0.5,0.5,False
5062ed2b-218f-48be-b40a-5cf12f50ea63,3,50,50,11,1,1,1,False
70b414fb-c7df-49ce-b99c-2321778cbcb1,1,267.5,267.5,11,2,2,2,False
70b414fb-c7df-49ce-b99c-2321778cbcb1,2,267.5,267.5,11,1,1,1,False
70b414fb-c7df-49ce-b99c-2321778cbcb1,3,267.5,267.5,7,3,3,3,False
99d75a91-2d4c-4ce9-8132-11db2f01679d,1,65,65,12,1,0.5,0.5,False
99d75a91-2d4c-4ce9-8132-11db2f01679d,2,65,65,10,1,0.5,0.5,False
99d75a91-2d4c-4ce9-8132-11db2f01679d,3,65,65,9,1,0.5,0.5,False
f31e5548-08dd-4f7c-a3dd-0bbea32a5a8b,1,10,10,12,1,0.5,0.5,False
f31e5548-08dd-4f7c-a3dd-0bbea32a5a8b,2,10,10,11,0,0,0,False
f31e5548-08dd-4f7c-a3dd-0bbea32a5a8b,3,7.5,7.5,12,1,1,1,False
b88e06fa-48f8-4644-8bca-6edbbbe879b1,1,27.5,27.5,12,1,0.5,0.5,False
b88e06fa-48f8-4644-8bca-6edbbbe879b1,2,27.5,27.5,10,1,1,1,False
b88e06fa-48f8-4644-8bca-6edbbbe879b1,3,27.5,27.5,11,0,0,0,False
761b9213-a694-4d28-a0ba-2478072ab00f,1,140,140,12,3,2.5,2.5,False
761b9213-a694-4d28-a0ba-2478072ab00f,2,140,140,12,3,2.5,2.5,False
761b9213-a694-4d28-a0ba-2478072ab00f,3,140,140,12,2,2,2,False
57821d11-e4b1-41b8-a4ff-d87ef6a64978,1,62.5,62.5,8,1,0.5,0.5,False
57821d11-e4b1-41b8-a4ff-d87ef6a64978,2,62.5,62.5,7,1,0.5,0.5,False
57821d11-e4b1-41b8-a4ff-d87ef6a64978,3,62.5,62.5,6,0,0,0,False
57821d11-e4b1-41b8-a4ff-d87ef6a64978,4,57.5,57.5,8,0,0,0,False
f455f3ff-f639-48b2-9338-ee96bd9832e8,1,47.5,47.5,14,3,3,3,False
f455f3ff-f639-48b2-9338-ee96bd9832e8,2,50,50,12,1,1,1,False
f455f3ff-f639-48b2-9338-ee96bd9832e8,3,50,50,11,0,0,0,False
1ba020ef-568a-4053-aa8c-07e2e9738c00,1,282.5,282.5,8,1,1,1,False
1ba020ef-568a-4053-aa8c-07e2e9738c00,2,282.5,282.5,8,1,1,1,False
1ba020ef-568a-4053-aa8c-07e2e9738c00,3,282.5,282.5,7,1,1,1,False
1ba020ef-568a-4053-aa8c-07e2e9738c00,4,282.5,282.5,7,0,0,0,False
cf1c1f97-d254-4e41-aad1-7cbd35eef331,1,82.5,82.5,10,2,2,2,False
cf1c1f97-d254-4e41-aad1-7cbd35eef331,2,82.5,82.5,10,1,1,1,False
cf1c1f97-d254-4e41-aad1-7cbd35eef331,3,82.5,82.5,9,1,1,1,False
cf1c1f97-d254-4e41-aad1-7cbd35eef331,4,82.5,82.5,9,0,0,0,False
3efd2de5-f3dd-4fae-a427-c348d1f77f9a,1,50,50,12,1,1,1,False
3efd2de5-f3dd-4fae-a427-c348d1f77f9a,2,50,50,12,0,0,0,False
3efd2de5-f3dd-4fae-a427-c348d1f77f9a,3,50,50,11,1,0.5,0.5,False
2acdc198-f0e0-4d58-a4b8-eae704eae196,1,0,+0,13,1,1,1,False
2acdc198-f0e0-4d58-a4b8-eae704eae196,2,0,+0,12,1,1,1,False
2acdc198-f0e0-4d58-a4b8-eae704eae196,3,0,+0,11,1,0.5,0.5,False
2acdc198-f0e0-4d58-a4b8-eae704eae196,4,0,+0,11,0,0,0,False
ffc3674f-bd90-4f4c-9aff-97657abf4a96,1,245,245,11,1,1,1,False
ffc3674f-bd90-4f4c-9aff-97657abf4a96,2,245,245,10,1,1,1,False
ffc3674f-bd90-4f4c-9aff-97657abf4a96,3,245,245,10,0,0,0,False
ffc3674f-bd90-4f4c-9aff-97657abf4a96,4,225,225,12,0,0,0,False
50eee70a-3f94-4b76-8fcc-32f446d5f6bf,1,267.5,267.5,6,1,1,1,False
50eee70a-3f94-4b76-8fcc-32f446d5f6bf,2,267.5,267.5,5,2,1.5,1.5,False
50eee70a-3f94-4b76-8fcc-32f446d5f6bf,3,267.5,267.5,6,1,0.5,0.5,False
37b9bcf0-a421-44a4-8c1c-f6d75af5a4a3,1,252.5,252.5,8,1,1,1,False
37b9bcf0-a421-44a4-8c1c-f6d75af5a4a3,2,252.5,252.5,7,1,1,1,False
37b9bcf0-a421-44a4-8c1c-f6d75af5a4a3,3,252.5,252.5,7,1,1,1,False
5fcd58a2-57ec-41f4-a8fc-447c5bd7a00a,1,150,150,10,0,0,0,False
5fcd58a2-57ec-41f4-a8fc-447c5bd7a00a,2,140,140,11,0,0,0,False
5fcd58a2-57ec-41f4-a8fc-447c5bd7a00a,3,140,140,11,1,0.5,0.5,False
19c8abda-961f-4da5-9ca0-1b75029d5c0a,1,57.5,57.5,12,1,0.5,0.5,False
19c8abda-961f-4da5-9ca0-1b75029d5c0a,2,57.5,57.5,12,0,0,0,False
19c8abda-961f-4da5-9ca0-1b75029d5c0a,3,57.5,57.5,11,0,0,0,False
df38dd62-6700-4d57-8407-fa35ce82aeec,1,75,75,9,1,1,1,False
df38dd62-6700-4d57-8407-fa35ce82aeec,2,75,75,8,1,1,1,False
df38dd62-6700-4d57-8407-fa35ce82aeec,3,75,75,8,0,0,0,False
df38dd62-6700-4d57-8407-fa35ce82aeec,4,75,75,8,0,0,0,False
aede3ba0-eab6-4bfc-8a24-3577c7d166f4,1,30,30,10,1,1,1,False
aede3ba0-eab6-4bfc-8a24-3577c7d166f4,2,27.5,27.5,13,1,1,1,False
aede3ba0-eab6-4bfc-8a24-3577c7d166f4,3,27.5,27.5,13,0,0,0,False
b328656d-17e5-49ab-809d-babeb86b8823,1,27.5,27.5,8,1,1,1,False
b328656d-17e5-49ab-809d-babeb86b8823,2,27.5,27.5,8,1,0.5,0.5,False
b328656d-17e5-49ab-809d-babeb86b8823,3,25,25,11,1,0.5,0.5,False
3001a3c9-2379-403f-9338-f140dd1de5a8,1,142.5,142.5,4,1,1,1,False
3001a3c9-2379-403f-9338-f140dd1de5a8,2,135,135,7,1,0.5,0.5,False
3001a3c9-2379-403f-9338-f140dd1de5a8,3,135,135,6,0,0,0,False
3001a3c9-2379-403f-9338-f140dd1de5a8,4,135,135,6,0,0,0,False
9237425d-8915-4b3b-b4f2-f739b09e1a70,1,125,125,10,2,1.5,1.5,False
9237425d-8915-4b3b-b4f2-f739b09e1a70,2,125,125,10,2,1.5,1.5,False
9237425d-8915-4b3b-b4f2-f739b09e1a70,3,125,125,10,0,0,0,False
9237425d-8915-4b3b-b4f2-f739b09e1a70,4,125,125,8,1,0.5,0.5,False
5fafd8bf-affa-4132-951f-04d9af44a8f8,1,115,115,10,0,0,0,False
5fafd8bf-affa-4132-951f-04d9af44a8f8,2,115,115,7,1,1,1,False
5fafd8bf-affa-4132-951f-04d9af44a8f8,3,115,115,7,0,0,0,False
5c0d8438-f931-4a20-8d7d-60e43eab73d8,1,30,30,10,1,1,1,False
5c0d8438-f931-4a20-8d7d-60e43eab73d8,2,30,30,9,1,1,1,False
5c0d8438-f931-4a20-8d7d-60e43eab73d8,3,30,30,9,0,0,0,False
27b6ffe9-5b86-4c7c-8dcb-191b4bb3ac63,1,85,85,10,1,1,1,False
27b6ffe9-5b86-4c7c-8dcb-191b4bb3ac63,2,85,85,9,1,1,1,False
27b6ffe9-5b86-4c7c-8dcb-191b4bb3ac63,3,85,85,6,0,0,0,False
bc650540-9082-43de-b796-a7e95f0fdd52,1,245,245,8,2,1.5,1.5,False
bc650540-9082-43de-b796-a7e95f0fdd52,2,245,245,8,1,1,1,False
bc650540-9082-43de-b796-a7e95f0fdd52,3,245,245,8,1,0.5,0.5,False
eed0fd98-841b-4bd3-aa38-90d026deb0f5,1,150,150,10,0,0,0,False
eed0fd98-841b-4bd3-aa38-90d026deb0f5,2,145,145,10,1,1,1,False
eed0fd98-841b-4bd3-aa38-90d026deb0f5,3,145,145,11,0,0,0,False
bc6ab398-b447-469c-aeb5-6123a51b6d89,1,57.5,57.5,11,1,1,1,False
bc6ab398-b447-469c-aeb5-6123a51b6d89,2,57.5,57.5,11,0,0,0,False
bc6ab398-b447-469c-aeb5-6123a51b6d89,3,57.5,57.5,10,1,0.5,0.5,False
515b9a99-bc69-432d-a689-d727a3db18fd,1,72.5,72.5,9,2,1.5,1.5,False
515b9a99-bc69-432d-a689-d727a3db18fd,2,72.5,72.5,9,1,1,1,False
515b9a99-bc69-432d-a689-d727a3db18fd,3,72.5,72.5,8,1,1,1,False
515b9a99-bc69-432d-a689-d727a3db18fd,4,72.5,72.5,9,0,0,0,False
2f0cfa52-aad1-4085-81a9-fc1c9504e57f,1,27.5,27.5,13,1,1,1,False
2f0cfa52-aad1-4085-81a9-fc1c9504e57f,2,27.5,27.5,12,1,1,1,False
2f0cfa52-aad1-4085-81a9-fc1c9504e57f,3,27.5,27.5,12,0,0,0,False
f43502ba-034c-4726-9163-b86c4a37793f,1,25,25,11,1,1,1,False
f43502ba-034c-4726-9163-b86c4a37793f,2,25,25,10,1,0.5,0.5,False
f43502ba-034c-4726-9163-b86c4a37793f,3,25,25,10,0,0,0,False
8703ad0a-5c23-4f39-a88f-c2e0e48220b8,1,60,60,10,0,0,0,False
8703ad0a-5c23-4f39-a88f-c2e0e48220b8,2,60,60,7,1,0.5,0.5,False
8703ad0a-5c23-4f39-a88f-c2e0e48220b8,3,60,60,6,0,0,0,False
8703ad0a-5c23-4f39-a88f-c2e0e48220b8,4,55,55,8,0,0,0,False
2bcd5214-bd81-46e8-9669-1e57ac5d30cb,1,45,45,12,6,5+,6,False
2bcd5214-bd81-46e8-9669-1e57ac5d30cb,2,45,45,14,2,2,2,False
2bcd5214-bd81-46e8-9669-1e57ac5d30cb,3,45,45,12,1,0.5,0.5,False
eb7edcf6-c34b-457c-9bb5-7e64a7a28a8a,1,55,55,10,2,1.5,1.5,False
eb7edcf6-c34b-457c-9bb5-7e64a7a28a8a,2,55,55,9,1,1,1,False
eb7edcf6-c34b-457c-9bb5-7e64a7a28a8a,3,55,55,8,1,1,1,False
076115a0-c4af-495e-85cd-9e1b333586fd,1,80,80,9,3,2.5,2.5,False
076115a0-c4af-495e-85cd-9e1b333586fd,2,80,80,10,1,1,1,False
076115a0-c4af-495e-85cd-9e1b333586fd,3,80,80,10,1,1,1,False
076115a0-c4af-495e-85cd-9e1b333586fd,4,80,80,9,1,1,1,False
c774ef90-4d85-4fd6-a6b9-652821e7c00b,1,50,50,11,1,1,1,False
c774ef90-4d85-4fd6-a6b9-652821e7c00b,2,50,50,11,0,0,0,False
c774ef90-4d85-4fd6-a6b9-652821e7c00b,3,50,50,10,0,0,0,False
af68f466-4957-418a-a14d-8c79155a102a,1,5,+5,10,1,0.5,0.5,False
af68f466-4957-418a-a14d-8c79155a102a,2,5,+5,9,1,0.5,0.5,False
af68f466-4957-418a-a14d-8c79155a102a,3,0,+0,11,1,0.5,0.5,False
33b77c80-ec93-419c-b24c-f2b978413b2f,1,2.5,+2.5,7,4,3.5,3.5,False
33b77c80-ec93-419c-b24c-f2b978413b2f,2,2.5,+2.5,6,4,4,4,False
785d9b98-aa4f-4ab8-a0bf-862b8267a693,1,50,50,8,5,4.5,4.5,False
785d9b98-aa4f-4ab8-a0bf-862b8267a693,2,50,50,8,5,4.5,4.5,False
719330cd-3190-47f1-9b88-71f109083a5e,1,250,250,10,6,5+,6,False
719330cd-3190-47f1-9b88-71f109083a5e,2,250,250,10,6,5+,6,False
8397ae0d-f214-44ea-8f1b-ab4a0e4c95aa,1,35,35,16,3,3,3,False
8397ae0d-f214-44ea-8f1b-ab4a0e4c95aa,2,35,35,15,3,2.5,2.5,False
20c83c74-abcf-4afa-a073-edb224b30fac,1,60,60,16,6,5+,6,False
20c83c74-abcf-4afa-a073-edb224b30fac,2,60,60,14,3,3,3,False
8a3258ea-4aef-429f-9d64-9080439dc9a4,1,20,20,17,6,5+,6,False
8a3258ea-4aef-429f-9d64-9080439dc9a4,2,22.5,22.5,13,6,5+,6,False
2a4198e3-8f41-4cca-a887-86c1611b9fa0,1,72.5,72.5,11,6,5+,6,False
2a4198e3-8f41-4cca-a887-86c1611b9fa0,2,75,75,11,6,5+,6,False
bbb941d7-0297-448d-af7c-f01d80f4d1fc,1,157.5,157.5,7,6,5+,6,False
bbb941d7-0297-448d-af7c-f01d80f4d1fc,2,157.5,157.5,6,6,5+,6,False
f8a06444-38d9-466a-ad09-e0e6eae44624,1,212.5,212.5,11,4,4,4,False
f8a06444-38d9-466a-ad09-e0e6eae44624,2,212.5,212.5,10,5,4.5,4.5,False
e93b10d6-bf1b-4ae5-8c0a-c6e88c827ff0,1,115,115,12,5,4.5,4.5,False
e93b10d6-bf1b-4ae5-8c0a-c6e88c827ff0,2,115,115,10,5,4.5,4.5,False
0173e3ed-ab9d-4bdd-bef5-27265e61c288,1,47.5,47.5,10,6,5+,6,False
0173e3ed-ab9d-4bdd-bef5-27265e61c288,2,47.5,47.5,9,5,4.5,4.5,False
dbf91811-ac51-434e-8da4-22fba87294ff,1,132.5,132.5,12,6,5+,6,False
dbf91811-ac51-434e-8da4-22fba87294ff,2,132.5,132.5,12,4,4,4,False
d662b027-8037-4c74-8ace-7898fc98f69f,1,25,25,12,6,5+,6,False
d662b027-8037-4c74-8ace-7898fc98f69f,2,25,25,11,6,5+,6,False
a7779396-b4ad-49fe-94b6-dfe8b9cc081b,1,37.5,37.5,13,6,5+,6,False
a7779396-b4ad-49fe-94b6-dfe8b9cc081b,2,37.5,37.5,12,6,5+,6,False
12d2e7cc-0516-4d55-9542-c90e471c6e26,1,12,12,15,6,5+,6,False
12d2e7cc-0516-4d55-9542-c90e471c6e26,2,15,15,12,6,5+,6,False
ff9a8022-4a50-4690-a6c4-c2520008df9f,1,87.5,+87.5,13,6,5+,6,False
ff9a8022-4a50-4690-a6c4-c2520008df9f,2,87.5,+87.5,12,6,5+,6,False
e0f1ff39-bd4e-44cb-b924-0e715ae1823a,1,147.5,147.5,6,1,0.5,0.5,False
e0f1ff39-bd4e-44cb-b924-0e715ae1823a,2,147.5,147.5,5,1,0.5,0.5,False
e0f1ff39-bd4e-44cb-b924-0e715ae1823a,3,147.5,147.5,5,0,0,0,False
e0f1ff39-bd4e-44cb-b924-0e715ae1823a,4,147.5,147.5,4,0,0,0,False
1e13fcd7-07ba-4631-aeb7-fbb2c59a81e4,1,52.5,52.5,10,1,0.5,0.5,False
1e13fcd7-07ba-4631-aeb7-fbb2c59a81e4,2,52.5,52.5,9,0,0,0,False
1e13fcd7-07ba-4631-aeb7-fbb2c59a81e4,3,52.5,52.5,7,0,0,0,False
1e13fcd7-07ba-4631-aeb7-fbb2c59a81e4,4,47.5,47.5,10,0,0,0,False
6974ef72-2f61-4bff-98cf-79cf59ebf939,1,177.5,177.5,6,2,1.5,1.5,False
6974ef72-2f61-4bff-98cf-79cf59ebf939,2,177.5,177.5,6,1,1,1,False
6974ef72-2f61-4bff-98cf-79cf59ebf939,3,177.5,177.5,6,1,0.5,0.5,False
6974ef72-2f61-4bff-98cf-79cf59ebf939,4,177.5,177.5,5,0,0,0,False
f667fa07-e0dd-4545-87ee-0e6c1098bf0d,1,245,245,10,1,1,1,False
f667fa07-e0dd-4545-87ee-0e6c1098bf0d,2,245,245,10,0,0,0,False
f667fa07-e0dd-4545-87ee-0e6c1098bf0d,3,245,245,10,0,0,0,False
f667fa07-e0dd-4545-87ee-0e6c1098bf0d,4,245,245,9,0,0,0,False
12fa9ae5-ae8f-4e51-bdd7-8e7b3271f23b,1,112.5,112.5,10,3,2.5,2.5,False
12fa9ae5-ae8f-4e51-bdd7-8e7b3271f23b,2,112.5,112.5,10,2,2,2,False
12fa9ae5-ae8f-4e51-bdd7-8e7b3271f23b,3,112.5,112.5,10,1,1,1,False
12fa9ae5-ae8f-4e51-bdd7-8e7b3271f23b,4,112.5,112.5,9,0,0,0,False
1fc83b14-8975-4cd3-b930-36996a3e5db0,1,30,30,10,1,1,1,False
1fc83b14-8975-4cd3-b930-36996a3e5db0,2,30,30,10,1,1,1,False
1fc83b14-8975-4cd3-b930-36996a3e5db0,3,30,30,10,0,0,0,False
336270a5-f943-40e3-a617-6b01f373b1ca,1,0,+0,6,4,4,4,False
336270a5-f943-40e3-a617-6b01f373b1ca,2,10,+10,6,2,2,2,False
336270a5-f943-40e3-a617-6b01f373b1ca,3,10,+10,7,2,2,2,False
eb46256e-7285-4684-8a9d-2c3f184c35f3,1,55,55,8,1,1,1,False
eb46256e-7285-4684-8a9d-2c3f184c35f3,2,55,55,8,1,1,1,False
eb46256e-7285-4684-8a9d-2c3f184c35f3,3,55,55,8,1,1,1,False
3e9d9707-9540-4cbb-b02a-406c771acaaf,1,267.5,267.5,10,2,2,2,False
3e9d9707-9540-4cbb-b02a-406c771acaaf,2,267.5,267.5,10,2,2,2,False
3e9d9707-9540-4cbb-b02a-406c771acaaf,3,267.5,267.5,10,2,2,2,False
c76c866e-72e4-4d1d-9f0a-1082b6ed9c1c,1,40,40,11,2,1.5,1.5,False
c76c866e-72e4-4d1d-9f0a-1082b6ed9c1c,2,40,40,10,2,1.5,1.5,False
c76c866e-72e4-4d1d-9f0a-1082b6ed9c1c,3,40,40,11,1,0.5,0.5,False
5de12c6c-d4bd-4822-b664-1e46e72b2573,1,10,10,13,0,0,0,False
5de12c6c-d4bd-4822-b664-1e46e72b2573,2,10,10,12,1,0.5,0.5,False
5de12c6c-d4bd-4822-b664-1e46e72b2573,3,7.5,7.5,20,0,0,0,False
e705cb44-04fc-4296-8316-46ca9175bddb,1,27.5,27.5,10,1,1,1,False
e705cb44-04fc-4296-8316-46ca9175bddb,2,25,25,13,1,1,1,False
e705cb44-04fc-4296-8316-46ca9175bddb,3,25,25,13,0,0,0,False
b6bf0e7b-258a-4275-a360-4f2adb764298,1,135,135,12,2,1.5,1.5,False
b6bf0e7b-258a-4275-a360-4f2adb764298,2,135,135,12,2,1.5,1.5,False
b6bf0e7b-258a-4275-a360-4f2adb764298,3,135,135,13,1,1,1,False
f0b0b0e0-42c7-427f-9645-da135e6b3da4,1,65,65,7,1,0.5,0.5,False
f0b0b0e0-42c7-427f-9645-da135e6b3da4,2,65,65,5,1,0.5,0.5,False
f0b0b0e0-42c7-427f-9645-da135e6b3da4,3,57.5,57.5,9,1,0.5,0.5,False
f0b0b0e0-42c7-427f-9645-da135e6b3da4,4,57.5,57.5,9,0,0,0,False
665b5311-41b9-4017-acef-b0c43b06bda8,1,57.5,57.5,11,1,1,1,False
665b5311-41b9-4017-acef-b0c43b06bda8,2,57.5,57.5,9,1,0.5,0.5,False
665b5311-41b9-4017-acef-b0c43b06bda8,3,55,55,10,0,0,0,False
7affe98a-2202-4cee-8fae-3ada32333f9e,1,60,60,8,2,2,2,False
7affe98a-2202-4cee-8fae-3ada32333f9e,2,60,60,7,2,2,2,False
7affe98a-2202-4cee-8fae-3ada32333f9e,3,60,60,8,1,1,1,False
7affe98a-2202-4cee-8fae-3ada32333f9e,4,55,55,8,2,1.5,1.5,False
375da895-46dc-4ce7-8e31-11d003047be9,1,75,75,8,3,3,3,False
375da895-46dc-4ce7-8e31-11d003047be9,2,80,80,8,2,2,2,False
375da895-46dc-4ce7-8e31-11d003047be9,3,80,80,8,2,2,2,False
375da895-46dc-4ce7-8e31-11d003047be9,4,80,80,8,2,2,2,False
464c54e2-17f9-49e5-8ecb-46430af77fe5,1,45,45,15,1,1,1,False
464c54e2-17f9-49e5-8ecb-46430af77fe5,2,45,45,15,0,0,0,False
464c54e2-17f9-49e5-8ecb-46430af77fe5,3,45,45,14,0,0,0,False
da8609d6-ca12-4bf5-89f3-b3209545bf97,1,0,+0,12,1,1,1,False
da8609d6-ca12-4bf5-89f3-b3209545bf97,2,0,+0,11,1,1,1,False
da8609d6-ca12-4bf5-89f3-b3209545bf97,3,0,+0,10,1,1,1,False
da8609d6-ca12-4bf5-89f3-b3209545bf97,4,0,+0,10,0,0,0,False
a71d3cf5-61ee-44e7-af04-74b5f0efe9e0,1,225,225,12,1,1,1,False
a71d3cf5-61ee-44e7-af04-74b5f0efe9e0,2,225,225,12,1,0.5,0.5,False
a71d3cf5-61ee-44e7-af04-74b5f0efe9e0,3,225,225,12,0,0,0,False
a71d3cf5-61ee-44e7-af04-74b5f0efe9e0,4,225,225,11,0,0,0,False
b9c413a0-5f8e-4e97-94ca-aac7610a4c60,1,255,255,6,2,1.5,1.5,False
b9c413a0-5f8e-4e97-94ca-aac7610a4c60,2,255,255,6,2,1.5,1.5,False
b9c413a0-5f8e-4e97-94ca-aac7610a4c60,3,255,255,7,1,0.5,0.5,False
b2790cf1-4fec-4eaf-960a-8d2578e78989,1,237.5,237.5,8,2,1.5,1.5,False
b2790cf1-4fec-4eaf-960a-8d2578e78989,2,237.5,237.5,8,2,1.5,1.5,False
b2790cf1-4fec-4eaf-960a-8d2578e78989,3,237.5,237.5,9,2,1.5,1.5,False
2a8d13d6-d4f1-4032-af51-81e58a7a5e28,1,147.5,147.5,10,1,0.5,0.5,False
2a8d13d6-d4f1-4032-af51-81e58a7a5e28,2,147.5,147.5,9,1,1,1,False
2a8d13d6-d4f1-4032-af51-81e58a7a5e28,3,147.5,147.5,10,0,0,0,False
a9a0642d-8a18-4a51-a309-bc7ad1e8723e,1,55,55,12,1,1,1,False
a9a0642d-8a18-4a51-a309-bc7ad1e8723e,2,55,55,12,0,0,0,False
a9a0642d-8a18-4a51-a309-bc7ad1e8723e,3,55,55,12,0,0,0,False
d075c528-442d-4589-a766-72f0818d7d72,1,65,65,12,2,1.5,1.5,False
d075c528-442d-4589-a766-72f0818d7d72,2,67.5,67.5,11,1,1,1,False
d075c528-442d-4589-a766-72f0818d7d72,3,67.5,67.5,10,1,1,1,False
d075c528-442d-4589-a766-72f0818d7d72,4,67.5,67.5,10,1,1,1,False
d5d58a13-21fe-4790-ab1e-d3c6a149dad0,1,27.5,27.5,12,1,1,1,False
d5d58a13-21fe-4790-ab1e-d3c6a149dad0,2,27.5,27.5,11,1,1,1,False
d5d58a13-21fe-4790-ab1e-d3c6a149dad0,3,27.5,27.5,11,0,0,0,False
c3526ad3-ff96-4c0f-9aa6-fb483319c7de,1,25,25,11,1,0.5,0.5,False
c3526ad3-ff96-4c0f-9aa6-fb483319c7de,2,25,25,10,1,0.5,0.5,False
c3526ad3-ff96-4c0f-9aa6-fb483319c7de,3,25,25,10,1,0.5,0.5,False
4a7b2652-ac96-4c76-895f-02603c13ff91,1,150,150,5,0,0,0,False
4a7b2652-ac96-4c76-895f-02603c13ff91,2,150,150,4,0,0,0,False
4a7b2652-ac96-4c76-895f-02603c13ff91,3,150,150,3,0,0,0,False
4a7b2652-ac96-4c76-895f-02603c13ff91,4,130,130,8,1,0.5,0.5,False
8e1dd998-5b9e-438b-b155-f03b4825b924,1,50,50,12,1,0.5,0.5,False
8e1dd998-5b9e-438b-b155-f03b4825b924,2,50,50,10,1,0.5,0.5,False
8e1dd998-5b9e-438b-b155-f03b4825b924,3,50,50,9,0,0,0,False
8e1dd998-5b9e-438b-b155-f03b4825b924,4,50,50,8,0,0,0,False
eadea110-4e6a-42c2-983b-57f1b3b99131,1,175,175,6,1,1,1,False
eadea110-4e6a-42c2-983b-57f1b3b99131,2,175,175,5,1,1,1,False
eadea110-4e6a-42c2-983b-57f1b3b99131,3,175,175,5,1,0.5,0.5,False
eadea110-4e6a-42c2-983b-57f1b3b99131,4,175,175,5,0,0,0,False
2bbca39a-47fb-4ce0-9692-220110936497,1,245,245,10,1,1,1,False
2bbca39a-47fb-4ce0-9692-220110936497,2,245,245,8,1,1,1,False
2bbca39a-47fb-4ce0-9692-220110936497,3,245,245,8,1,0.5,0.5,False
2bbca39a-47fb-4ce0-9692-220110936497,4,245,245,9,0,0,0,False
32186fc8-83d7-4a58-86fe-2fe9247f53c4,1,92.5,92.5,15,4,3.5,3.5,False
32186fc8-83d7-4a58-86fe-2fe9247f53c4,2,110,110,10,2,1.5,1.5,False
32186fc8-83d7-4a58-86fe-2fe9247f53c4,3,110,110,10,1,1,1,False
32186fc8-83d7-4a58-86fe-2fe9247f53c4,4,110,110,10,1,0.5,0.5,False
4028e88c-6b32-45e0-843f-8a07ca7b5c5b,1,25,25,12,2,2,2,False
4028e88c-6b32-45e0-843f-8a07ca7b5c5b,2,27.5,27.5,11,2,1.5,1.5,False
4028e88c-6b32-45e0-843f-8a07ca7b5c5b,3,27.5,27.5,11,2,1.5,1.5,False
c2c3e751-cbc0-4180-8045-ccdc2c5a2bc9,1,65,+65,8,2,1.5,1.5,False
c2c3e751-cbc0-4180-8045-ccdc2c5a2bc9,2,0,+0,12,3,2.5,2.5,False
c2c3e751-cbc0-4180-8045-ccdc2c5a2bc9,3,0,+0,10,1,1,1,False
263d6705-dde1-42eb-b131-8c1eb51dda0b,1,127.5,127.5,5,1,0.5,0.5,False
263d6705-dde1-42eb-b131-8c1eb51dda0b,2,125,125,4,0,0,0,False
263d6705-dde1-42eb-b131-8c1eb51dda0b,3,112.5,112.5,6,1,1,1,False
263d6705-dde1-42eb-b131-8c1eb51dda0b,4,112.5,112.5,6,1,1,1,False
263d6705-dde1-42eb-b131-8c1eb51dda0b,5,112.5,112.5,6,1,1,1,False
23fd98f4-6360-4bed-ad56-fbd327aad734,1,62.5,62.5,10,1,0.5,0.5,False
23fd98f4-6360-4bed-ad56-fbd327aad734,2,60,60,9,1,0.5,0.5,False
23fd98f4-6360-4bed-ad56-fbd327aad734,3,60,60,8,1,1,1,False
23fd98f4-6360-4bed-ad56-fbd327aad734,4,60,60,7,1,1,1,False
158fcae6-db89-40c3-a39f-4646f3dbad15,1,160,160,8,1,1,1,False
158fcae6-db89-40c3-a39f-4646f3dbad15,2,160,160,8,1,1,1,False
158fcae6-db89-40c3-a39f-4646f3dbad15,3,160,160,8,1,1,1,False
158fcae6-db89-40c3-a39f-4646f3dbad15,4,160,160,8,1,1,1,False
b2597fde-7107-4828-a554-a2abca4cfc5d,1,85,85,10,1,1,1,False
b2597fde-7107-4828-a554-a2abca4cfc5d,2,85,85,10,1,1,1,False
b2597fde-7107-4828-a554-a2abca4cfc5d,3,85,85,9,1,1,1,False
9bd0db87-ff96-4918-9666-08c480813a37,1,30,30,9,1,0.5,0.5,False
9bd0db87-ff96-4918-9666-08c480813a37,2,25,25,14,1,1,1,False
9bd0db87-ff96-4918-9666-08c480813a37,3,27.5,27.5,10,1,1,1,False
9bd0db87-ff96-4918-9666-08c480813a37,4,27.5,27.5,10,1,1,1,False
6f9691ff-68ed-4510-8370-22d656c9a56f,1,25,25,13,1,1,1,False
6f9691ff-68ed-4510-8370-22d656c9a56f,2,25,25,12,1,1,1,False
6f9691ff-68ed-4510-8370-22d656c9a56f,3,25,25,11,1,1,1,False
6f9691ff-68ed-4510-8370-22d656c9a56f,4,25,25,10,1,1,1,False
6f9691ff-68ed-4510-8370-22d656c9a56f,5,25,25,10,1,1,1,False
43adf23f-08a1-4e50-863a-51593e806151,1,37.5,37.5,13,1,1,1,False
43adf23f-08a1-4e50-863a-51593e806151,2,37.5,37.5,12,1,1,1,False
43adf23f-08a1-4e50-863a-51593e806151,3,37.5,37.5,12,1,1,1,False
43adf23f-08a1-4e50-863a-51593e806151,4,35,35,14,2,1.5,1.5,False
f39c1ffa-54b6-4d80-a599-8aa2685ebc66,1,62.5,62.5,8,2,1.5,1.5,False
f39c1ffa-54b6-4d80-a599-8aa2685ebc66,2,62.5,62.5,7,1,1,1,False
f39c1ffa-54b6-4d80-a599-8aa2685ebc66,3,62.5,62.5,6,1,1,1,False
f39c1ffa-54b6-4d80-a599-8aa2685ebc66,4,60,60,7,1,1,1,False
d8b6cb25-ec43-4a10-aaae-ff416f8c92c5,1,167.5,167.5,8,1,0.5,0.5,False
d8b6cb25-ec43-4a10-aaae-ff416f8c92c5,2,165,165,7,1,0.5,0.5,False
d8b6cb25-ec43-4a10-aaae-ff416f8c92c5,3,165,165,6,1,0.5,0.5,False
0cf4433f-97e6-4edb-9ee6-c5d76dab3fcf,1,322.5,322.5,8,1,1,1,False
0cf4433f-97e6-4edb-9ee6-c5d76dab3fcf,2,322.5,322.5,7,2,1.5,1.5,False
0cf4433f-97e6-4edb-9ee6-c5d76dab3fcf,3,322.5,322.5,7,1,1,1,False
0cf4433f-97e6-4edb-9ee6-c5d76dab3fcf,4,322.5,322.5,7,1,1,1,False
0cf4433f-97e6-4edb-9ee6-c5d76dab3fcf,5,322.5,322.5,6,1,1,1,False
ccdde9f3-f711-40b4-b034-96865e8dcfa1,1,110,110,10,1,1,1,False
ccdde9f3-f711-40b4-b034-96865e8dcfa1,2,110,110,10,1,1,1,False
ccdde9f3-f711-40b4-b034-96865e8dcfa1,3,110,110,9,1,1,1,False
ccdde9f3-f711-40b4-b034-96865e8dcfa1,4,110,110,9,1,1,1,False
ccdde9f3-f711-40b4-b034-96865e8dcfa1,5,110,110,8,2,1.5,1.5,False
b985e0c5-d551-45f4-b9ae-6e80640a5180,1,17.5,17.5,11,1,1,1,False
b985e0c5-d551-45f4-b9ae-6e80640a5180,2,17.5,17.5,10,1,1,1,False
b985e0c5-d551-45f4-b9ae-6e80640a5180,3,17.5,17.5,10,1,1,1,False
b985e0c5-d551-45f4-b9ae-6e80640a5180,4,17.5,17.5,10,1,1,1,False
cede46ec-2822-4a1d-aa32-504f3b42e93a,1,35,35,12,3,3,3,False
cede46ec-2822-4a1d-aa32-504f3b42e93a,2,45,45,9,1,1,1,False
cede46ec-2822-4a1d-aa32-504f3b42e93a,3,45,45,9,1,1,1,False
cede46ec-2822-4a1d-aa32-504f3b42e93a,4,45,45,8,1,1,1,False
3757e5f7-a78c-4d81-9428-ad625f58f8de,1,90,+90,15,1,1,1,False
3757e5f7-a78c-4d81-9428-ad625f58f8de,2,90,+90,15,1,1,1,False
3757e5f7-a78c-4d81-9428-ad625f58f8de,3,90,+90,15,1,1,1,False
0d5c2602-9690-48d9-af59-f421d062f3ab,1,142.5,142.5,7,2,1.5,1.5,False
0d5c2602-9690-48d9-af59-f421d062f3ab,2,142.5,142.5,7,1,0.5,0.5,False
0d5c2602-9690-48d9-af59-f421d062f3ab,3,142.5,142.5,6,1,0.5,0.5,False
ccff1e99-e8ff-48e0-8376-32fb273fe456,1,52.5,52.5,10,1,0.5,0.5,False
ccff1e99-e8ff-48e0-8376-32fb273fe456,2,50,50,11,1,1,1,False
ccff1e99-e8ff-48e0-8376-32fb273fe456,3,47.5,47.5,12,1,1,1,False
7c6d8efa-9892-44b4-8ab9-6120b80e4dc4,1,167.5,167.5,9,1,1,1,False
7c6d8efa-9892-44b4-8ab9-6120b80e4dc4,2,167.5,167.5,8,1,1,1,False
7c6d8efa-9892-44b4-8ab9-6120b80e4dc4,3,157.5,157.5,10,1,0.5,0.5,False
7c6d8efa-9892-44b4-8ab9-6120b80e4dc4,4,157.5,157.5,9,1,1,1,False
0fb9c3b8-bb21-4b9b-a8ca-584be9cf1c48,1,145,145,11,1,1,1,False
0fb9c3b8-bb21-4b9b-a8ca-584be9cf1c48,2,145,145,11,1,1,1,False
0fb9c3b8-bb21-4b9b-a8ca-584be9cf1c48,3,145,145,10,1,1,1,False
0fb9c3b8-bb21-4b9b-a8ca-584be9cf1c48,4,145,145,10,1,1,1,False
73b18c04-c2d2-4c7c-b5cf-bb7c8cb7fb38,1,62.5,62.5,10,1,0.5,0.5,False
73b18c04-c2d2-4c7c-b5cf-bb7c8cb7fb38,2,62.5,62.5,9,1,0.5,0.5,False
73b18c04-c2d2-4c7c-b5cf-bb7c8cb7fb38,3,62.5,62.5,8,1,1,1,False
73b18c04-c2d2-4c7c-b5cf-bb7c8cb7fb38,4,60,60,9,1,1,1,False
73b18c04-c2d2-4c7c-b5cf-bb7c8cb7fb38,5,60,60,9,1,0.5,0.5,False
93adce05-7309-4429-a2c8-a7b1ab9c06c0,1,72.5,72.5,12,1,1,1,False
93adce05-7309-4429-a2c8-a7b1ab9c06c0,2,72.5,72.5,11,1,0.5,0.5,False
93adce05-7309-4429-a2c8-a7b1ab9c06c0,3,72.5,72.5,10,1,1,1,False
93adce05-7309-4429-a2c8-a7b1ab9c06c0,4,70,70,11,1,0.5,0.5,False
0fa7f20e-961a-40cc-bf58-ed1332d342c1,1,30,30,13,1,1,1,False
0fa7f20e-961a-40cc-bf58-ed1332d342c1,2,30,30,13,1,0.5,0.5,False
0fa7f20e-961a-40cc-bf58-ed1332d342c1,3,27.5,27.5,15,1,1,1,False
0fa7f20e-961a-40cc-bf58-ed1332d342c1,4,27.5,27.5,13,1,1,1,False
fedbbfd4-8c6f-42d4-b532-2d58e7b6c481,1,310,310,3,2,1.5,1.5,False
fedbbfd4-8c6f-42d4-b532-2d58e7b6c481,2,302.5,302.5,5,1,1,1,False
fedbbfd4-8c6f-42d4-b532-2d58e7b6c481,3,302.5,302.5,5,1,1,1,False
fedbbfd4-8c6f-42d4-b532-2d58e7b6c481,4,302.5,302.5,4,1,1,1,False
a049e6ae-32e6-4591-94d2-51ab2917f82f,1,172.5,172.5,5,2,1.5,1.5,False
a049e6ae-32e6-4591-94d2-51ab2917f82f,2,172.5,172.5,5,1,1,1,False
a049e6ae-32e6-4591-94d2-51ab2917f82f,3,172.5,172.5,5,1,0.5,0.5,False
a049e6ae-32e6-4591-94d2-51ab2917f82f,4,172.5,172.5,4,1,1,1,False
b8799647-8b43-4c27-8e3f-c438ed5835ab,1,75,+75,12,2,2,2,False
b8799647-8b43-4c27-8e3f-c438ed5835ab,2,75,+75,11,1,1,1,False
b8799647-8b43-4c27-8e3f-c438ed5835ab,3,75,+75,10,1,1,1,False
8a560f18-4924-4fce-897e-14f086dc7833,1,60,+60,10,1,1,1,False
8a560f18-4924-4fce-897e-14f086dc7833,2,60,+60,9,1,1,1,False
8a560f18-4924-4fce-897e-14f086dc7833,3,60,+60,9,1,0.5,0.5,False
8a560f18-4924-4fce-897e-14f086dc7833,4,60,+60,8,1,1,1,False
45dc710c-95fc-4df8-b9e5-7b081ce8e44f,1,0,+0,10,1,1,1,False
45dc710c-95fc-4df8-b9e5-7b081ce8e44f,2,0,+0,10,1,1,1,False
45dc710c-95fc-4df8-b9e5-7b081ce8e44f,3,0,+0,10,1,1,1,False
e12803b4-bf9d-47c2-a8d9-5c742d2e8710,1,125,125,6,1,1,1,False
e12803b4-bf9d-47c2-a8d9-5c742d2e8710,2,125,125,5,1,1,1,False
e12803b4-bf9d-47c2-a8d9-5c742d2e8710,3,125,125,5,1,0.5,0.5,False
e12803b4-bf9d-47c2-a8d9-5c742d2e8710,4,125,125,4,1,1,1,False
b1c7546b-b6aa-40dd-8f6c-ef87dc77d72c,1,62.5,62.5,11,1,1,1,False
b1c7546b-b6aa-40dd-8f6c-ef87dc77d72c,2,62.5,62.5,10,1,1,1,False
b1c7546b-b6aa-40dd-8f6c-ef87dc77d72c,3,62.5,62.5,7,2,1.5,1.5,False
b1c7546b-b6aa-40dd-8f6c-ef87dc77d72c,4,60,60,9,1,1,1,False
8caada1a-b275-449f-bf0f-6fd43323b25e,1,170,170,8,1,0.5,0.5,False
8caada1a-b275-449f-bf0f-6fd43323b25e,2,170,170,7,0,0,0,False
8caada1a-b275-449f-bf0f-6fd43323b25e,3,165,165,8,1,0.5,0.5,False
fb5693cc-4fec-462a-bfe2-422e9b4f8ca7,1,82.5,82.5,12,1,1,1,False
fb5693cc-4fec-462a-bfe2-422e9b4f8ca7,2,82.5,82.5,11,1,1,1,False
fb5693cc-4fec-462a-bfe2-422e9b4f8ca7,3,82.5,82.5,10,1,1,1,False
0d23982a-c06c-40d0-914c-5a45bf22912d,1,30,30,9,1,1,1,False
0d23982a-c06c-40d0-914c-5a45bf22912d,2,30,30,8,1,1,1,False
0d23982a-c06c-40d0-914c-5a45bf22912d,3,30,30,8,1,0.5,0.5,False
0d23982a-c06c-40d0-914c-5a45bf22912d,4,27.5,27.5,11,1,1,1,False
8d0ff8f8-52b7-4b69-9377-e38835522267,1,25,25,10,2,2,2,False
8d0ff8f8-52b7-4b69-9377-e38835522267,2,25,25,10,2,1.5,1.5,False
8d0ff8f8-52b7-4b69-9377-e38835522267,3,25,25,10,1,1,1,False
8d0ff8f8-52b7-4b69-9377-e38835522267,4,22.5,22.5,13,1,1,1,False
8d0ff8f8-52b7-4b69-9377-e38835522267,5,22.5,22.5,12,1,1,1,False
7a69f667-c490-49dc-9c04-007ca51c65d7,1,37.5,37.5,12,1,1,1,False
7a69f667-c490-49dc-9c04-007ca51c65d7,2,37.5,37.5,12,1,1,1,False
7a69f667-c490-49dc-9c04-007ca51c65d7,3,37.5,37.5,12,1,1,1,False
7a69f667-c490-49dc-9c04-007ca51c65d7,4,37.5,37.5,12,1,1,1,False
441b3ee5-915a-48ba-9498-eb54863fe43a,1,0,+0,25,1,1,1,False
441b3ee5-915a-48ba-9498-eb54863fe43a,2,0,+0,25,0,0,0,False
441b3ee5-915a-48ba-9498-eb54863fe43a,3,0,+0,22,0,0,0,False
7ec63e6c-3bdc-4751-a127-4a1ebe0b3605,1,62.5,62.5,8,1,1,1,False
7ec63e6c-3bdc-4751-a127-4a1ebe0b3605,2,62.5,62.5,6,1,0.5,0.5,False
7ec63e6c-3bdc-4751-a127-4a1ebe0b3605,3,57.5,57.5,8,2,2,2,False
7ec63e6c-3bdc-4751-a127-4a1ebe0b3605,4,57.5,57.5,7,1,1,1,False
62d4e371-cbfc-4533-a83b-d6583742722b,1,162.5,162.5,8,2,1.5,1.5,False
62d4e371-cbfc-4533-a83b-d6583742722b,2,162.5,162.5,7,1,1,1,False
62d4e371-cbfc-4533-a83b-d6583742722b,3,162.5,162.5,6,2,2,2,False
51dd8cdc-dfde-43e6-accd-8c2eb7afcf53,1,315,315,7,2,2,2,False
51dd8cdc-dfde-43e6-accd-8c2eb7afcf53,2,315,315,7,2,2,2,False
51dd8cdc-dfde-43e6-accd-8c2eb7afcf53,3,315,315,6,2,2,2,False
51dd8cdc-dfde-43e6-accd-8c2eb7afcf53,4,315,315,6,2,2,2,False
c35b3931-827b-424c-848f-269ec5c4b132,1,105,105,10,2,2,2,False
c35b3931-827b-424c-848f-269ec5c4b132,2,105,105,10,2,2,2,False
c35b3931-827b-424c-848f-269ec5c4b132,3,105,105,9,2,2,2,False
c35b3931-827b-424c-848f-269ec5c4b132,4,105,105,9,2,2,2,False
5b11df67-6429-455e-9def-23d6107a906f,1,16.25,16.25,13,1,1,1,False
5b11df67-6429-455e-9def-23d6107a906f,2,16.25,16.25,12,2,2,2,False
5b11df67-6429-455e-9def-23d6107a906f,3,16.25,16.25,11,2,2,2,False
5b11df67-6429-455e-9def-23d6107a906f,4,16.25,16.25,11,2,2,2,False
776a57c2-6ab3-45c5-a339-0982c597e2b2,1,32.5,32.5,11,2,2,2,False
776a57c2-6ab3-45c5-a339-0982c597e2b2,2,32.5,32.5,10,2,1.5,1.5,False
776a57c2-6ab3-45c5-a339-0982c597e2b2,3,32.5,32.5,9,1,1,1,False
9034ac21-0dde-4503-8221-adab80d40833,1,87.5,+87.5,14,2,2,2,False
9034ac21-0dde-4503-8221-adab80d40833,2,87.5,+87.5,14,2,2,2,False
9034ac21-0dde-4503-8221-adab80d40833,3,87.5,+87.5,13,2,2,2,False
277747bf-ee2c-4316-99b2-a90bcd0116b5,1,137.5,137.5,8,2,2,2,False
277747bf-ee2c-4316-99b2-a90bcd0116b5,2,137.5,137.5,7,2,2,2,False
277747bf-ee2c-4316-99b2-a90bcd0116b5,3,137.5,137.5,6,2,2,2,False
5f9fd5c1-4d37-4baf-868d-dcbd3f5a709f,1,50,50,13,2,2,2,False
5f9fd5c1-4d37-4baf-868d-dcbd3f5a709f,2,50,50,11,1,1,1,False
5f9fd5c1-4d37-4baf-868d-dcbd3f5a709f,3,45,45,12,1,1,1,False
a80ee7bf-63a1-476b-94bf-2141fc012df4,1,157.5,157.5,10,2,2,2,False
a80ee7bf-63a1-476b-94bf-2141fc012df4,2,157.5,157.5,10,2,1.5,1.5,False
a80ee7bf-63a1-476b-94bf-2141fc012df4,3,157.5,157.5,8,2,2,2,False
a80ee7bf-63a1-476b-94bf-2141fc012df4,4,150,150,9,2,2,2,False
1766cd00-2994-4de6-8ec6-b2a2f398c0da,1,132.5,132.5,13,2,2,2,False
1766cd00-2994-4de6-8ec6-b2a2f398c0da,2,132.5,132.5,13,2,2,2,False
1766cd00-2994-4de6-8ec6-b2a2f398c0da,3,132.5,132.5,12,2,2,2,False
1766cd00-2994-4de6-8ec6-b2a2f398c0da,4,132.5,132.5,12,2,2,2,False
38f555ee-c589-43ad-8c27-471bb53d9ea7,1,60,60,10,2,2,2,False
38f555ee-c589-43ad-8c27-471bb53d9ea7,2,60,60,9,2,2,2,False
38f555ee-c589-43ad-8c27-471bb53d9ea7,3,60,60,9,2,1.5,1.5,False
38f555ee-c589-43ad-8c27-471bb53d9ea7,4,60,60,8,2,1.5,1.5,False
7e5e0912-4a84-4c4a-8519-f9842fcbf5d7,1,70,70,12,2,2,2,False
7e5e0912-4a84-4c4a-8519-f9842fcbf5d7,2,70,70,11,2,2,2,False
7e5e0912-4a84-4c4a-8519-f9842fcbf5d7,3,70,70,10,2,1.5,1.5,False
eb8f44ea-3ec8-40f8-af9a-14183ca25a83,1,27.5,27.5,16,2,2,2,False
eb8f44ea-3ec8-40f8-af9a-14183ca25a83,2,27.5,27.5,15,2,2,2,False
eb8f44ea-3ec8-40f8-af9a-14183ca25a83,3,27.5,27.5,13,2,2,2,False
4f7b3066-f9ac-4459-ac2b-024ae16ac71e,1,302.5,302.5,5,2,2,2,False
4f7b3066-f9ac-4459-ac2b-024ae16ac71e,2,302.5,302.5,5,2,1.5,1.5,False
4f7b3066-f9ac-4459-ac2b-024ae16ac71e,3,302.5,302.5,4,2,2,2,False
4f7b3066-f9ac-4459-ac2b-024ae16ac71e,4,282.5,282.5,6,2,2,2,False
dae7a277-17c1-449f-a42f-c24828ae7fdf,1,120,120,10,2,2,2,False
dae7a277-17c1-449f-a42f-c24828ae7fdf,2,120,120,9,2,2,2,False
dae7a277-17c1-449f-a42f-c24828ae7fdf,3,120,120,8,2,2,2,False
dacd9b14-4370-4a7b-99c3-7dd891a3bd3a,1,165,165,6,2,2,2,False
dacd9b14-4370-4a7b-99c3-7dd891a3bd3a,2,165,165,5,2,2,2,False
dacd9b14-4370-4a7b-99c3-7dd891a3bd3a,3,165,165,5,2,2,2,False
dacd9b14-4370-4a7b-99c3-7dd891a3bd3a,4,165,165,4,2,2,2,False
eb13aeba-2961-4353-991e-628d43a779b8,1,57.5,+57.5,9,2,2,2,False
eb13aeba-2961-4353-991e-628d43a779b8,2,57.5,+57.5,8,2,2,2,False
eb13aeba-2961-4353-991e-628d43a779b8,3,52.5,+52.5,10,2,2,2,False
eb13aeba-2961-4353-991e-628d43a779b8,4,52.5,+52.5,9,2,2,2,False
a80ba188-b505-40df-960d-04b123dec065,1,0,+0,12,2,1.5,1.5,False
a80ba188-b505-40df-960d-04b123dec065,2,0,+0,10,2,1.5,1.5,False
a80ba188-b505-40df-960d-04b123dec065,3,0,+0,9,1,1,1,False
86627a32-9785-4fc2-8445-39bb2b161509,1,125,125,6,0,0,0,False
86627a32-9785-4fc2-8445-39bb2b161509,2,117.5,117.5,6,2,2,2,False
86627a32-9785-4fc2-8445-39bb2b161509,3,117.5,117.5,6,2,1.5,1.5,False
86627a32-9785-4fc2-8445-39bb2b161509,4,117.5,117.5,6,2,1.5,1.5,False
13ac22bc-6246-4e2a-aaa0-da4353d0b62d,1,62.5,62.5,10,2,1.5,1.5,False
13ac22bc-6246-4e2a-aaa0-da4353d0b62d,2,62.5,62.5,8,2,1.5,1.5,False
13ac22bc-6246-4e2a-aaa0-da4353d0b62d,3,60,60,9,2,2,2,False
78e71cd9-eb73-45c0-ae55-246039bbd76d,1,162.5,162.5,8,2,2,2,False
78e71cd9-eb73-45c0-ae55-246039bbd76d,2,162.5,162.5,7,2,2,2,False
78e71cd9-eb73-45c0-ae55-246039bbd76d,3,162.5,162.5,7,2,2,2,False
3a71bc5f-2f16-4566-9ace-bab02cef25f4,1,87.5,87.5,8,2,1.5,1.5,False
3a71bc5f-2f16-4566-9ace-bab02cef25f4,2,77.5,77.5,12,2,2,2,False
3a71bc5f-2f16-4566-9ace-bab02cef25f4,3,77.5,77.5,11,2,2,2,False
c82c80cb-2905-4073-a5a7-232d447f6ff9,1,27.5,27.5,11,2,2,2,False
c82c80cb-2905-4073-a5a7-232d447f6ff9,2,27.5,27.5,10,2,2,2,False
c82c80cb-2905-4073-a5a7-232d447f6ff9,3,27.5,27.5,10,2,2,2,False
c82c80cb-2905-4073-a5a7-232d447f6ff9,4,27.5,27.5,9,2,2,2,False
f3ce48e0-42de-42b4-8b95-9ffa199e1096,1,22.5,22.5,13,2,2,2,False
f3ce48e0-42de-42b4-8b95-9ffa199e1096,2,22.5,22.5,12,2,2,2,False
f3ce48e0-42de-42b4-8b95-9ffa199e1096,3,22.5,22.5,11,2,2,2,False
f3ce48e0-42de-42b4-8b95-9ffa199e1096,4,22.5,22.5,11,2,2,2,False
3638970d-19a4-4503-be3f-d0b922ea6ab3,1,35,35,13,2,2,2,False
3638970d-19a4-4503-be3f-d0b922ea6ab3,2,35,35,13,2,2,2,False
3638970d-19a4-4503-be3f-d0b922ea6ab3,3,35,35,13,2,2,2,False
3638970d-19a4-4503-be3f-d0b922ea6ab3,4,35,35,12,2,2,2,False
1be1e15e-9a60-4685-88f7-b557ba089cd0,1,0,+0,24,2,2,2,False
1be1e15e-9a60-4685-88f7-b557ba089cd0,2,0,+0,24,1,1,1,False
1be1e15e-9a60-4685-88f7-b557ba089cd0,3,0,+0,20,0,0,0,False
00f7ef5c-cdad-4db6-b7bb-bdc9ed6a0b78,1,62.5,62.5,7,2,2,2,False
00f7ef5c-cdad-4db6-b7bb-bdc9ed6a0b78,2,62.5,62.5,6,2,2,2,False
00f7ef5c-cdad-4db6-b7bb-bdc9ed6a0b78,3,60,60,7,2,2,2,False
00f7ef5c-cdad-4db6-b7bb-bdc9ed6a0b78,4,60,60,6,2,2,2,False
5a0bfbf9-2555-4772-9eff-fde01ab0e8d8,1,160,160,8,2,2,2,False
5a0bfbf9-2555-4772-9eff-fde01ab0e8d8,2,160,160,7,2,2,2,False
5a0bfbf9-2555-4772-9eff-fde01ab0e8d8,3,160,160,7,2,2,2,False
5acae7d1-84fd-468b-b1e0-4bcd0dd4a38d,1,307.5,307.5,8,2,2,2,False
5acae7d1-84fd-468b-b1e0-4bcd0dd4a38d,2,307.5,307.5,7,2,2,2,False
5acae7d1-84fd-468b-b1e0-4bcd0dd4a38d,3,307.5,307.5,7,2,2,2,False
5acae7d1-84fd-468b-b1e0-4bcd0dd4a38d,4,307.5,307.5,7,2,2,2,False
00c78c6f-f3e1-4058-9643-16beb201dc63,1,102.5,102.5,10,2,2,2,False
00c78c6f-f3e1-4058-9643-16beb201dc63,2,102.5,102.5,10,2,2,2,False
00c78c6f-f3e1-4058-9643-16beb201dc63,3,102.5,102.5,9,2,2,2,False
00c78c6f-f3e1-4058-9643-16beb201dc63,4,102.5,102.5,9,2,2,2,False
24f0a670-e384-4105-92d8-23505a446437,1,15,15,15,2,2,2,False
24f0a670-e384-4105-92d8-23505a446437,2,15,15,15,2,2,2,False
24f0a670-e384-4105-92d8-23505a446437,3,15,15,15,2,2,2,False
27289c0e-d7d1-4428-af03-1788bf703c52,1,30,30,13,3,3,3,False
27289c0e-d7d1-4428-af03-1788bf703c52,2,30,30,12,2,2,2,False
27289c0e-d7d1-4428-af03-1788bf703c52,3,30,30,11,2,2,2,False
3cde1d0b-df8b-43b2-b34b-300d1392a40a,1,85,+85,14,2,2,2,False
3cde1d0b-df8b-43b2-b34b-300d1392a40a,2,85,+85,13,2,2,2,False
3cde1d0b-df8b-43b2-b34b-300d1392a40a,3,85,+85,13,2,2,2,False
7a1cecb8-afec-4894-a535-c8b16b6a30e2,1,140,140,7,2,1.5,1.5,False
7a1cecb8-afec-4894-a535-c8b16b6a30e2,2,140,140,6,2,2,2,False
7a1cecb8-afec-4894-a535-c8b16b6a30e2,3,140,140,5,1,0.5,0.5,False
fc92e640-9e54-4baa-b656-6627119dfc37,1,52.5,52.5,12,1,1,1,False
fc92e640-9e54-4baa-b656-6627119dfc37,2,52.5,52.5,9,1,1,1,False
fc92e640-9e54-4baa-b656-6627119dfc37,3,47.5,47.5,11,2,2,2,False
3170c055-e04e-45e6-9928-fd5423e2b505,1,155,155,11,2,2,2,False
3170c055-e04e-45e6-9928-fd5423e2b505,2,155,155,10,2,2,2,False
3170c055-e04e-45e6-9928-fd5423e2b505,3,155,155,8,1,1,1,False
f812c58e-377d-452d-bf41-705714ee542e,1,132.5,132.5,12,2,2,2,False
f812c58e-377d-452d-bf41-705714ee542e,2,132.5,132.5,12,2,2,2,False
f812c58e-377d-452d-bf41-705714ee542e,3,132.5,132.5,12,2,1.5,1.5,False
09d11f20-6722-48aa-a7d6-1ca1b86c0cfe,1,57.5,57.5,11,2,2,2,False
09d11f20-6722-48aa-a7d6-1ca1b86c0cfe,2,57.5,57.5,10,2,2,2,False
09d11f20-6722-48aa-a7d6-1ca1b86c0cfe,3,57.5,57.5,10,2,2,2,False
09d11f20-6722-48aa-a7d6-1ca1b86c0cfe,4,57.5,57.5,10,2,1.5,1.5,False
214f2be0-e18b-4f8a-b4c0-264b11cfe73e,1,72.5,72.5,10,2,2,2,False
214f2be0-e18b-4f8a-b4c0-264b11cfe73e,2,67.5,67.5,12,2,1.5,1.5,False
214f2be0-e18b-4f8a-b4c0-264b11cfe73e,3,67.5,67.5,11,2,1.5,1.5,False
5f727ea9-7c04-40b9-9ec2-01e2e87ce4dd,1,30,30,10,2,2,2,False
5f727ea9-7c04-40b9-9ec2-01e2e87ce4dd,2,25,25,18,2,2,2,False
5f727ea9-7c04-40b9-9ec2-01e2e87ce4dd,3,25,25,15,3,3,3,False
8c63e699-ac8d-42bb-b632-642b862feea4,1,300,300,6,2,1.5,1.5,False
8c63e699-ac8d-42bb-b632-642b862feea4,2,300,300,5,2,2,2,False
8c63e699-ac8d-42bb-b632-642b862feea4,3,300,300,4,2,2,2,False
431f39ce-52c6-44fe-9752-4dee9a30b1e9,1,130,130,10,2,1.5,1.5,False
431f39ce-52c6-44fe-9752-4dee9a30b1e9,2,130,130,8,2,1.5,1.5,False
431f39ce-52c6-44fe-9752-4dee9a30b1e9,3,130,130,7,2,1.5,1.5,False
49932998-53c8-4ad8-bc8f-6e234bb315a4,1,170,170,4,2,2,2,False
49932998-53c8-4ad8-bc8f-6e234bb315a4,2,157.5,157.5,6,2,2,2,False
49932998-53c8-4ad8-bc8f-6e234bb315a4,3,157.5,157.5,6,2,2,2,False
49932998-53c8-4ad8-bc8f-6e234bb315a4,4,157.5,157.5,6,2,2,2,False
7c5c039e-0fad-49bc-a3a5-9dc9fff90cf7,1,75,+75,12,2,1.5,1.5,False
7c5c039e-0fad-49bc-a3a5-9dc9fff90cf7,2,75,+75,11,2,1.5,1.5,False
7c5c039e-0fad-49bc-a3a5-9dc9fff90cf7,3,75,+75,10,1,1,1,False
5ba00cf0-15f3-48a2-b15d-b5393ce19ac2,1,55,+55,10,2,2,2,False
5ba00cf0-15f3-48a2-b15d-b5393ce19ac2,2,55,+55,9,2,2,2,False
5ba00cf0-15f3-48a2-b15d-b5393ce19ac2,3,55,+55,8,2,2,2,False
6eebead9-f571-48e4-8c51-8f04c21a5a81,1,0,+0,12,2,2,2,False
6eebead9-f571-48e4-8c51-8f04c21a5a81,2,0,+0,11,1,1,1,False
6eebead9-f571-48e4-8c51-8f04c21a5a81,3,0,+0,10,1,1,1,False
cda4bd70-bdee-43b9-9a4c-b88783012d3d,1,122.5,122.5,6,2,2,2,False
cda4bd70-bdee-43b9-9a4c-b88783012d3d,2,122.5,122.5,6,2,1.5,1.5,False
cda4bd70-bdee-43b9-9a4c-b88783012d3d,3,122.5,122.5,5,2,1.5,1.5,False
ba67e73f-2fd3-4085-9d8a-54d0b3f51a7d,1,60,60,11,3,2.5,2.5,False
ba67e73f-2fd3-4085-9d8a-54d0b3f51a7d,2,60,60,10,2,2,2,False
ba67e73f-2fd3-4085-9d8a-54d0b3f51a7d,3,60,60,9,2,2,2,False
1312b4de-6f36-4342-bc23-c7dcee20b7fb,1,160,160,8,2,2,2,False
1312b4de-6f36-4342-bc23-c7dcee20b7fb,2,160,160,7,2,2,2,False
1312b4de-6f36-4342-bc23-c7dcee20b7fb,3,160,160,7,2,2,2,False
f6dc1150-3543-45d6-8348-b5a4fba97c61,1,80,80,11,2,2,2,False
f6dc1150-3543-45d6-8348-b5a4fba97c61,2,80,80,10,2,2,2,False
f6dc1150-3543-45d6-8348-b5a4fba97c61,3,80,80,9,2,2,2,False
a08e2663-c1ea-4e4d-a0d1-9840c71bc562,1,27.5,27.5,10,2,1.5,1.5,False
a08e2663-c1ea-4e4d-a0d1-9840c71bc562,2,27.5,27.5,9,2,2,2,False
a08e2663-c1ea-4e4d-a0d1-9840c71bc562,3,27.5,27.5,9,2,2,2,False
644c3631-98eb-491f-9767-938684734284,1,22.5,22.5,12,2,2,2,False
644c3631-98eb-491f-9767-938684734284,2,22.5,22.5,11,2,2,2,False
644c3631-98eb-491f-9767-938684734284,3,22.5,22.5,10,2,2,2,False
644c3631-98eb-491f-9767-938684734284,4,22.5,22.5,10,2,2,2,False
25f26c52-b5ca-4f19-9b7c-530a5088a88f,1,35,35,12,2,2,2,False
25f26c52-b5ca-4f19-9b7c-530a5088a88f,2,35,35,12,2,2,2,False
25f26c52-b5ca-4f19-9b7c-530a5088a88f,3,35,35,12,2,2,2,False
f34a1fa5-27aa-417b-bdd9-c597e8173a73,1,0,+0,23,2,2,2,False
f34a1fa5-27aa-417b-bdd9-c597e8173a73,2,0,+0,23,2,2,2,False
f34a1fa5-27aa-417b-bdd9-c597e8173a73,3,0,+0,23,1,1,1,False
b0effc53-f20b-43b9-a28c-3803d7edb77e,1,57.5,57.5,8,4,3.5,3.5,False
b0effc53-f20b-43b9-a28c-3803d7edb77e,2,57.5,57.5,8,2,2,2,False
b0effc53-f20b-43b9-a28c-3803d7edb77e,3,57.5,57.5,7,3,3,3,False
123e5843-3527-49ee-b548-0877a84d98ed,1,155,155,8,3,2.5,2.5,False
123e5843-3527-49ee-b548-0877a84d98ed,2,155,155,7,3,3,3,False
9fd4b01b-e0da-4200-be39-417596352d50,1,290,290,8,4,3.5,3.5,False
9fd4b01b-e0da-4200-be39-417596352d50,2,290,290,8,3,3,3,False
9fd4b01b-e0da-4200-be39-417596352d50,3,290,290,8,3,3,3,False
9fd4b01b-e0da-4200-be39-417596352d50,4,290,290,8,3,3,3,False
f2362119-0928-4fe4-9c06-984b32fb5e52,1,97.5,97.5,10,3,3,3,False
f2362119-0928-4fe4-9c06-984b32fb5e52,2,97.5,97.5,10,3,3,3,False
f2362119-0928-4fe4-9c06-984b32fb5e52,3,97.5,97.5,10,3,3,3,False
f2362119-0928-4fe4-9c06-984b32fb5e52,4,97.5,97.5,10,3,3,3,False
9e276546-1f0b-4d86-a94b-dae5ecb5e288,1,15,15,13,3,3,3,False
9e276546-1f0b-4d86-a94b-dae5ecb5e288,2,15,15,13,3,3,3,False
9e276546-1f0b-4d86-a94b-dae5ecb5e288,3,15,15,13,3,3,3,False
31495f93-9218-4bbb-8f22-936f18a8b002,1,32.5,32.5,10,3,3,3,False
31495f93-9218-4bbb-8f22-936f18a8b002,2,30,30,10,3,3,3,False
b62a5866-c055-443d-9c7f-cf57b6fe1e3c,1,75,+75,15,4,4,4,False
b62a5866-c055-443d-9c7f-cf57b6fe1e3c,2,75,+75,15,4,3.5,3.5,False
b62a5866-c055-443d-9c7f-cf57b6fe1e3c,3,75,+75,15,3,3,3,False
e3e11401-80fe-46e5-8f5f-9a33c32018b4,1,135,135,8,3,2.5,2.5,False
e3e11401-80fe-46e5-8f5f-9a33c32018b4,2,135,135,7,3,3,3,False
e3e11401-80fe-46e5-8f5f-9a33c32018b4,3,135,135,6,3,3,3,False
7b5d6f6a-f125-44df-83a5-222261c9bff3,1,50,50,12,3,3,3,False
7b5d6f6a-f125-44df-83a5-222261c9bff3,2,50,50,11,3,2.5,2.5,False
f1a219c2-3d14-48bf-93f7-8c19840a5f85,1,152.5,152.5,10,3,3,3,False
f1a219c2-3d14-48bf-93f7-8c19840a5f85,2,152.5,152.5,9,3,3,3,False
f1a219c2-3d14-48bf-93f7-8c19840a5f85,3,152.5,152.5,8,3,3,3,False
867f3ae4-3e46-466f-b46b-e0311b95a6a5,1,125,125,12,4,3.5,3.5,False
867f3ae4-3e46-466f-b46b-e0311b95a6a5,2,125,125,12,4,3.5,3.5,False
867f3ae4-3e46-466f-b46b-e0311b95a6a5,3,125,125,12,4,3.5,3.5,False
f8885fb1-26fc-4e75-b620-4891866bc519,1,57.5,57.5,9,3,3,3,False
f8885fb1-26fc-4e75-b620-4891866bc519,2,57.5,57.5,9,3,3,3,False
f8885fb1-26fc-4e75-b620-4891866bc519,3,57.5,57.5,9,3,3,3,False
6982d706-5716-4c0b-a624-ab76e4e255eb,1,65,65,13,3,3,3,False
6982d706-5716-4c0b-a624-ab76e4e255eb,2,65,65,12,3,3,3,False
6982d706-5716-4c0b-a624-ab76e4e255eb,3,65,65,11,3,3,3,False
426f652b-77be-47ac-b2cb-307ea36d3870,1,30,30,15,2,1.5,1.5,False
426f652b-77be-47ac-b2cb-307ea36d3870,2,25,25,15,3,3,3,False
426f652b-77be-47ac-b2cb-307ea36d3870,3,25,25,14,2,2,2,False
149535c5-e1c8-48cd-96a3-e2abda35cc42,1,287.5,287.5,6,3,3,3,False
149535c5-e1c8-48cd-96a3-e2abda35cc42,2,287.5,287.5,5,3,3,3,False
149535c5-e1c8-48cd-96a3-e2abda35cc42,3,287.5,287.5,5,2,2,2,False
d424ef79-8d07-4548-88da-48f39c36551f,1,115,115,10,3,3,3,False
d424ef79-8d07-4548-88da-48f39c36551f,2,115,115,10,3,3,3,False
d424ef79-8d07-4548-88da-48f39c36551f,3,115,115,9,3,3,3,False
7f2bd6c9-93b3-4d80-b67a-75ec4237f7a4,1,165,165,6,3,2.5,2.5,False
7f2bd6c9-93b3-4d80-b67a-75ec4237f7a4,2,165,165,6,2,2,2,False
7f2bd6c9-93b3-4d80-b67a-75ec4237f7a4,3,165,165,5,3,2.5,2.5,False
2e397813-a3a2-40a8-88fb-240377f9e346,1,65,+65,12,3,3,3,False
2e397813-a3a2-40a8-88fb-240377f9e346,2,65,+65,11,3,3,3,False
2e397813-a3a2-40a8-88fb-240377f9e346,3,65,+65,10,3,3,3,False
889479c0-da77-472a-9bd0-11d632378183,1,50,+50,10,3,3,3,False
889479c0-da77-472a-9bd0-11d632378183,2,50,+50,9,3,3,3,False
889479c0-da77-472a-9bd0-11d632378183,3,50,+50,8,3,3,3,False
036f668b-e448-485b-bb09-146d63acda5b,1,0,+0,10,3,3,3,False
036f668b-e448-485b-bb09-146d63acda5b,2,0,+0,9,3,3,3,False
850c842b-1d11-4c91-a57c-4f37a460d0c1,1,117.5,117.5,6,3,3,3,False
850c842b-1d11-4c91-a57c-4f37a460d0c1,2,117.5,117.5,6,3,3,3,False
850c842b-1d11-4c91-a57c-4f37a460d0c1,3,117.5,117.5,6,2,2,2,False
4c757922-cad5-4cb7-9752-a0c4e01bff7a,1,62.5,62.5,10,2,1.5,1.5,False
4c757922-cad5-4cb7-9752-a0c4e01bff7a,2,62.5,62.5,8,1,0.5,0.5,False
56aada42-1726-4cac-be35-21e8a71a77d0,1,160,160,8,1,1,1,False
56aada42-1726-4cac-be35-21e8a71a77d0,2,155,155,8,2,2,2,False
56aada42-1726-4cac-be35-21e8a71a77d0,3,155,155,7,3,3,3,False
391af732-72f9-4a14-abb2-f072161e52ab,1,80,80,9,3,3,3,False
391af732-72f9-4a14-abb2-f072161e52ab,2,80,80,8,3,3,3,False
86244879-287e-481a-8fff-789b8f62a813,1,27.5,27.5,9,3,2.5,2.5,False
86244879-287e-481a-8fff-789b8f62a813,2,27.5,27.5,8,3,3,3,False
86244879-287e-481a-8fff-789b8f62a813,3,27.5,27.5,8,2,2,2,False
80e52b22-bdcc-407e-8743-4c7693a8d1d0,1,20,20,14,3,3,3,False
80e52b22-bdcc-407e-8743-4c7693a8d1d0,2,20,20,14,3,3,3,False
80e52b22-bdcc-407e-8743-4c7693a8d1d0,3,20,20,13,3,3,3,False
adb55aa1-ccac-4a58-a2c1-6815417a6779,1,40,40,11,3,3,3,False
adb55aa1-ccac-4a58-a2c1-6815417a6779,2,40,40,10,3,3,3,False
adb55aa1-ccac-4a58-a2c1-6815417a6779,3,37.5,37.5,12,3,3,3,False
de7615d4-7d56-4d11-9c42-bbcb394bb2a8,1,0,+0,22,2,2,2,False
de7615d4-7d56-4d11-9c42-bbcb394bb2a8,2,0,+0,22,2,2,2,False
de7615d4-7d56-4d11-9c42-bbcb394bb2a8,3,0,+0,22,1,1,1,False
fb34745c-41fa-47da-a047-3c31fddba681,1,55,55,8,4,3.5,3.5,False
fb34745c-41fa-47da-a047-3c31fddba681,2,55,55,8,3,3,3,False
8db2c963-c6f5-4236-8160-2945080f614a,1,152.5,152.5,8,3,2.5,2.5,False
8db2c963-c6f5-4236-8160-2945080f614a,2,152.5,152.5,7,3,3,3,False
c3114e7e-b30b-4547-ae41-26702713d6df,1,277.5,277.5,8,4,4,4,False
c3114e7e-b30b-4547-ae41-26702713d6df,2,277.5,277.5,8,4,4,4,False
c3114e7e-b30b-4547-ae41-26702713d6df,3,277.5,277.5,8,4,4,4,False
c1c12b45-e7e1-4388-805b-9ddada38e225,1,95,95,10,3,3,3,False
c1c12b45-e7e1-4388-805b-9ddada38e225,2,95,95,10,3,3,3,False
c1c12b45-e7e1-4388-805b-9ddada38e225,3,95,95,10,3,3,3,False
92bf584c-8562-4073-892c-dbf4abe31e9d,1,15,15,12,3,3,3,False
92bf584c-8562-4073-892c-dbf4abe31e9d,2,15,15,12,3,3,3,False
92bf584c-8562-4073-892c-dbf4abe31e9d,3,15,15,12,3,3,3,False
f73c8889-a612-46a5-9f32-527465ead0b4,1,35,35,10,0,0,0,False
f73c8889-a612-46a5-9f32-527465ead0b4,2,30,30,10,3,2.5,2.5,False
217e9784-5a8b-48da-8f0f-0b26808629d8,1,65,+65,12,6,5+,6,False
217e9784-5a8b-48da-8f0f-0b26808629d8,2,75,+75,15,3,3,3,False
0163c6c7-20cf-4e7a-8dd5-cbc782a1ca3d,1,132.5,132.5,8,3,3,3,False
0163c6c7-20cf-4e7a-8dd5-cbc782a1ca3d,2,132.5,132.5,7,3,3,3,False
c4a3d2df-f84a-4058-b94a-8ca2a5249573,1,50,50,11,3,3,3,False
c4a3d2df-f84a-4058-b94a-8ca2a5249573,2,50,50,10,3,3,3,False
11c41e0d-dab9-40c2-aac5-365a47ce4f5d,1,150,150,10,3,3,3,False
11c41e0d-dab9-40c2-aac5-365a47ce4f5d,2,150,150,9,3,3,3,False
11c41e0d-dab9-40c2-aac5-365a47ce4f5d,3,150,150,8,3,3,3,False
96902379-7735-49e2-83b3-2676fb841954,1,120,120,12,4,3.5,3.5,False
96902379-7735-49e2-83b3-2676fb841954,2,120,120,12,4,3.5,3.5,False
96902379-7735-49e2-83b3-2676fb841954,3,120,120,12,4,3.5,3.5,False
f50c204d-a2f5-48e6-a793-07c63efb0d3d,1,55,55,10,3,3,3,False
f50c204d-a2f5-48e6-a793-07c63efb0d3d,2,55,55,10,3,3,3,False
f50c204d-a2f5-48e6-a793-07c63efb0d3d,3,55,55,9,3,3,3,False
fd28fe11-2f47-48c4-be2a-62d6273361c8,1,67.5,67.5,11,3,2.5,2.5,False
fd28fe11-2f47-48c4-be2a-62d6273361c8,2,67.5,67.5,10,3,2.5,2.5,False
a13c65a4-70b8-4238-9ee5-3de6b1cb9780,1,32.5,32.5,13,2,2,2,False
a13c65a4-70b8-4238-9ee5-3de6b1cb9780,2,30,30,12,2,1.5,1.5,False
dfa49e0e-d0ad-4d91-ac13-955b76b89dc6,1,282.5,282.5,6,3,3,3,False
dfa49e0e-d0ad-4d91-ac13-955b76b89dc6,2,282.5,282.5,5,3,3,3,False
dfa49e0e-d0ad-4d91-ac13-955b76b89dc6,3,282.5,282.5,4,3,3,3,False
6a15bfe2-072f-43f6-9d08-ada8fd849b2f,1,110,110,10,3,3,3,False
6a15bfe2-072f-43f6-9d08-ada8fd849b2f,2,110,110,9,3,3,3,False
c6616dcb-d216-4d0a-9fdf-cd803188dc9b,1,167.5,167.5,5,3,3,3,False
c6616dcb-d216-4d0a-9fdf-cd803188dc9b,2,167.5,167.5,5,2,2,2,False
c6616dcb-d216-4d0a-9fdf-cd803188dc9b,3,167.5,167.5,5,2,2,2,False
183f95f9-a9ed-4452-b8c5-2cf3246ebc25,1,77.5,+77.5,11,2,2,2,False
183f95f9-a9ed-4452-b8c5-2cf3246ebc25,2,77.5,+77.5,9,1,1,1,False
1dd799d0-dfd7-468f-bbd7-e20f7247ed6c,1,47.5,+47.5,10,3,2.5,2.5,False
1dd799d0-dfd7-468f-bbd7-e20f7247ed6c,2,47.5,+47.5,9,3,3,3,False
1dd799d0-dfd7-468f-bbd7-e20f7247ed6c,3,47.5,+47.5,8,3,3,3,False
d49037f1-bb50-4306-b0fb-9e8c783d266d,1,0,+0,9,3,3,3,False
d49037f1-bb50-4306-b0fb-9e8c783d266d,2,0,+0,8,3,3,3,False
064a370c-4f46-4aad-82f5-632d8df5ff85,1,115,115,6,3,3,3,False
064a370c-4f46-4aad-82f5-632d8df5ff85,2,115,115,6,3,3,3,False
064a370c-4f46-4aad-82f5-632d8df5ff85,3,115,115,5,3,3,3,False
8f614d99-2222-4ee0-8ef5-fbffd5994a1e,1,65,65,9,2,1.5,1.5,False
8f614d99-2222-4ee0-8ef5-fbffd5994a1e,2,60,60,10,3,3,3,False
5b6d643f-45b4-4303-a9f8-14c6456c29ec,1,162.5,162.5,8,1,1,1,False
5b6d643f-45b4-4303-a9f8-14c6456c29ec,2,152.5,152.5,9,3,3,3,False
4348f7a3-4039-4798-ae6c-27fff9a42d50,1,75,75,11,3,3,3,False
4348f7a3-4039-4798-ae6c-27fff9a42d50,2,75,75,10,3,3,3,False
cc722029-9708-48f7-acb8-17284822d3d4,1,25,25,12,3,3,3,False
cc722029-9708-48f7-acb8-17284822d3d4,2,25,25,12,3,2.5,2.5,False
cc722029-9708-48f7-acb8-17284822d3d4,3,25,25,11,3,3,3,False
fa0bfac8-1f3d-4649-ab55-46541c712714,1,20,20,12,3,3,3,False
fa0bfac8-1f3d-4649-ab55-46541c712714,2,20,20,12,4,3.5,3.5,False
fa0bfac8-1f3d-4649-ab55-46541c712714,3,20,20,13,3,3,3,False
90bbda0d-e02a-46cf-a3d8-62b0fe8c723f,1,40,40,10,3,3,3,False
90bbda0d-e02a-46cf-a3d8-62b0fe8c723f,2,37.5,37.5,12,3,3,3,False
90bbda0d-e02a-46cf-a3d8-62b0fe8c723f,3,37.5,37.5,11,3,3,3,False
3046b234-8be7-445d-a478-a2a0cf432ea7,1,0,+0,20,3,3,3,False
3046b234-8be7-445d-a478-a2a0cf432ea7,2,0,+0,20,3,3,3,False
3046b234-8be7-445d-a478-a2a0cf432ea7,3,0,+0,20,3,3,3,False
7706c23f-d575-40d8-8152-833b0739e76a,1,57.5,57.5,10,6,5+,6,False
7706c23f-d575-40d8-8152-833b0739e76a,2,57.5,57.5,9,6,5+,6,False
8d77e557-5ee6-453b-a133-63ad3eb020b7,1,70,70,9,6,5+,6,False
8d77e557-5ee6-453b-a133-63ad3eb020b7,2,70,70,9,6,5+,6,False
8283df82-c8a6-486a-94b4-5b3b2497dc43,1,142.5,142.5,9,6,5+,6,False
8283df82-c8a6-486a-94b4-5b3b2497dc43,2,142.5,142.5,8,6,5+,6,False
d8d2f99f-a358-4fa5-871a-0e0549b8a523,1,205,205,10,6,5+,6,False
d8d2f99f-a358-4fa5-871a-0e0549b8a523,2,205,205,10,6,5+,6,False
923c0710-6c31-4d25-a8e4-9df3baaf3f55,1,35,35,12,6,5+,6,False
923c0710-6c31-4d25-a8e4-9df3baaf3f55,2,35,35,11,6,5+,6,False
24bfa991-891f-4c8c-a0dd-5cd931a9c72c,1,102.5,102.5,11,6,5+,6,False
24bfa991-891f-4c8c-a0dd-5cd931a9c72c,2,102.5,102.5,10,6,5+,6,False
1f4b7641-394b-4876-a245-a6ee126d9a93,1,45,+45,16,6,5+,6,False
1f4b7641-394b-4876-a245-a6ee126d9a93,2,45,+45,15,6,5+,6,False
ed16608d-2f65-4e6e-b49b-fbc4cd2f23d8,1,120,120,8,6,5+,6,False
ed16608d-2f65-4e6e-b49b-fbc4cd2f23d8,2,120,120,8,6,5+,6,False
84e4e6d6-680f-42e3-8078-535e2df6bc17,1,44,44,10,4,4,4,False
84e4e6d6-680f-42e3-8078-535e2df6bc17,2,44,44,10,4,4,4,False
f34e7eac-9448-41f3-a4ba-8f21ab4a521c,1,127.5,127.5,11,6,5+,6,False
f34e7eac-9448-41f3-a4ba-8f21ab4a521c,2,127.5,127.5,10,6,5+,6,False
cb5561b2-f0a2-47e5-b21d-c9504999b5d4,1,135,135,11,6,5+,6,False
cb5561b2-f0a2-47e5-b21d-c9504999b5d4,2,135,135,10,6,5+,6,False
855c5c55-b983-4154-a388-e882773949c0,1,30,30,10,6,5+,6,False
855c5c55-b983-4154-a388-e882773949c0,2,30,30,10,6,5+,6,False
9ff148a3-d758-4094-b05d-d45ba2769aaf,1,27.5,27.5,12,6,5+,6,False
9ff148a3-d758-4094-b05d-d45ba2769aaf,2,27.5,27.5,11,6,5+,6,False
213710be-ba90-4413-be76-de2966893551,1,52.5,52.5,13,6,5+,6,False
213710be-ba90-4413-be76-de2966893551,2,52.5,52.5,12,6,5+,6,False
3e57620d-a16e-45ae-86a5-7353438db924,1,255,255,6,6,5+,6,False
3e57620d-a16e-45ae-86a5-7353438db924,2,255,255,6,6,5+,6,False
1b8c8336-8d55-48fb-8b28-e5228b007354,1,197.5,197.5,11,6,5+,6,False
1b8c8336-8d55-48fb-8b28-e5228b007354,2,197.5,197.5,10,6,5+,6,False
75ac1f3b-da52-4845-968b-e689e57305f9,1,115,115,6,6,5+,6,False
75ac1f3b-da52-4845-968b-e689e57305f9,2,115,115,6,6,5+,6,False
cdbf3aad-f443-4fa6-9f97-ef58a33416d2,1,205,205,8,6,5+,6,False
cdbf3aad-f443-4fa6-9f97-ef58a33416d2,2,205,205,8,6,5+,6,False
5f21696a-6b83-491d-b95e-1ec46f810138,1,177.5,177.5,13,6,5+,6,False
5f21696a-6b83-491d-b95e-1ec46f810138,2,177.5,177.5,12,6,5+,6,False
87f0a065-8004-4dd5-b6bb-bf12858a7e20,1,75,75,10,6,5+,6,False
87f0a065-8004-4dd5-b6bb-bf12858a7e20,2,75,75,9,6,5+,6,False
c46c9de6-c170-4460-989a-ae16e4a95ec5,1,0,+0,6,6,5+,6,False
7679e77a-ea03-4774-b6fe-aa6ed09167be,1,105,105,6,6,5+,6,False
7679e77a-ea03-4774-b6fe-aa6ed09167be,2,105,105,6,6,5+,6,False
58fcdd40-a0d3-4dad-a4e6-ea2e96f92b1f,1,57.5,57.5,11,6,5+,6,False
58fcdd40-a0d3-4dad-a4e6-ea2e96f92b1f,2,57.5,57.5,10,6,5+,6,False
893f2829-5abb-4901-b4f7-eeb34f8a8fbe,1,137.5,137.5,9,6,5+,6,False
893f2829-5abb-4901-b4f7-eeb34f8a8fbe,2,137.5,137.5,8,6,5+,6,False
80416493-daab-453e-a02f-90f00fa8abce,1,50,50,11,6,5+,6,False
80416493-daab-453e-a02f-90f00fa8abce,2,50,50,10,6,5+,6,False
aae1df5a-e110-4c2a-ba52-1dbd6341cd3e,1,60,60,10,6,5+,6,False
aae1df5a-e110-4c2a-ba52-1dbd6341cd3e,2,60,60,10,6,5+,6,False
567fc21f-55a2-43cb-a725-30caa0e9929d,1,22.5,22.5,11,6,5+,6,False
567fc21f-55a2-43cb-a725-30caa0e9929d,2,22.5,22.5,10,6,5+,6,False
f529ad50-5c4d-438f-82d3-cafd04774dea,1,47.5,47.5,10,6,5+,6,False
f529ad50-5c4d-438f-82d3-cafd04774dea,2,47.5,47.5,9,6,5+,6,False
64a1769d-bb35-41e2-b373-ddba130cc13f,1,45,45,8,6,5+,6,False
64a1769d-bb35-41e2-b373-ddba130cc13f,2,45,45,8,6,5+,6,False
11cf18bb-022e-42a1-9b07-7f296631dd07,1,70,70,8,1,0.5,0.5,False
11cf18bb-022e-42a1-9b07-7f296631dd07,2,70,70,6,1,0.5,0.5,False
11cf18bb-022e-42a1-9b07-7f296631dd07,3,65,65,8,0,0,0,False
11cf18bb-022e-42a1-9b07-7f296631dd07,4,65,65,8,0,0,0,False
b521cdf7-63bf-4a07-966b-1870a56cfaee,1,77.5,77.5,10,1,0.5,0.5,False
b521cdf7-63bf-4a07-966b-1870a56cfaee,2,77.5,77.5,9,1,1,1,False
b521cdf7-63bf-4a07-966b-1870a56cfaee,3,77.5,77.5,9,0,0,0,False
b521cdf7-63bf-4a07-966b-1870a56cfaee,4,77.5,77.5,9,0,0,0,False
dbc701fd-5d44-4bd6-ba6a-54a4af0b1286,1,165,165,8,1,1,1,False
dbc701fd-5d44-4bd6-ba6a-54a4af0b1286,2,165,165,7,1,1,1,False
dbc701fd-5d44-4bd6-ba6a-54a4af0b1286,3,165,165,6,1,1,1,False
dbc701fd-5d44-4bd6-ba6a-54a4af0b1286,4,165,165,6,1,0.5,0.5,False
dbc701fd-5d44-4bd6-ba6a-54a4af0b1286,5,165,165,6,0,0,0,False
cf1a2494-2bf0-41db-a931-251e7c96ad8a,1,230,230,10,1,1,1,False
cf1a2494-2bf0-41db-a931-251e7c96ad8a,2,230,230,9,1,1,1,False
cf1a2494-2bf0-41db-a931-251e7c96ad8a,3,230,230,9,1,0.5,0.5,False
cf1a2494-2bf0-41db-a931-251e7c96ad8a,4,230,230,9,0,0,0,False
566d813f-26c5-48c6-b468-089e1d2c3c1d,1,40,40,11,1,1,1,False
566d813f-26c5-48c6-b468-089e1d2c3c1d,2,40,40,10,1,1,1,False
566d813f-26c5-48c6-b468-089e1d2c3c1d,3,40,40,10,0,0,0,False
566d813f-26c5-48c6-b468-089e1d2c3c1d,4,37.5,37.5,12,0,0,0,False
ef233f57-3b41-48a4-be08-abd0443aa6cc,1,125,125,9,0,0,0,False
ef233f57-3b41-48a4-be08-abd0443aa6cc,2,125,125,7,1,0.5,0.5,False
ef233f57-3b41-48a4-be08-abd0443aa6cc,3,115,115,9,1,0.5,0.5,False
ef233f57-3b41-48a4-be08-abd0443aa6cc,4,115,115,8,1,0.5,0.5,False
bf9621f2-0e4b-4527-a87b-eb3890a6b37e,1,52.5,+52.5,15,2,2,2,False
bf9621f2-0e4b-4527-a87b-eb3890a6b37e,2,52.5,+52.5,13,2,2,2,False
bf9621f2-0e4b-4527-a87b-eb3890a6b37e,3,52.5,+52.5,13,1,1,1,False
bf9621f2-0e4b-4527-a87b-eb3890a6b37e,4,52.5,+52.5,14,0,0,0,False
5e7dc106-74c5-47cb-87fb-9e9139390d44,1,140,140,8,0,0,0,False
5e7dc106-74c5-47cb-87fb-9e9139390d44,2,140,140,7,0,0,0,False
5e7dc106-74c5-47cb-87fb-9e9139390d44,3,140,140,6,0,0,0,False
5e7dc106-74c5-47cb-87fb-9e9139390d44,4,135,135,7,0,0,0,False
3f1e866a-57df-4e5d-b4d9-7680f68db7a0,1,45,45,14,1,1,1,False
3f1e866a-57df-4e5d-b4d9-7680f68db7a0,2,45,45,13,0,0,0,False
3f1e866a-57df-4e5d-b4d9-7680f68db7a0,3,45,45,11,1,0.5,0.5,False
3f1e866a-57df-4e5d-b4d9-7680f68db7a0,4,45,45,10,0,0,0,False
69a1692f-f774-4cfb-9e49-07aa0b09d3d8,1,145,145,10,1,1,1,False
69a1692f-f774-4cfb-9e49-07aa0b09d3d8,2,145,145,9,1,1,1,False
69a1692f-f774-4cfb-9e49-07aa0b09d3d8,3,145,145,9,1,1,1,False
69a1692f-f774-4cfb-9e49-07aa0b09d3d8,4,145,145,9,0,0,0,False
69a1692f-f774-4cfb-9e49-07aa0b09d3d8,5,145,145,9,0,0,0,False
f337488e-327f-46e6-a944-4f68a769ca43,1,160,160,10,0,0,0,False
f337488e-327f-46e6-a944-4f68a769ca43,2,160,160,8,1,0.5,0.5,False
f337488e-327f-46e6-a944-4f68a769ca43,3,160,160,7,1,0.5,0.5,False
f337488e-327f-46e6-a944-4f68a769ca43,4,152.5,152.5,9,0,0,0,False
336f4288-727e-4c93-8442-a79a598024d6,1,35,35,9,1,1,1,False
336f4288-727e-4c93-8442-a79a598024d6,2,35,35,9,0,0,0,False
336f4288-727e-4c93-8442-a79a598024d6,3,35,35,8,0,0,0,False
336f4288-727e-4c93-8442-a79a598024d6,4,35,35,7,1,0.5,0.5,False
336f4288-727e-4c93-8442-a79a598024d6,5,32.5,32.5,9,0,0,0,False
da8f7eb5-08bb-4158-82e6-bc49f49e5bd0,1,30,30,13,1,0.5,0.5,False
da8f7eb5-08bb-4158-82e6-bc49f49e5bd0,2,30,30,12,1,0.5,0.5,False
da8f7eb5-08bb-4158-82e6-bc49f49e5bd0,3,30,30,12,0,0,0,False
da8f7eb5-08bb-4158-82e6-bc49f49e5bd0,4,30,30,12,0,0,0,False
3953f747-4178-478b-bd85-152c0ee55339,1,60,60,12,1,1,1,False
3953f747-4178-478b-bd85-152c0ee55339,2,60,60,12,0,0,0,False
3953f747-4178-478b-bd85-152c0ee55339,3,60,60,10,0,0,0,False
3953f747-4178-478b-bd85-152c0ee55339,4,60,60,10,0,0,0,False
cbff612e-4ce4-40cb-8dde-cfb2198edea4,1,295,295,6,1,1,1,False
cbff612e-4ce4-40cb-8dde-cfb2198edea4,2,295,295,6,0,0,0,False
cbff612e-4ce4-40cb-8dde-cfb2198edea4,3,295,295,5,0,0,0,False
cbff612e-4ce4-40cb-8dde-cfb2198edea4,4,295,295,5,0,0,0,False
cbff612e-4ce4-40cb-8dde-cfb2198edea4,5,295,295,4,1,0.5,0.5,False
bcec46d6-c8de-4155-84d4-e9306ea2a8ff,1,242.5,242.5,10,1,0.5,0.5,False
bcec46d6-c8de-4155-84d4-e9306ea2a8ff,2,242.5,242.5,9,1,1,1,False
bcec46d6-c8de-4155-84d4-e9306ea2a8ff,3,242.5,242.5,9,0,0,0,False
bcec46d6-c8de-4155-84d4-e9306ea2a8ff,4,242.5,242.5,9,0,0,0,False
e165c763-d68d-4e6e-869c-d3bb20aae527,1,127.5,127.5,7,1,1,1,False
e165c763-d68d-4e6e-869c-d3bb20aae527,2,127.5,127.5,6,1,1,1,False
e165c763-d68d-4e6e-869c-d3bb20aae527,3,127.5,127.5,6,1,0.5,0.5,False
e165c763-d68d-4e6e-869c-d3bb20aae527,4,127.5,127.5,6,1,0.5,0.5,False
e165c763-d68d-4e6e-869c-d3bb20aae527,5,127.5,127.5,6,0,0,0,False
bbdefb8d-aa7d-4cd1-8ed1-6f7195800577,1,235,235,8,1,1,1,False
bbdefb8d-aa7d-4cd1-8ed1-6f7195800577,2,235,235,7,1,1,1,False
bbdefb8d-aa7d-4cd1-8ed1-6f7195800577,3,235,235,7,0,0,0,False
bbdefb8d-aa7d-4cd1-8ed1-6f7195800577,4,235,235,7,0,0,0,False
bbdefb8d-aa7d-4cd1-8ed1-6f7195800577,5,235,235,6,0,0,0,False
2a2b535c-0ae3-48e8-83aa-c01f3a093866,1,222.5,222.5,12,1,1,1,False
2a2b535c-0ae3-48e8-83aa-c01f3a093866,2,222.5,222.5,12,0,0,0,False
2a2b535c-0ae3-48e8-83aa-c01f3a093866,3,222.5,222.5,11,1,0.5,0.5,False
2a2b535c-0ae3-48e8-83aa-c01f3a093866,4,222.5,222.5,10,0,0,0,False
42fd012d-1f02-4e66-91ad-225d9457bbc0,1,82.5,82.5,11,1,1,1,False
42fd012d-1f02-4e66-91ad-225d9457bbc0,2,82.5,82.5,10,1,1,1,False
42fd012d-1f02-4e66-91ad-225d9457bbc0,3,82.5,82.5,10,0,0,0,False
42fd012d-1f02-4e66-91ad-225d9457bbc0,4,82.5,82.5,8,0,0,0,False
473ef55a-6e1f-47c0-8fd3-01fb1c672f1c,1,125,125,6,0,0,0,False
473ef55a-6e1f-47c0-8fd3-01fb1c672f1c,2,125,125,4,1,0.5,0.5,False
473ef55a-6e1f-47c0-8fd3-01fb1c672f1c,3,125,125,4,0,0,0,False
473ef55a-6e1f-47c0-8fd3-01fb1c672f1c,4,117.5,117.5,6,0,0,0,False
473ef55a-6e1f-47c0-8fd3-01fb1c672f1c,5,117.5,117.5,5,1,0.5,0.5,False
bef6237c-c25b-45da-a8e0-238122b69243,1,70,70,9,0,0,0,False
bef6237c-c25b-45da-a8e0-238122b69243,2,70,70,7,1,0.5,0.5,False
bef6237c-c25b-45da-a8e0-238122b69243,3,65,65,10,0,0,0,False
bef6237c-c25b-45da-a8e0-238122b69243,4,65,65,8,1,0.5,0.5,False
253abe98-39e7-42d8-8d54-0d2641836fff,1,162.5,162.5,7,1,0.5,0.5,False
253abe98-39e7-42d8-8d54-0d2641836fff,2,162.5,162.5,6,1,0.5,0.5,False
253abe98-39e7-42d8-8d54-0d2641836fff,3,162.5,162.5,6,0,0,0,False
253abe98-39e7-42d8-8d54-0d2641836fff,4,162.5,162.5,6,0,0,0,False
11ab592a-db59-4b3a-afff-5a0dede7cae7,1,55,55,11,1,1,1,False
11ab592a-db59-4b3a-afff-5a0dede7cae7,2,55,55,11,0,0,0,False
11ab592a-db59-4b3a-afff-5a0dede7cae7,3,55,55,11,0,0,0,False
11ab592a-db59-4b3a-afff-5a0dede7cae7,4,55,55,10,0,0,0,False
0e26f05f-fa69-43eb-9219-adcbfd7d1dd6,1,72.5,72.5,9,1,1,1,False
0e26f05f-fa69-43eb-9219-adcbfd7d1dd6,2,72.5,72.5,8,1,0.5,0.5,False
0e26f05f-fa69-43eb-9219-adcbfd7d1dd6,3,72.5,72.5,7,1,0.5,0.5,False
0e26f05f-fa69-43eb-9219-adcbfd7d1dd6,4,65,65,9,0,0,0,False
0e26f05f-fa69-43eb-9219-adcbfd7d1dd6,5,65,65,7,1,0.5,0.5,False
b77ca9a0-0847-454b-ac3d-d05387392576,1,23,23,15,1,1,1,False
b77ca9a0-0847-454b-ac3d-d05387392576,2,23,23,14,1,1,1,False
b77ca9a0-0847-454b-ac3d-d05387392576,3,22.5,22.5,15,0,0,0,False
b77ca9a0-0847-454b-ac3d-d05387392576,4,22.5,22.5,14,0,0,0,False
6961fbe3-4312-4cb5-b01d-77da8fe46d01,1,52.5,52.5,10,1,1,1,False
6961fbe3-4312-4cb5-b01d-77da8fe46d01,2,52.5,52.5,10,1,0.5,0.5,False
6961fbe3-4312-4cb5-b01d-77da8fe46d01,3,52.5,52.5,9,1,1,1,False
6961fbe3-4312-4cb5-b01d-77da8fe46d01,4,52.5,52.5,9,0,0,0,False
6961fbe3-4312-4cb5-b01d-77da8fe46d01,5,52.5,52.5,9,0,0,0,False
cf7d1d4b-86bc-4c2d-a41f-38f2e3c049b6,1,50,50,10,1,0.5,0.5,False
cf7d1d4b-86bc-4c2d-a41f-38f2e3c049b6,2,50,50,10,0,0,0,False
cf7d1d4b-86bc-4c2d-a41f-38f2e3c049b6,3,50,50,9,0,0,0,False
cf7d1d4b-86bc-4c2d-a41f-38f2e3c049b6,4,47.5,47.5,9,0,0,0,False
cf7d1d4b-86bc-4c2d-a41f-38f2e3c049b6,5,47.5,47.5,8,1,0.5,0.5,False
8c3c4e03-0999-4dbe-b88b-c2dce73a3674,1,70,70,6,0,0,0,False
8c3c4e03-0999-4dbe-b88b-c2dce73a3674,2,67.5,67.5,7,0,0,0,False
8c3c4e03-0999-4dbe-b88b-c2dce73a3674,3,65,65,7,0,0,0,False
51b02b61-228d-4b37-a23b-97e75e92ec59,1,75,75,10,1,1,1,False
51b02b61-228d-4b37-a23b-97e75e92ec59,2,75,75,10,1,1,1,False
51b02b61-228d-4b37-a23b-97e75e92ec59,3,75,75,10,0,0,0,False
51b02b61-228d-4b37-a23b-97e75e92ec59,4,75,75,9,1,0.5,0.5,False
537e9732-90fa-4fff-bd0f-f63971d426c0,1,162.5,162.5,8,1,1,1,False
537e9732-90fa-4fff-bd0f-f63971d426c0,2,162.5,162.5,7,1,1,1,False
537e9732-90fa-4fff-bd0f-f63971d426c0,3,162.5,162.5,7,1,0.5,0.5,False
537e9732-90fa-4fff-bd0f-f63971d426c0,4,162.5,162.5,7,0,0,0,False
537e9732-90fa-4fff-bd0f-f63971d426c0,5,162.5,162.5,6,1,0.5,0.5,False
6dd162c4-98bf-403e-8028-5d9073c0d459,1,225,225,10,1,1,1,False
6dd162c4-98bf-403e-8028-5d9073c0d459,2,225,225,10,0,0,0,False
6dd162c4-98bf-403e-8028-5d9073c0d459,3,225,225,10,0,0,0,False
6dd162c4-98bf-403e-8028-5d9073c0d459,4,225,225,9,1,0.5,0.5,False
6dd162c4-98bf-403e-8028-5d9073c0d459,5,225,225,8,1,0.5,0.5,False
f667a3d5-16d0-4dbc-af0a-102e029f59d7,1,40,40,10,1,1,1,False
f667a3d5-16d0-4dbc-af0a-102e029f59d7,2,37.5,37.5,12,1,1,1,False
f667a3d5-16d0-4dbc-af0a-102e029f59d7,3,37.5,37.5,12,0,0,0,False
f667a3d5-16d0-4dbc-af0a-102e029f59d7,4,37.5,37.5,11,0,0,0,False
1c45047b-5a31-433c-bea3-a9fdd9525cb7,1,122.5,122.5,10,0,0,0,False
1c45047b-5a31-433c-bea3-a9fdd9525cb7,2,122.5,122.5,8,0,0,0,False
1c45047b-5a31-433c-bea3-a9fdd9525cb7,3,115,115,8,1,0.5,0.5,False
366866b8-9437-4ba5-be64-0ee898dc1467,1,45,+45,14,3,3,3,False
366866b8-9437-4ba5-be64-0ee898dc1467,2,45,+45,15,3,3,3,False
366866b8-9437-4ba5-be64-0ee898dc1467,3,45,+45,15,2,2,2,False
366866b8-9437-4ba5-be64-0ee898dc1467,4,45,+45,15,1,1,1,False
af609dff-3cf4-4caa-9765-3c8222ead7da,1,140,140,8,0,0,0,False
af609dff-3cf4-4caa-9765-3c8222ead7da,2,140,140,7,0,0,0,False
af609dff-3cf4-4caa-9765-3c8222ead7da,3,140,140,5,1,0.5,0.5,False
af609dff-3cf4-4caa-9765-3c8222ead7da,4,132.5,132.5,7,0,0,0,False
44f6df3a-68b6-4651-be11-ea81594fb05f,1,47.5,47.5,12,0,0,0,False
44f6df3a-68b6-4651-be11-ea81594fb05f,2,47.5,47.5,10,0,0,0,False
44f6df3a-68b6-4651-be11-ea81594fb05f,3,45,45,10,0,0,0,False
6909cf4a-ac42-44bd-9a37-d292d1bec4ba,1,140,140,11,1,0.5,0.5,False
6909cf4a-ac42-44bd-9a37-d292d1bec4ba,2,140,140,10,1,1,1,False
6909cf4a-ac42-44bd-9a37-d292d1bec4ba,3,140,140,10,1,0.5,0.5,False
6909cf4a-ac42-44bd-9a37-d292d1bec4ba,4,140,140,10,0,0,0,False
740cbfad-de53-4f30-99dd-bbd0c5ed7dd2,1,155,155,11,0,0,0,False
740cbfad-de53-4f30-99dd-bbd0c5ed7dd2,2,155,155,9,1,0.5,0.5,False
740cbfad-de53-4f30-99dd-bbd0c5ed7dd2,3,155,155,8,1,0.5,0.5,False
740cbfad-de53-4f30-99dd-bbd0c5ed7dd2,4,155,155,8,0,0,0,False
a23e245c-4d93-4038-9714-6ba819330884,1,32.5,32.5,11,1,1,1,False
a23e245c-4d93-4038-9714-6ba819330884,2,32.5,32.5,11,0,0,0,False
a23e245c-4d93-4038-9714-6ba819330884,3,32.5,32.5,10,0,0,0,False
a23e245c-4d93-4038-9714-6ba819330884,4,32.5,32.5,10,0,0,0,False
c6c4443e-81da-4798-8f84-bc6907207615,1,32.5,32.5,10,1,0.5,0.5,False
c6c4443e-81da-4798-8f84-bc6907207615,2,30,30,12,1,0.5,0.5,False
c6c4443e-81da-4798-8f84-bc6907207615,3,30,30,12,0,0,0,False
c6c4443e-81da-4798-8f84-bc6907207615,4,30,30,12,0,0,0,False
36248492-8539-4a12-9b03-c52e911eb40c,1,65,65,9,0,0,0,False
36248492-8539-4a12-9b03-c52e911eb40c,2,60,60,12,0,0,0,False
36248492-8539-4a12-9b03-c52e911eb40c,3,60,60,12,0,0,0,False
36248492-8539-4a12-9b03-c52e911eb40c,4,60,60,10,0,0,0,False
1d78befa-1035-43e1-88a8-62a1befcd49c,1,295,295,6,1,1,1,False
1d78befa-1035-43e1-88a8-62a1befcd49c,2,295,295,6,0,0,0,False
1d78befa-1035-43e1-88a8-62a1befcd49c,3,295,295,4,1,0.5,0.5,False
1d78befa-1035-43e1-88a8-62a1befcd49c,4,295,295,4,1,0.5,0.5,False
a79b139d-f30a-4edb-8041-9bb2dbe2061b,1,237.5,237.5,10,1,1,1,False
a79b139d-f30a-4edb-8041-9bb2dbe2061b,2,237.5,237.5,9,1,1,1,False
a79b139d-f30a-4edb-8041-9bb2dbe2061b,3,237.5,237.5,9,0,0,0,False
a79b139d-f30a-4edb-8041-9bb2dbe2061b,4,237.5,237.5,8,1,0.5,0.5,False
15c5dfa2-782c-49be-9b94-5cbf37b3e5b5,1,132.5,132.5,5,1,0.5,0.5,False
15c5dfa2-782c-49be-9b94-5cbf37b3e5b5,2,132.5,132.5,4,1,1,1,False
15c5dfa2-782c-49be-9b94-5cbf37b3e5b5,3,132.5,132.5,5,1,0.5,0.5,False
15c5dfa2-782c-49be-9b94-5cbf37b3e5b5,4,132.5,132.5,5,1,0.5,0.5,False
c2be8aed-94ff-4e2b-a7d3-9afbc371f0a0,1,232.5,232.5,8,1,1,1,False
c2be8aed-94ff-4e2b-a7d3-9afbc371f0a0,2,232.5,232.5,7,1,1,1,False
c2be8aed-94ff-4e2b-a7d3-9afbc371f0a0,3,232.5,232.5,7,1,0.5,0.5,False
c2be8aed-94ff-4e2b-a7d3-9afbc371f0a0,4,232.5,232.5,7,0,0,0,False
c2be8aed-94ff-4e2b-a7d3-9afbc371f0a0,5,232.5,232.5,6,0,0,0,False
6035c537-a5a9-4bd3-b338-27a115a0ac1b,1,215,215,12,1,1,1,False
6035c537-a5a9-4bd3-b338-27a115a0ac1b,2,215,215,11,1,1,1,False
6035c537-a5a9-4bd3-b338-27a115a0ac1b,3,215,215,12,0,0,0,False
6035c537-a5a9-4bd3-b338-27a115a0ac1b,4,215,215,11,0,0,0,False
f5d4da1a-35a9-4ea9-b01e-3b0bfb28bbbe,1,80,80,12,1,1,1,False
f5d4da1a-35a9-4ea9-b01e-3b0bfb28bbbe,2,80,80,10,1,1,1,False
f5d4da1a-35a9-4ea9-b01e-3b0bfb28bbbe,3,80,80,9,1,1,1,False
8b52240d-0b8a-43d7-ba3f-4238ea97c414,1,125,125,6,0,0,0,False
8b52240d-0b8a-43d7-ba3f-4238ea97c414,2,120,120,6,1,0.5,0.5,False
8b52240d-0b8a-43d7-ba3f-4238ea97c414,3,120,120,6,0,0,0,False
8b52240d-0b8a-43d7-ba3f-4238ea97c414,4,115,115,6,0,0,0,False
5aad7ea9-d4ce-4739-946c-dcee75fa3c0a,1,70,70,9,0,0,0,False
5aad7ea9-d4ce-4739-946c-dcee75fa3c0a,2,70,70,7,0,0,0,False
5aad7ea9-d4ce-4739-946c-dcee75fa3c0a,3,62.5,62.5,11,0,0,0,False
5aad7ea9-d4ce-4739-946c-dcee75fa3c0a,4,62.5,62.5,9,1,0.5,0.5,False
3240a2cd-3d81-442f-99e4-f07a98e166e2,1,157.5,157.5,8,1,0.5,0.5,False
3240a2cd-3d81-442f-99e4-f07a98e166e2,2,157.5,157.5,7,1,0.5,0.5,False
3240a2cd-3d81-442f-99e4-f07a98e166e2,3,157.5,157.5,6,1,1,1,False
3240a2cd-3d81-442f-99e4-f07a98e166e2,4,157.5,157.5,7,0,0,0,False
2e8eac93-d5a6-449f-83ee-2b2674eed2cd,1,52.5,52.5,12,1,1,1,False
2e8eac93-d5a6-449f-83ee-2b2674eed2cd,2,52.5,52.5,11,1,1,1,False
2e8eac93-d5a6-449f-83ee-2b2674eed2cd,3,52.5,52.5,12,0,0,0,False
1a16c806-c278-4faf-b9b8-4e95392cdda4,1,72.5,72.5,9,1,1,1,False
1a16c806-c278-4faf-b9b8-4e95392cdda4,2,72.5,72.5,8,0,0,0,False
1a16c806-c278-4faf-b9b8-4e95392cdda4,3,72.5,72.5,7,1,0.5,0.5,False
1a16c806-c278-4faf-b9b8-4e95392cdda4,4,67.5,67.5,10,0,0,0,False
927c8668-0ca1-4772-ae1c-d5e67bcb277b,1,23,23,13,1,1,1,False
927c8668-0ca1-4772-ae1c-d5e67bcb277b,2,23,23,13,1,1,1,False
927c8668-0ca1-4772-ae1c-d5e67bcb277b,3,23,23,13,0,0,0,False
927c8668-0ca1-4772-ae1c-d5e67bcb277b,4,23,23,12,0,0,0,False
421c6b4b-44a6-4135-9cf3-2ad2813bb499,1,51.25,51.25,10,1,1,1,False
421c6b4b-44a6-4135-9cf3-2ad2813bb499,2,51.25,51.25,10,1,1,1,False
421c6b4b-44a6-4135-9cf3-2ad2813bb499,3,51.25,51.25,10,0,0,0,False
421c6b4b-44a6-4135-9cf3-2ad2813bb499,4,51.25,51.25,11,0,0,0,False
c020e697-1f46-4dbd-b135-357c826453f7,1,47.5,47.5,10,2,2,2,False
c020e697-1f46-4dbd-b135-357c826453f7,2,47.5,47.5,10,1,1,1,False
c020e697-1f46-4dbd-b135-357c826453f7,3,47.5,47.5,10,1,1,1,False
c020e697-1f46-4dbd-b135-357c826453f7,4,47.5,47.5,11,0,0,0,False
a8abc9e2-75da-4756-8661-e766bb5d78f6,1,67.5,67.5,10,0,0,0,False
a8abc9e2-75da-4756-8661-e766bb5d78f6,2,67.5,67.5,7,1,0.5,0.5,False
a8abc9e2-75da-4756-8661-e766bb5d78f6,3,67.5,67.5,6,0,0,0,False
51ee82d5-0bb5-4cac-a95b-f0b081fa10f1,1,80,80,8,1,0.5,0.5,False
51ee82d5-0bb5-4cac-a95b-f0b081fa10f1,2,80,80,7,1,1,1,False
51ee82d5-0bb5-4cac-a95b-f0b081fa10f1,3,80,80,7,0,0,0,False
700ea285-2379-4622-a134-d2308f65db10,1,160,160,8,1,1,1,False
700ea285-2379-4622-a134-d2308f65db10,2,160,160,7,1,1,1,False
700ea285-2379-4622-a134-d2308f65db10,3,160,160,7,0,0,0,False
700ea285-2379-4622-a134-d2308f65db10,4,160,160,7,0,0,0,False
58b39ea8-56ea-45ed-ace3-2870f972f1e1,1,225,225,10,1,1,1,False
58b39ea8-56ea-45ed-ace3-2870f972f1e1,2,225,225,10,0,0,0,False
58b39ea8-56ea-45ed-ace3-2870f972f1e1,3,225,225,10,0,0,0,False
58b39ea8-56ea-45ed-ace3-2870f972f1e1,4,225,225,9,0,0,0,False
af35b4c0-4b20-4b18-9d05-08d638fb241d,1,37.5,37.5,12,1,1,1,False
af35b4c0-4b20-4b18-9d05-08d638fb241d,2,37.5,37.5,11,1,0.5,0.5,False
af35b4c0-4b20-4b18-9d05-08d638fb241d,3,37.5,37.5,11,0,0,0,False
b91e8c81-9f55-43f5-b1d8-79914def6222,1,120,120,10,1,0.5,0.5,False
b91e8c81-9f55-43f5-b1d8-79914def6222,2,120,120,9,0,0,0,False
b91e8c81-9f55-43f5-b1d8-79914def6222,3,120,120,7,1,0.5,0.5,False
5756afc9-7fef-4090-9f6e-2a5eb2338bb7,1,37.5,+37.5,15,4,4,4,False
5756afc9-7fef-4090-9f6e-2a5eb2338bb7,2,37.5,+37.5,16,3,3,3,False
5756afc9-7fef-4090-9f6e-2a5eb2338bb7,3,37.5,+37.5,16,2,2,2,False
5756afc9-7fef-4090-9f6e-2a5eb2338bb7,4,37.5,+37.5,16,0,0,0,False
0ca15161-1ce0-41fe-b417-829992ffc5ae,1,147.5,147.5,5,0,0,0,False
0ca15161-1ce0-41fe-b417-829992ffc5ae,2,137.5,137.5,6,0,0,0,False
0ca15161-1ce0-41fe-b417-829992ffc5ae,3,135,135,7,0,0,0,False
0ca15161-1ce0-41fe-b417-829992ffc5ae,4,135,135,6,1,0.5,0.5,False
7ecc69a1-024a-46b5-b6c1-11718309aba4,1,45,45,13,1,1,1,False
7ecc69a1-024a-46b5-b6c1-11718309aba4,2,45,45,10,1,1,1,False
7ecc69a1-024a-46b5-b6c1-11718309aba4,3,45,45,11,0,0,0,False
b80f148a-c774-494a-82ce-0120c8a96883,1,142.5,142.5,10,1,0.5,0.5,False
b80f148a-c774-494a-82ce-0120c8a96883,2,142.5,142.5,9,1,1,1,False
b80f148a-c774-494a-82ce-0120c8a96883,3,142.5,142.5,9,0,0,0,False
b80f148a-c774-494a-82ce-0120c8a96883,4,142.5,142.5,8,1,0.5,0.5,False
cfa93057-398e-47c3-ba64-8825f1ed4ca3,1,162.5,162.5,9,1,0.5,0.5,False
cfa93057-398e-47c3-ba64-8825f1ed4ca3,2,162.5,162.5,8,0,0,0,False
cfa93057-398e-47c3-ba64-8825f1ed4ca3,3,162.5,162.5,8,0,0,0,False
5fbc897c-d73a-4493-9e66-c8bd8407b968,1,32.5,32.5,11,1,1,1,False
5fbc897c-d73a-4493-9e66-c8bd8407b968,2,32.5,32.5,10,1,0.5,0.5,False
5fbc897c-d73a-4493-9e66-c8bd8407b968,3,32.5,32.5,9,1,1,1,False
5fbc897c-d73a-4493-9e66-c8bd8407b968,4,32.5,32.5,9,0,0,0,False
4cf90efc-0ea0-4155-8435-5b66df4ba897,1,30,30,13,1,0.5,0.5,False
4cf90efc-0ea0-4155-8435-5b66df4ba897,2,30,30,12,1,0.5,0.5,False
4cf90efc-0ea0-4155-8435-5b66df4ba897,3,30,30,12,0,0,0,False
b9df4514-4014-4971-ac64-eac474d50524,1,62.5,62.5,11,1,1,1,False
b9df4514-4014-4971-ac64-eac474d50524,2,62.5,62.5,11,0,0,0,False
b9df4514-4014-4971-ac64-eac474d50524,3,62.5,62.5,10,0,0,0,False
0b8f438a-4c79-4c07-ba64-9cc464b63d50,1,290,290,6,2,1.5,1.5,False
0b8f438a-4c79-4c07-ba64-9cc464b63d50,2,290,290,6,1,0.5,0.5,False
0b8f438a-4c79-4c07-ba64-9cc464b63d50,3,290,290,5,0,0,0,False
0f9a0cbc-8697-479e-a6c6-7c232efc56f1,1,227.5,227.5,10,2,2,2,False
0f9a0cbc-8697-479e-a6c6-7c232efc56f1,2,227.5,227.5,9,2,2,2,False
0f9a0cbc-8697-479e-a6c6-7c232efc56f1,3,227.5,227.5,9,0,0,0,False
c0872766-ed89-4636-8762-be3fd7ad4804,1,130,130,6,1,1,1,False
c0872766-ed89-4636-8762-be3fd7ad4804,2,130,130,5,1,1,1,False
c0872766-ed89-4636-8762-be3fd7ad4804,3,130,130,5,1,0.5,0.5,False
854039ed-1125-492a-89f1-8f00fe98171d,1,227.5,227.5,8,1,1,1,False
854039ed-1125-492a-89f1-8f00fe98171d,2,227.5,227.5,7,1,1,1,False
854039ed-1125-492a-89f1-8f00fe98171d,3,227.5,227.5,7,1,1,1,False
854039ed-1125-492a-89f1-8f00fe98171d,4,227.5,227.5,7,0,0,0,False
5e4922da-f988-4e15-a1b0-d45d053fa2cd,1,215,215,11,1,1,1,False
5e4922da-f988-4e15-a1b0-d45d053fa2cd,2,215,215,11,1,0.5,0.5,False
5e4922da-f988-4e15-a1b0-d45d053fa2cd,3,215,215,11,0,0,0,False
fa7699e9-e6d4-4f51-b814-88611f941dd9,1,85,85,9,1,1,1,False
fa7699e9-e6d4-4f51-b814-88611f941dd9,2,85,85,8,1,1,1,False
fa7699e9-e6d4-4f51-b814-88611f941dd9,3,85,85,8,0,0,0,False
7720e3aa-47aa-4a29-bf94-c2f3e0bc20b8,1,0,+0,10,2,2,2,False
7720e3aa-47aa-4a29-bf94-c2f3e0bc20b8,2,0,+0,9,1,1,1,False
7720e3aa-47aa-4a29-bf94-c2f3e0bc20b8,3,0,+0,9,0,0,0,False
44ea0942-8bc6-4829-b8d3-2e2007dd4adc,1,125,125,6,1,0.5,0.5,False
44ea0942-8bc6-4829-b8d3-2e2007dd4adc,2,125,125,5,1,0.5,0.5,False
44ea0942-8bc6-4829-b8d3-2e2007dd4adc,3,125,125,4,1,0.5,0.5,False
92cb546f-c799-4328-afef-56cf30e33045,1,67.5,67.5,10,0,0,0,False
92cb546f-c799-4328-afef-56cf30e33045,2,67.5,67.5,9,0,0,0,False
92cb546f-c799-4328-afef-56cf30e33045,3,67.5,67.5,8,0,0,0,False
562094ed-2386-4991-ae3a-712882cd6b52,1,155,155,8,1,1,1,False
562094ed-2386-4991-ae3a-712882cd6b52,2,155,155,7,1,1,1,False
562094ed-2386-4991-ae3a-712882cd6b52,3,155,155,7,1,1,1,False
562094ed-2386-4991-ae3a-712882cd6b52,4,155,155,7,0,0,0,False
183e0644-3d35-4ae9-bc87-36b95fff35ff,1,50,50,12,1,0.5,0.5,False
183e0644-3d35-4ae9-bc87-36b95fff35ff,2,50,50,12,1,0.5,0.5,False
183e0644-3d35-4ae9-bc87-36b95fff35ff,3,50,50,12,0,0,0,False
c9c02b06-5354-46a6-a758-c86461021711,1,67.5,67.5,11,2,2,2,False
c9c02b06-5354-46a6-a758-c86461021711,2,67.5,67.5,12,1,0.5,0.5,False
c9c02b06-5354-46a6-a758-c86461021711,3,67.5,67.5,10,0,0,0,False
c9c02b06-5354-46a6-a758-c86461021711,4,67.5,67.5,9,0,0,0,False
6d7d442a-9f4f-44cd-9e4c-ef3ef625a8fe,1,22.5,22.5,13,1,1,1,False
6d7d442a-9f4f-44cd-9e4c-ef3ef625a8fe,2,22.5,22.5,13,1,1,1,False
6d7d442a-9f4f-44cd-9e4c-ef3ef625a8fe,3,22.5,22.5,13,0,0,0,False
6d7d442a-9f4f-44cd-9e4c-ef3ef625a8fe,4,22.5,22.5,12,0,0,0,False
3b9ffdec-eeaf-4527-bd43-45672a02e5ef,1,52.5,52.5,9,1,1,1,False
3b9ffdec-eeaf-4527-bd43-45672a02e5ef,2,52.5,52.5,9,1,1,1,False
3b9ffdec-eeaf-4527-bd43-45672a02e5ef,3,52.5,52.5,9,0,0,0,False
3b9ffdec-eeaf-4527-bd43-45672a02e5ef,4,52.5,52.5,8,0,0,0,False
e745882c-7db5-401a-b566-15613a17e495,1,47.5,47.5,9,1,1,1,False
e745882c-7db5-401a-b566-15613a17e495,2,47.5,47.5,9,1,1,1,False
e745882c-7db5-401a-b566-15613a17e495,3,47.5,47.5,9,0,0,0,False
e745882c-7db5-401a-b566-15613a17e495,4,47.5,47.5,10,0,0,0,False
01f5e3cb-5bb8-4e98-95e8-7fb74cd7c35b,1,70,70,6,0,0,0,False
01f5e3cb-5bb8-4e98-95e8-7fb74cd7c35b,2,67.5,67.5,7,0,0,0,False
01f5e3cb-5bb8-4e98-95e8-7fb74cd7c35b,3,65,65,5,0,0,0,False
967ce0b9-a627-463b-85ef-b929f904d0a8,1,77.5,77.5,8,1,1,1,False
967ce0b9-a627-463b-85ef-b929f904d0a8,2,77.5,77.5,8,1,1,1,False
967ce0b9-a627-463b-85ef-b929f904d0a8,3,77.5,77.5,8,0,0,0,False
5aa868b0-cac7-42e4-bac4-201800b25e3d,1,157.5,157.5,8,1,1,1,False
5aa868b0-cac7-42e4-bac4-201800b25e3d,2,157.5,157.5,7,1,1,1,False
5aa868b0-cac7-42e4-bac4-201800b25e3d,3,157.5,157.5,7,0,0,0,False
0876fac8-3db8-4d93-bbbf-1ae5e99661a3,1,220,220,10,1,1,1,False
0876fac8-3db8-4d93-bbbf-1ae5e99661a3,2,220,220,9,1,1,1,False
0876fac8-3db8-4d93-bbbf-1ae5e99661a3,3,220,220,10,0,0,0,False
4454ba08-1875-4f3d-9754-7b899c5bbf97,1,35,35,14,1,1,1,False
4454ba08-1875-4f3d-9754-7b899c5bbf97,2,35,35,13,1,1,1,False
4454ba08-1875-4f3d-9754-7b899c5bbf97,3,35,35,13,0,0,0,False
09c1b371-a89a-4ef5-af22-dbc929e64f27,1,120,120,10,0,0,0,False
09c1b371-a89a-4ef5-af22-dbc929e64f27,2,120,120,8,0,0,0,False
09c1b371-a89a-4ef5-af22-dbc929e64f27,3,115,115,8,1,0.5,0.5,False
d211db69-80dd-4ed7-8d2b-5d4e5f774773,1,25,+25,15,6,5+,6,False
d211db69-80dd-4ed7-8d2b-5d4e5f774773,2,35,+35,15,3,3,3,False
d211db69-80dd-4ed7-8d2b-5d4e5f774773,3,35,+35,15,2,2,2,False
d211db69-80dd-4ed7-8d2b-5d4e5f774773,4,35,+35,15,1,0.5,0.5,False
8d3e1793-ef08-4858-a017-5cd2c3ea3c49,1,145,145,8,0,0,0,False
8d3e1793-ef08-4858-a017-5cd2c3ea3c49,2,145,145,6,0,0,0,False
8d3e1793-ef08-4858-a017-5cd2c3ea3c49,3,145,145,4,1,0.5,0.5,False
8d3e1793-ef08-4858-a017-5cd2c3ea3c49,4,132.5,132.5,7,0,0,0,False
c5acbf73-122c-4b15-9678-b146def305e9,1,50,50,10,1,0.5,0.5,False
c5acbf73-122c-4b15-9678-b146def305e9,2,50,50,9,0,0,0,False
c5acbf73-122c-4b15-9678-b146def305e9,3,45,45,11,1,0.5,0.5,False
9af0f0b5-e354-4f20-94dd-2233f3c0cb4b,1,140,140,9,2,2,2,False
9af0f0b5-e354-4f20-94dd-2233f3c0cb4b,2,140,140,9,1,1,1,False
9af0f0b5-e354-4f20-94dd-2233f3c0cb4b,3,140,140,9,0,0,0,False
450fd3b4-b3c6-4f3a-aef7-34c725939758,1,157.5,157.5,10,1,0.5,0.5,False
450fd3b4-b3c6-4f3a-aef7-34c725939758,2,157.5,157.5,9,1,0.5,0.5,False
d2eeddb1-c241-4456-8907-503186d4e206,1,30,30,12,2,2,2,False
d2eeddb1-c241-4456-8907-503186d4e206,2,30,30,12,1,1,1,False
d2eeddb1-c241-4456-8907-503186d4e206,3,30,30,12,1,1,1,False
7f4b18be-ad8d-4006-9caa-8335130ba552,1,30,30,12,1,1,1,False
7f4b18be-ad8d-4006-9caa-8335130ba552,2,30,30,12,0,0,0,False
7f4b18be-ad8d-4006-9caa-8335130ba552,3,30,30,12,0,0,0,False
32f445c7-3944-46a0-8cb6-31d159083f36,1,60,60,12,1,1,1,False
32f445c7-3944-46a0-8cb6-31d159083f36,2,60,60,12,0,0,0,False
32f445c7-3944-46a0-8cb6-31d159083f36,3,60,60,10,0,0,0,False
61758009-49eb-44a3-849a-3d4e684517f9,1,260,260,6,6,5+,6,False
61758009-49eb-44a3-849a-3d4e684517f9,2,260,260,6,6,5+,6,False
61758009-49eb-44a3-849a-3d4e684517f9,3,260,260,6,6,5+,6,False
80fa3d82-6f48-42c0-83eb-71eb3f1f7425,1,192.5,192.5,10,6,5+,6,False
80fa3d82-6f48-42c0-83eb-71eb3f1f7425,2,192.5,192.5,10,6,5+,6,False
80fa3d82-6f48-42c0-83eb-71eb3f1f7425,3,192.5,192.5,10,6,5+,6,False
7e4e388a-3994-42e7-b7f0-4af92a20c113,1,112.5,112.5,6,6,5+,6,False
7e4e388a-3994-42e7-b7f0-4af92a20c113,2,112.5,112.5,6,6,5+,6,False
7e4e388a-3994-42e7-b7f0-4af92a20c113,3,112.5,112.5,6,6,5+,6,False
7e4e388a-3994-42e7-b7f0-4af92a20c113,4,112.5,112.5,6,6,5+,6,False
570d1382-b67e-4409-917b-e9b3c53ee4bd,1,197.5,197.5,9,6,5+,6,False
570d1382-b67e-4409-917b-e9b3c53ee4bd,2,197.5,197.5,8,6,5+,6,False
570d1382-b67e-4409-917b-e9b3c53ee4bd,3,197.5,197.5,8,6,5+,6,False
570d1382-b67e-4409-917b-e9b3c53ee4bd,4,197.5,197.5,8,6,5+,6,False
b8012be4-e2e1-4e46-9486-16d66990c69c,1,170,170,13,6,5+,6,False
b8012be4-e2e1-4e46-9486-16d66990c69c,2,170,170,12,6,5+,6,False
b8012be4-e2e1-4e46-9486-16d66990c69c,3,170,170,12,6,5+,6,False
1a57f6ae-8cbe-4682-9219-3ed08db51aa3,1,75,75,9,6,5+,6,False
1a57f6ae-8cbe-4682-9219-3ed08db51aa3,2,75,75,9,6,5+,6,False
85fe6287-db25-408f-a189-51c973bbcc86,1,0,+0,9,6,5+,6,False
85fe6287-db25-408f-a189-51c973bbcc86,2,0,+0,8,6,5+,6,False
e857cd5f-c438-4512-91b6-04e5b1b21390,1,125,125,6,1,0.5,0.5,False
e857cd5f-c438-4512-91b6-04e5b1b21390,2,125,125,5,1,0.5,0.5,False
e857cd5f-c438-4512-91b6-04e5b1b21390,3,125,125,5,0,0,0,False
765e83ce-0441-4da7-b9fd-20c1485e2720,1,70,70,8,0,0,0,False
765e83ce-0441-4da7-b9fd-20c1485e2720,2,65,65,9,1,0.5,0.5,False
db85908c-4ba9-4055-9354-5cec690e7020,1,152.5,152.5,7,2,2,2,False
db85908c-4ba9-4055-9354-5cec690e7020,2,152.5,152.5,7,1,1,1,False
db85908c-4ba9-4055-9354-5cec690e7020,3,152.5,152.5,7,1,1,1,False
c008c4fd-b01c-4cb8-a77d-5c258fc40947,1,40,40,16,3,3,3,False
c008c4fd-b01c-4cb8-a77d-5c258fc40947,2,42.5,42.5,15,1,1,1,False
c008c4fd-b01c-4cb8-a77d-5c258fc40947,3,47.5,47.5,12,1,0.5,0.5,False
c650fe73-1108-4626-b809-b9e754ada3f6,1,67.5,67.5,10,2,2,2,False
c650fe73-1108-4626-b809-b9e754ada3f6,2,67.5,67.5,10,2,2,2,False
c650fe73-1108-4626-b809-b9e754ada3f6,3,67.5,67.5,10,1,1,1,False
179191c1-c22a-4471-991c-5bcaeb872275,1,22.5,22.5,12,1,1,1,False
179191c1-c22a-4471-991c-5bcaeb872275,2,22.5,22.5,12,1,1,1,False
179191c1-c22a-4471-991c-5bcaeb872275,3,22.5,22.5,12,0,0,0,False
995a16c9-9e44-42d0-b7ba-dd41c1b0bf40,1,50,50,10,1,1,1,False
995a16c9-9e44-42d0-b7ba-dd41c1b0bf40,2,50,50,10,1,1,1,False
995a16c9-9e44-42d0-b7ba-dd41c1b0bf40,3,50,50,10,0,0,0,False
4071a3ce-d88b-47cf-a63a-7752091f957d,1,45,45,10,1,1,1,False
4071a3ce-d88b-47cf-a63a-7752091f957d,2,45,45,10,1,1,1,False
4071a3ce-d88b-47cf-a63a-7752091f957d,3,45,45,10,0,0,0,False
86653050-0159-4fb1-964e-c2ee3ef5bb95,1,67.5,67.5,9,0,0,0,False
86653050-0159-4fb1-964e-c2ee3ef5bb95,2,67.5,67.5,7,1,0.5,0.5,False
86653050-0159-4fb1-964e-c2ee3ef5bb95,3,65,65,8,0,0,0,False
0dbf6493-52d1-48ba-b61d-81a853be5fb7,1,75,75,8,2,1.5,1.5,False
0dbf6493-52d1-48ba-b61d-81a853be5fb7,2,75,75,8,2,1.5,1.5,False
008e34bd-b4bf-4c39-b6bd-6c9e15aa91ab,1,150,150,8,2,2,2,False
008e34bd-b4bf-4c39-b6bd-6c9e15aa91ab,2,150,150,8,2,1.5,1.5,False
008e34bd-b4bf-4c39-b6bd-6c9e15aa91ab,3,150,150,8,1,0.5,0.5,False
6608645b-b2d9-4cde-8823-1cd6dbbe6b25,1,215,215,10,1,1,1,False
6608645b-b2d9-4cde-8823-1cd6dbbe6b25,2,215,215,9,2,1.5,1.5,False
6608645b-b2d9-4cde-8823-1cd6dbbe6b25,3,215,215,10,0,0,0,False
d6e1c3c5-3b2d-4e68-bf34-c69222848b04,1,35,35,12,1,1,1,False
d6e1c3c5-3b2d-4e68-bf34-c69222848b04,2,35,35,12,1,1,1,False
9a14d48e-310a-4c53-80c6-168330979135,1,117.5,117.5,10,1,1,1,False
9a14d48e-310a-4c53-80c6-168330979135,2,117.5,117.5,8,1,0.5,0.5,False
9a14d48e-310a-4c53-80c6-168330979135,3,117.5,117.5,7,1,0.5,0.5,False
6c89cdfe-c279-43c3-b053-c384bc506fbe,1,0,+0,15,6,5+,6,False
6c89cdfe-c279-43c3-b053-c384bc506fbe,2,15,+15,15,6,5+,6,False
6c89cdfe-c279-43c3-b053-c384bc506fbe,3,20,+20,15,6,5+,6,False
691e0520-5e7b-44bf-8ce7-28504ffd80ad,1,147.5,147.5,7,0,0,0,False
691e0520-5e7b-44bf-8ce7-28504ffd80ad,2,147.5,147.5,5,1,0.5,0.5,False
691e0520-5e7b-44bf-8ce7-28504ffd80ad,3,140,140,7,0,0,0,False
414c22e4-45b9-4f8c-a38c-b63d8acb3824,1,55,55,7,0,0,0,False
414c22e4-45b9-4f8c-a38c-b63d8acb3824,2,45,45,13,1,0.5,0.5,False
414c22e4-45b9-4f8c-a38c-b63d8acb3824,3,45,45,12,1,0.5,0.5,False
0c3c54cd-861d-45be-ba0d-ab938c05fd5d,1,120,120,12,5,4.5,4.5,False
0c3c54cd-861d-45be-ba0d-ab938c05fd5d,2,135,135,10,2,1.5,1.5,False
0c3c54cd-861d-45be-ba0d-ab938c05fd5d,3,135,135,10,1,1,1,False
d53671c9-c0cb-437b-b175-5bbabc0f0dca,1,155,155,10,1,1,1,False
d53671c9-c0cb-437b-b175-5bbabc0f0dca,2,155,155,9,1,0.5,0.5,False
b9913543-a8cd-4048-8075-a5602881b12b,1,30,30,10,3,3,3,False
b9913543-a8cd-4048-8075-a5602881b12b,2,30,30,10,3,3,3,False
b9913543-a8cd-4048-8075-a5602881b12b,3,30,30,10,2,2,2,False
8bd3a710-f398-4279-bc40-2e85ff1d5e8f,1,32.5,32.5,10,1,0.5,0.5,False
8bd3a710-f398-4279-bc40-2e85ff1d5e8f,2,32.5,32.5,10,0,0,0,False
55ee7e12-75b8-42e0-a1ef-dc1c656ad284,1,60,60,12,1,0.5,0.5,False
55ee7e12-75b8-42e0-a1ef-dc1c656ad284,2,60,60,12,0,0,0,False
ec4bc72c-c0e1-45c6-83ea-902bc587ca4a,1,275,275,6,3,3,3,False
ec4bc72c-c0e1-45c6-83ea-902bc587ca4a,2,275,275,6,3,2.5,2.5,False
ec4bc72c-c0e1-45c6-83ea-902bc587ca4a,3,275,275,6,3,2.5,2.5,False
b740f782-0e08-479c-aae5-7281cbe6fbe9,1,185,185,10,4,4,4,False
b740f782-0e08-479c-aae5-7281cbe6fbe9,2,205,205,10,4,4,4,False
810c834f-5e07-40f7-95f7-1cdd4c6e1e55,1,127.5,127.5,6,1,1,1,False
810c834f-5e07-40f7-95f7-1cdd4c6e1e55,2,127.5,127.5,5,1,1,1,False
810c834f-5e07-40f7-95f7-1cdd4c6e1e55,3,127.5,127.5,5,1,0.5,0.5,False
6940c5b8-e86f-48e9-a78a-56caf4f4257a,1,220,220,8,1,1,1,False
6940c5b8-e86f-48e9-a78a-56caf4f4257a,2,220,220,8,1,1,1,False
6940c5b8-e86f-48e9-a78a-56caf4f4257a,3,220,220,8,1,0.5,0.5,False
0ded7110-eac2-4fc0-8245-0dd96f70d897,1,185,185,12,4,3.5,3.5,False
0ded7110-eac2-4fc0-8245-0dd96f70d897,2,185,185,12,3,3,3,False
26b1b289-d25b-4124-9014-23a4af945914,1,80,80,10,2,1.5,1.5,False
26b1b289-d25b-4124-9014-23a4af945914,2,80,80,10,1,1,1,False
c110ec26-48e7-42b0-91f7-c38320f8a911,1,5.5,+5.5,11,1,0.5,0.5,False
c110ec26-48e7-42b0-91f7-c38320f8a911,2,5.5,+5.5,9,1,1,1,False
9dd9e601-54e7-4c05-91a7-b36f92f883fe,1,127.5,127.5,5,1,0.5,0.5,False
9dd9e601-54e7-4c05-91a7-b36f92f883fe,2,127.5,127.5,5,0,0,0,False
611077a5-3f70-44c0-b2cb-76a336b66cab,1,65,65,10,2,2,2,False
611077a5-3f70-44c0-b2cb-76a336b66cab,2,65,65,10,1,1,1,False
e0a97b1f-5c5c-446f-9939-e19e49a9bf0d,1,140,140,8,4,3.5,3.5,False
e0a97b1f-5c5c-446f-9939-e19e49a9bf0d,2,140,140,8,3,3,3,False
e0a97b1f-5c5c-446f-9939-e19e49a9bf0d,3,140,140,8,3,3,3,False
fb6ece8f-276d-401b-b964-15c8b0601ba0,1,40,40,12,3,2.5,2.5,False
fb6ece8f-276d-401b-b964-15c8b0601ba0,2,40,40,12,3,3,3,False
6fb45b86-f7d9-4d6d-be1f-3ba3e396be98,1,55,55,10,6,5+,6,False
6fb45b86-f7d9-4d6d-be1f-3ba3e396be98,2,60,60,10,6,5+,6,False
6fb45b86-f7d9-4d6d-be1f-3ba3e396be98,3,65,65,10,3,3,3,False
d28c8d57-1192-4749-ad1f-c604e2c099ab,1,22.5,22.5,11,1,1,1,False
d28c8d57-1192-4749-ad1f-c604e2c099ab,2,22.5,22.5,11,1,1,1,False
d28c8d57-1192-4749-ad1f-c604e2c099ab,3,22.5,22.5,11,1,0.5,0.5,False
7983c7d2-3364-474c-aa63-cb0aa4c0c38d,1,50,50,10,1,0.5,0.5,False
7983c7d2-3364-474c-aa63-cb0aa4c0c38d,2,47.5,47.5,10,1,1,1,False
31148a6c-0a23-4216-98a6-48b98517d9f0,1,40,40,10,3,3,3,False
31148a6c-0a23-4216-98a6-48b98517d9f0,2,42.5,42.5,10,3,2.5,2.5,False
92e960f0-c774-4de8-b5cc-f0c87f175304,1,60,60,9,6,5+,6,False
cda33b19-59c2-460c-b83f-d3d61b03c6e9,1,142.5,142.5,9,6,5+,6,False
cda33b19-59c2-460c-b83f-d3d61b03c6e9,2,142.5,142.5,8,6,5+,6,False
071d9768-e40e-4ff9-936c-540d78f2113d,1,105,105,8,6,5+,6,False
071d9768-e40e-4ff9-936c-540d78f2113d,2,105,105,8,6,5+,6,False
7923c425-401f-4e0d-96aa-d92a25c49ec1,1,182.5,182.5,10,6,5+,6,False
7923c425-401f-4e0d-96aa-d92a25c49ec1,2,182.5,182.5,10,6,5+,6,False
1d2fadb4-4251-48a9-8d9f-53e90421454d,1,30,30,13,6,5+,6,False
1d2fadb4-4251-48a9-8d9f-53e90421454d,2,30,30,12,6,5+,6,False
dbdc34cb-8262-42e0-8bbe-35451cefea36,1,27.5,27.5,12,6,5+,6,False
ab1ec351-ce52-4a18-8dd9-be1282ccc69a,1,77.5,77.5,15,6,5+,6,False
ab1ec351-ce52-4a18-8dd9-be1282ccc69a,2,77.5,77.5,15,6,5+,6,False
c6d08689-fd0e-44da-971d-d9dc8f812ea9,1,122.5,122.5,8,6,5+,6,False
0865190e-11d2-446e-85fc-e9a50c2c276d,1,45,45,12,6,5+,6,False
b563dea8-c29f-4def-b441-82a4fb155751,1,147.5,147.5,10,6,5+,6,False
b563dea8-c29f-4def-b441-82a4fb155751,2,147.5,147.5,10,6,5+,6,False
28f14f0f-120c-407f-b507-0f81a2b0577a,1,65,65,14,6,5+,6,False
28f14f0f-120c-407f-b507-0f81a2b0577a,2,65,65,13,6,5+,6,False
61610632-757a-41d1-99fe-879dd78f666a,1,85,85,9,6,5+,6,False
61610632-757a-41d1-99fe-879dd78f666a,2,85,85,9,6,5+,6,False
c1d6907b-a657-48ac-bca0-e3c975161802,1,18,18,16,6,5+,6,False
bd3bb181-4bea-4f7e-b340-d9ea4019109b,1,27.5,27.5,18,6,5+,6,False
bd3bb181-4bea-4f7e-b340-d9ea4019109b,2,27.5,27.5,17,6,5+,6,False
834d2d54-1187-4e98-8cfc-30a78719b34f,1,265,265,6,6,5+,6,False
834d2d54-1187-4e98-8cfc-30a78719b34f,2,265,265,6,6,5+,6,False
117b59c1-f07b-4f71-b19f-7081e2c83162,1,47.5,47.5,11,6,5+,6,False
117b59c1-f07b-4f71-b19f-7081e2c83162,2,47.5,47.5,10,6,5+,6,False
ff87748f-f63c-4de6-9845-cb932a922d46,1,135,135,7,6,5+,6,False
ff87748f-f63c-4de6-9845-cb932a922d46,2,135,135,7,6,5+,6,False
501e0a37-8be0-4d6c-8871-4e35e716c80e,1,182.5,182.5,9,6,5+,6,False
501e0a37-8be0-4d6c-8871-4e35e716c80e,2,182.5,182.5,9,6,5+,6,False
0eb45c37-1033-48bf-96a5-dc5a53746786,1,110,+110,12,6,5+,6,False
0eb45c37-1033-48bf-96a5-dc5a53746786,2,110,+110,12,6,5+,6,False
5626bd8a-67e1-4f66-a297-b5dd818ab99d,1,0,+0,10,6,5+,6,False
5626bd8a-67e1-4f66-a297-b5dd818ab99d,2,0,+0,10,6,5+,6,False
d8551659-b53d-4926-9051-9fa305a42e71,1,35,+35,14,6,5+,6,False
9b92a3b6-f481-4f15-8de0-c1a9320a5367,1,107.5,107.5,6,6,5+,6,False
9b92a3b6-f481-4f15-8de0-c1a9320a5367,2,107.5,107.5,7,6,5+,6,False
a4910239-7a94-43a0-b67a-e0533ca797bf,1,52.5,52.5,11,6,5+,6,False
a4910239-7a94-43a0-b67a-e0533ca797bf,2,52.5,52.5,12,6,5+,6,False
6a9e75ce-39b5-488d-a220-6c488e7df9c0,1,62.5,62.5,9,6,5+,6,False
bd95d263-b803-4dfd-a992-7b5c7be1b918,1,77.5,77.5,11,6,5+,6,False
5a1d3909-9614-419a-97ee-6efeaf8f0c39,1,62.5,62.5,10,6,5+,6,False
5a1d3909-9614-419a-97ee-6efeaf8f0c39,2,62.5,62.5,10,6,5+,6,False
926b51b0-d52e-42bd-b61f-9f824576fa3c,1,37.5,37.5,11,6,5+,6,False
926b51b0-d52e-42bd-b61f-9f824576fa3c,2,37.5,37.5,11,6,5+,6,False
79228a1a-e8cf-4825-893a-2aad525f3e59,1,27.5,27.5,10,6,5+,6,False
79228a1a-e8cf-4825-893a-2aad525f3e59,2,27.5,27.5,9,6,5+,6,False
be7ffed4-753b-4f6a-b2ad-05a5a2e35405,1,70,70,7,1,1,1,False
be7ffed4-753b-4f6a-b2ad-05a5a2e35405,2,70,70,6,1,0.5,0.5,False
be7ffed4-753b-4f6a-b2ad-05a5a2e35405,3,70,70,6,0,0,0,False
be7ffed4-753b-4f6a-b2ad-05a5a2e35405,4,65,65,8,1,0.5,0.5,False
e731f9f5-3240-497b-b192-844c74400957,1,162.5,162.5,8,1,1,1,False
e731f9f5-3240-497b-b192-844c74400957,2,162.5,162.5,8,0,0,0,False
e731f9f5-3240-497b-b192-844c74400957,3,162.5,162.5,7,1,0.5,0.5,False
e731f9f5-3240-497b-b192-844c74400957,4,162.5,162.5,7,0,0,0,False
442d23f2-7617-421d-80bc-795f564881bb,1,122.5,122.5,7,1,1,1,False
442d23f2-7617-421d-80bc-795f564881bb,2,122.5,122.5,6,1,1,1,False
442d23f2-7617-421d-80bc-795f564881bb,3,122.5,122.5,6,0,0,0,False
442d23f2-7617-421d-80bc-795f564881bb,4,122.5,122.5,6,0,0,0,False
442d23f2-7617-421d-80bc-795f564881bb,5,122.5,122.5,6,0,0,0,False
24f593a9-0c3e-42b0-a827-3f932fa8527d,1,205,205,10,1,1,1,False
24f593a9-0c3e-42b0-a827-3f932fa8527d,2,205,205,9,1,1,1,False
24f593a9-0c3e-42b0-a827-3f932fa8527d,3,205,205,9,1,1,1,False
24f593a9-0c3e-42b0-a827-3f932fa8527d,4,205,205,9,1,0.5,0.5,False
24f593a9-0c3e-42b0-a827-3f932fa8527d,5,205,205,9,0,0,0,False
b454fe27-21f6-4e4e-b0c5-7b4d6f3a8f2c,1,35,35,12,0,0,0,False
b454fe27-21f6-4e4e-b0c5-7b4d6f3a8f2c,2,35,35,11,0,0,0,False
b454fe27-21f6-4e4e-b0c5-7b4d6f3a8f2c,3,35,35,10,0,0,0,False
b454fe27-21f6-4e4e-b0c5-7b4d6f3a8f2c,4,32.5,32.5,12,0,0,0,False
b91a9921-2914-46f5-a698-a1f9c2b2cdcc,1,32.5,32.5,10,1,1,1,False
b91a9921-2914-46f5-a698-a1f9c2b2cdcc,2,32.5,32.5,9,0,0,0,False
b91a9921-2914-46f5-a698-a1f9c2b2cdcc,3,30,30,11,1,0.5,0.5,False
b91a9921-2914-46f5-a698-a1f9c2b2cdcc,4,30,30,11,0,0,0,False
c7b1ac21-91e9-4a07-81c8-74cd31687be2,1,90,90,15,1,1,1,False
c7b1ac21-91e9-4a07-81c8-74cd31687be2,2,90,90,16,0,0,0,False
c7b1ac21-91e9-4a07-81c8-74cd31687be2,3,90,90,10,0,0,0,False
c7b1ac21-91e9-4a07-81c8-74cd31687be2,4,80,80,15,0,0,0,False
e822614f-eabb-4a0e-beb8-69aac2db3f91,1,145,145,7,0,0,0,False
e822614f-eabb-4a0e-beb8-69aac2db3f91,2,145,145,6,0,0,0,False
e822614f-eabb-4a0e-beb8-69aac2db3f91,3,145,145,5,1,0.5,0.5,False
70224ce7-80fc-46dd-92d7-fd6acd4f95a7,1,50,50,13,0,0,0,False
70224ce7-80fc-46dd-92d7-fd6acd4f95a7,2,50,50,12,0,0,0,False
70224ce7-80fc-46dd-92d7-fd6acd4f95a7,3,50,50,11,0,0,0,False
a9fd8fba-c2bb-464d-9273-1f4563568167,1,167.5,167.5,10,1,1,1,False
a9fd8fba-c2bb-464d-9273-1f4563568167,2,167.5,167.5,9,1,0.5,0.5,False
a9fd8fba-c2bb-464d-9273-1f4563568167,3,167.5,167.5,9,0,0,0,False
a9fd8fba-c2bb-464d-9273-1f4563568167,4,167.5,167.5,8,1,0.5,0.5,False
d7b1c5ef-7008-4d5b-ae4b-eb0715d410eb,1,75,75,12,1,1,1,False
d7b1c5ef-7008-4d5b-ae4b-eb0715d410eb,2,75,75,11,1,1,1,False
d7b1c5ef-7008-4d5b-ae4b-eb0715d410eb,3,75,75,11,1,1,1,False
d7b1c5ef-7008-4d5b-ae4b-eb0715d410eb,4,75,75,11,0,0,0,False
d7b1c5ef-7008-4d5b-ae4b-eb0715d410eb,5,75,75,10,0,0,0,False
4c1f1b73-8a68-4781-b290-05aea7aa8e0c,1,92.5,92.5,10,1,1,1,False
4c1f1b73-8a68-4781-b290-05aea7aa8e0c,2,92.5,92.5,10,1,1,1,False
4c1f1b73-8a68-4781-b290-05aea7aa8e0c,3,92.5,92.5,10,1,1,1,False
4c1f1b73-8a68-4781-b290-05aea7aa8e0c,4,92.5,92.5,10,0,0,0,False
4c1f1b73-8a68-4781-b290-05aea7aa8e0c,5,92.5,92.5,9,0,0,0,False
489aead2-9a17-4f41-8438-dc60df87e8c7,1,22.5,22.5,11,0,0,0,False
489aead2-9a17-4f41-8438-dc60df87e8c7,2,20,20,14,0,0,0,False
489aead2-9a17-4f41-8438-dc60df87e8c7,3,20,20,13,0,0,0,False
6e02d636-e558-447e-96c4-ff52ea9f3dde,1,32.5,32.5,15,1,1,1,False
6e02d636-e558-447e-96c4-ff52ea9f3dde,2,32.5,32.5,14,1,1,1,False
6e02d636-e558-447e-96c4-ff52ea9f3dde,3,32.5,32.5,13,0,0,0,False
6e02d636-e558-447e-96c4-ff52ea9f3dde,4,32.5,32.5,12,0,0,0,False
54a9c734-abed-41f5-89ae-97c1fce58576,1,305,305,6,1,0.5,0.5,False
54a9c734-abed-41f5-89ae-97c1fce58576,2,305,305,5,1,1,1,False
54a9c734-abed-41f5-89ae-97c1fce58576,3,305,305,5,0,0,0,False
54a9c734-abed-41f5-89ae-97c1fce58576,4,305,305,5,0,0,0,False
d8062679-968a-49fb-a8eb-f23b8fda2e65,1,65,65,10,1,1,1,False
d8062679-968a-49fb-a8eb-f23b8fda2e65,2,65,65,9,1,1,1,False
d8062679-968a-49fb-a8eb-f23b8fda2e65,3,65,65,9,0,0,0,False
d8062679-968a-49fb-a8eb-f23b8fda2e65,4,65,65,9,0,0,0,False
221248bf-e901-44f6-9ce1-c7039bc3733d,1,150,150,7,1,1,1,False
221248bf-e901-44f6-9ce1-c7039bc3733d,2,150,150,7,1,0.5,0.5,False
221248bf-e901-44f6-9ce1-c7039bc3733d,3,150,150,7,0,0,0,False
221248bf-e901-44f6-9ce1-c7039bc3733d,4,150,150,6,1,0.5,0.5,False
221248bf-e901-44f6-9ce1-c7039bc3733d,5,150,150,6,0,0,0,False
afaf0fef-3759-45c4-814c-c7ab15a4e006,1,210,210,8,1,1,1,False
afaf0fef-3759-45c4-814c-c7ab15a4e006,2,210,210,7,1,0.5,0.5,False
afaf0fef-3759-45c4-814c-c7ab15a4e006,3,210,210,7,1,0.5,0.5,False
afaf0fef-3759-45c4-814c-c7ab15a4e006,4,210,210,7,0,0,0,False
afaf0fef-3759-45c4-814c-c7ab15a4e006,5,210,210,7,0,0,0,False
eba70445-30c5-4a13-97c2-1dc3a1d4aa72,1,130,+130,12,1,1,1,False
eba70445-30c5-4a13-97c2-1dc3a1d4aa72,2,130,+130,12,0,0,0,False
eba70445-30c5-4a13-97c2-1dc3a1d4aa72,3,130,+130,11,0,0,0,False
eba70445-30c5-4a13-97c2-1dc3a1d4aa72,4,130,+130,10,0,0,0,False
d57339be-b3af-4535-9ddf-91732f9c2362,1,0,+0,13,0,0,0,False
d57339be-b3af-4535-9ddf-91732f9c2362,2,0,+0,12,1,1,1,False
d57339be-b3af-4535-9ddf-91732f9c2362,3,0,+0,12,0,0,0,False
d57339be-b3af-4535-9ddf-91732f9c2362,4,0,+0,10,0,0,0,False
10de01ad-0263-4dfd-bc87-9c5d194b0647,1,45,+45,13,1,1,1,False
10de01ad-0263-4dfd-bc87-9c5d194b0647,2,45,+45,10,1,1,1,False
3b464da5-c70e-4e96-8d18-458ff0c2ff0e,1,127.5,127.5,5,1,0.5,0.5,False
3b464da5-c70e-4e96-8d18-458ff0c2ff0e,2,127.5,127.5,4,1,0.5,0.5,False
3b464da5-c70e-4e96-8d18-458ff0c2ff0e,3,117.5,117.5,6,1,1,1,False
3b464da5-c70e-4e96-8d18-458ff0c2ff0e,4,117.5,117.5,6,1,0.5,0.5,False
3b464da5-c70e-4e96-8d18-458ff0c2ff0e,5,117.5,117.5,6,1,0.5,0.5,False
90304108-5be5-476a-9397-a60e6cca3092,1,62.5,62.5,10,1,1,1,False
90304108-5be5-476a-9397-a60e6cca3092,2,62.5,62.5,9,1,0.5,0.5,False
90304108-5be5-476a-9397-a60e6cca3092,3,62.5,62.5,8,1,0.5,0.5,False
90304108-5be5-476a-9397-a60e6cca3092,4,62.5,62.5,7,1,0.5,0.5,False
90304108-5be5-476a-9397-a60e6cca3092,5,57.5,57.5,9,1,0.5,0.5,False
3ed919d3-d4f4-4687-928d-bdf89d982478,1,72.5,72.5,7,1,1,1,False
3ed919d3-d4f4-4687-928d-bdf89d982478,2,72.5,72.5,7,0,0,0,False
3ed919d3-d4f4-4687-928d-bdf89d982478,3,72.5,72.5,7,0,0,0,False
06406302-65b6-4a34-b701-7f150f61418f,1,87.5,87.5,10,1,1,1,False
06406302-65b6-4a34-b701-7f150f61418f,2,87.5,87.5,9,1,1,1,False
06406302-65b6-4a34-b701-7f150f61418f,3,87.5,87.5,9,0,0,0,False
94ed5624-d585-481c-85f7-fd2e2472f904,1,72.5,72.5,9,1,1,1,False
94ed5624-d585-481c-85f7-fd2e2472f904,2,72.5,72.5,8,1,1,1,False
94ed5624-d585-481c-85f7-fd2e2472f904,3,67.5,67.5,10,1,1,1,False
94ed5624-d585-481c-85f7-fd2e2472f904,4,67.5,67.5,10,0,0,0,False
553a44f0-22a3-4407-abce-b9412085a343,1,42.5,42.5,10,1,1,1,False
553a44f0-22a3-4407-abce-b9412085a343,2,40,40,12,1,1,1,False
553a44f0-22a3-4407-abce-b9412085a343,3,40,40,12,1,1,1,False
553a44f0-22a3-4407-abce-b9412085a343,4,40,40,12,0,0,0,False
b2cdb507-ab8f-4917-a98c-d1ccf504d9b5,1,30,30,12,0,0,0,False
b2cdb507-ab8f-4917-a98c-d1ccf504d9b5,2,30,30,11,0,0,0,False
b2cdb507-ab8f-4917-a98c-d1ccf504d9b5,3,30,30,10,0,0,0,False
b2cdb507-ab8f-4917-a98c-d1ccf504d9b5,4,27.5,27.5,12,0,0,0,False
ff283845-dfe7-49b8-a171-a717249616cd,1,72.5,72.5,6,1,0.5,0.5,False
ff283845-dfe7-49b8-a171-a717249616cd,2,72.5,72.5,5,0,0,0,False
ff283845-dfe7-49b8-a171-a717249616cd,3,65,65,8,1,0.5,0.5,False
1b7cd2c2-e59e-46fc-912f-46bd068a532e,1,170,170,6,0,0,0,False
1b7cd2c2-e59e-46fc-912f-46bd068a532e,2,170,170,6,0,0,0,False
1b7cd2c2-e59e-46fc-912f-46bd068a532e,3,160,160,8,0,0,0,False
3c4c60d0-04e7-4d48-bde5-b0f4fa67533d,1,117.5,117.5,8,1,1,1,False
3c4c60d0-04e7-4d48-bde5-b0f4fa67533d,2,117.5,117.5,7,1,1,1,False
3c4c60d0-04e7-4d48-bde5-b0f4fa67533d,3,117.5,117.5,6,1,1,1,False
3c4c60d0-04e7-4d48-bde5-b0f4fa67533d,4,117.5,117.5,7,0,0,0,False
3c4c60d0-04e7-4d48-bde5-b0f4fa67533d,5,117.5,117.5,7,0,0,0,False
bb66e66e-02fb-4ea0-9dfe-f8506f5ed2f5,1,200,200,10,1,1,1,False
bb66e66e-02fb-4ea0-9dfe-f8506f5ed2f5,2,200,200,9,1,1,1,False
bb66e66e-02fb-4ea0-9dfe-f8506f5ed2f5,3,200,200,9,1,1,1,False
bb66e66e-02fb-4ea0-9dfe-f8506f5ed2f5,4,200,200,9,1,0.5,0.5,False
bb66e66e-02fb-4ea0-9dfe-f8506f5ed2f5,5,200,200,9,0,0,0,False
9b7ee698-225e-4fe3-95af-2082584617d4,1,35,35,11,0,0,0,False
9b7ee698-225e-4fe3-95af-2082584617d4,2,35,35,10,0,0,0,False
9b7ee698-225e-4fe3-95af-2082584617d4,3,32.5,32.5,12,0,0,0,False
9b7ee698-225e-4fe3-95af-2082584617d4,4,32.5,32.5,11,0,0,0,False
21b0c8f7-09ad-457c-bda4-7683c552708f,1,32.5,32.5,8,0,0,0,False
21b0c8f7-09ad-457c-bda4-7683c552708f,2,30,30,10,1,1,1,False
21b0c8f7-09ad-457c-bda4-7683c552708f,3,30,30,11,0,0,0,False
47487d0b-79ad-4c31-8ae9-bd83da0872e2,1,90,90,15,1,0.5,0.5,False
47487d0b-79ad-4c31-8ae9-bd83da0872e2,2,90,90,15,0,0,0,False
47487d0b-79ad-4c31-8ae9-bd83da0872e2,3,90,90,12,1,0.5,0.5,False
d6e751f3-cc6d-4761-bace-c8751ecc0813,1,142.5,142.5,8,0,0,0,False
d6e751f3-cc6d-4761-bace-c8751ecc0813,2,142.5,142.5,6,1,0.5,0.5,False
d6e751f3-cc6d-4761-bace-c8751ecc0813,3,142.5,142.5,6,0,0,0,False
a98b7b35-eff0-4d70-ae00-49d8ff2d0855,1,50,50,12,1,0.5,0.5,False
a98b7b35-eff0-4d70-ae00-49d8ff2d0855,2,50,50,10,0,0,0,False
a98b7b35-eff0-4d70-ae00-49d8ff2d0855,3,50,50,10,0,0,0,False
aea5565b-5c3f-434c-b186-a0db7d90691d,1,167.5,167.5,10,1,0.5,0.5,False
aea5565b-5c3f-434c-b186-a0db7d90691d,2,167.5,167.5,9,1,0.5,0.5,False
aea5565b-5c3f-434c-b186-a0db7d90691d,3,167.5,167.5,8,1,0.5,0.5,False
aea5565b-5c3f-434c-b186-a0db7d90691d,4,167.5,167.5,8,0,0,0,False
c14cb9f5-0822-470e-a1d0-4ca7b7f76f7c,1,75,75,11,1,1,1,False
c14cb9f5-0822-470e-a1d0-4ca7b7f76f7c,2,75,75,10,1,1,1,False
c14cb9f5-0822-470e-a1d0-4ca7b7f76f7c,3,75,75,10,1,1,1,False
c14cb9f5-0822-470e-a1d0-4ca7b7f76f7c,4,75,75,10,0,0,0,False
af5f6261-2b9f-4d4b-9ee5-f25b8ede2a5b,1,90,90,10,1,1,1,False
af5f6261-2b9f-4d4b-9ee5-f25b8ede2a5b,2,90,90,10,1,0.5,0.5,False
af5f6261-2b9f-4d4b-9ee5-f25b8ede2a5b,3,90,90,10,1,0.5,0.5,False
af5f6261-2b9f-4d4b-9ee5-f25b8ede2a5b,4,90,90,10,0,0,0,False
96ecef98-a2ee-40e6-a391-d92dab572514,1,22.5,22.5,11,0,0,0,False
96ecef98-a2ee-40e6-a391-d92dab572514,2,20,20,12,1,0.5,0.5,False
96ecef98-a2ee-40e6-a391-d92dab572514,3,20,20,12,0,0,0,False
81e25862-874c-4edf-a537-4ceb9b1976a3,1,32.5,32.5,13,1,1,1,False
81e25862-874c-4edf-a537-4ceb9b1976a3,2,32.5,32.5,12,1,1,1,False
81e25862-874c-4edf-a537-4ceb9b1976a3,3,32.5,32.5,12,0,0,0,False
81e25862-874c-4edf-a537-4ceb9b1976a3,4,30,30,15,0,0,0,False
f38bab59-4223-4214-8843-673d8e7ff542,1,302.5,302.5,6,1,1,1,False
f38bab59-4223-4214-8843-673d8e7ff542,2,302.5,302.5,5,1,1,1,False
f38bab59-4223-4214-8843-673d8e7ff542,3,302.5,302.5,5,0,0,0,False
f38bab59-4223-4214-8843-673d8e7ff542,4,302.5,302.5,5,0,0,0,False
6110c949-48ca-45e2-8409-21d52e5ad382,1,62.5,62.5,10,1,1,1,False
6110c949-48ca-45e2-8409-21d52e5ad382,2,62.5,62.5,9,1,1,1,False
6110c949-48ca-45e2-8409-21d52e5ad382,3,62.5,62.5,9,0,0,0,False
6110c949-48ca-45e2-8409-21d52e5ad382,4,62.5,62.5,9,0,0,0,False
115dcf78-5cad-446f-b8ed-0500a7e9d7bb,1,160,160,6,1,1,1,False
115dcf78-5cad-446f-b8ed-0500a7e9d7bb,2,160,160,6,0,0,0,False
115dcf78-5cad-446f-b8ed-0500a7e9d7bb,3,160,160,6,0,0,0,False
115dcf78-5cad-446f-b8ed-0500a7e9d7bb,4,160,160,5,0,0,0,False
8d2510d0-45ed-4082-8831-e37e52bf3266,1,202.5,202.5,8,2,1.5,1.5,False
8d2510d0-45ed-4082-8831-e37e52bf3266,2,202.5,202.5,8,1,1,1,False
8d2510d0-45ed-4082-8831-e37e52bf3266,3,202.5,202.5,8,1,1,1,False
8d2510d0-45ed-4082-8831-e37e52bf3266,4,202.5,202.5,8,0,0,0,False
5240f8fe-1443-48f4-b8f9-d427ed0c026b,1,0,+0,10,2,2,2,False
5240f8fe-1443-48f4-b8f9-d427ed0c026b,2,0,+0,12,0,0,0,False
5240f8fe-1443-48f4-b8f9-d427ed0c026b,3,0,+0,11,0,0,0,False
5240f8fe-1443-48f4-b8f9-d427ed0c026b,4,0,+0,8,0,0,0,False
24325e41-a6fd-4a38-9edd-facc51112855,1,50,+50,10,1,1,1,False
24325e41-a6fd-4a38-9edd-facc51112855,2,50,+50,10,0,0,0,False
24325e41-a6fd-4a38-9edd-facc51112855,3,45,+45,9,1,0.5,0.5,False
f095d2c1-86a5-4e90-87cf-932d1b54302a,1,127.5,127.5,5,1,0.5,0.5,False
f095d2c1-86a5-4e90-87cf-932d1b54302a,2,127.5,127.5,5,0,0,0,False
f095d2c1-86a5-4e90-87cf-932d1b54302a,3,127.5,127.5,4,1,0.5,0.5,False
f095d2c1-86a5-4e90-87cf-932d1b54302a,4,127.5,127.5,4,0,0,0,False
45fca826-7140-47d8-bc19-ffec8993f0f3,1,62.5,62.5,10,1,1,1,False
45fca826-7140-47d8-bc19-ffec8993f0f3,2,62.5,62.5,9,1,1,1,False
45fca826-7140-47d8-bc19-ffec8993f0f3,3,62.5,62.5,9,0,0,0,False
45fca826-7140-47d8-bc19-ffec8993f0f3,4,62.5,62.5,8,0,0,0,False
5cc2e01c-0e6f-4505-bd98-a21e3d28d620,1,72.5,72.5,7,1,0.5,0.5,False
5cc2e01c-0e6f-4505-bd98-a21e3d28d620,2,72.5,72.5,6,1,0.5,0.5,False
5cc2e01c-0e6f-4505-bd98-a21e3d28d620,3,72.5,72.5,6,0,0,0,False
4b210657-b78b-43b2-90f9-eea4aa1cff20,1,85,85,11,1,1,1,False
4b210657-b78b-43b2-90f9-eea4aa1cff20,2,85,85,10,1,1,1,False
4b210657-b78b-43b2-90f9-eea4aa1cff20,3,85,85,10,0,0,0,False
3af95f79-c2f0-470a-9ea3-a2aa2f18b333,1,70,70,10,1,1,1,False
3af95f79-c2f0-470a-9ea3-a2aa2f18b333,2,70,70,9,1,1,1,False
3af95f79-c2f0-470a-9ea3-a2aa2f18b333,3,70,70,8,1,1,1,False
3af95f79-c2f0-470a-9ea3-a2aa2f18b333,4,70,70,8,0,0,0,False
8397ffd2-0b7d-4955-8f4f-25644bd932cd,1,37.5,37.5,12,1,1,1,False
8397ffd2-0b7d-4955-8f4f-25644bd932cd,2,37.5,37.5,15,1,1,1,False
8397ffd2-0b7d-4955-8f4f-25644bd932cd,3,37.5,37.5,13,1,1,1,False
8397ffd2-0b7d-4955-8f4f-25644bd932cd,4,37.5,37.5,13,0,0,0,False
344e1f00-6737-402d-82c7-84dd7ba28503,1,30,30,11,0,0,0,False
344e1f00-6737-402d-82c7-84dd7ba28503,2,30,30,10,0,0,0,False
344e1f00-6737-402d-82c7-84dd7ba28503,3,27.5,27.5,11,1,0.5,0.5,False
344e1f00-6737-402d-82c7-84dd7ba28503,4,27.5,27.5,10,0,0,0,False
c57aada7-ff32-44d7-bd66-9e6e1397458a,1,70,70,8,1,0.5,0.5,False
c57aada7-ff32-44d7-bd66-9e6e1397458a,2,70,70,6,0,0,0,False
c57aada7-ff32-44d7-bd66-9e6e1397458a,3,70,70,5,0,0,0,False
4ea7d3d4-9d90-44f2-93b7-854139e0b9f7,1,167.5,167.5,8,0,0,0,False
4ea7d3d4-9d90-44f2-93b7-854139e0b9f7,2,167.5,167.5,6,1,0.5,0.5,False
4ea7d3d4-9d90-44f2-93b7-854139e0b9f7,3,167.5,167.5,6,0,0,0,False
68674e0e-aa68-404a-a4a5-763b9b35c019,1,112.5,112.5,8,2,1.5,1.5,False
68674e0e-aa68-404a-a4a5-763b9b35c019,2,112.5,112.5,8,1,1,1,False
68674e0e-aa68-404a-a4a5-763b9b35c019,3,112.5,112.5,7,1,1,1,False
68674e0e-aa68-404a-a4a5-763b9b35c019,4,112.5,112.5,8,1,0.5,0.5,False
c8bda6df-18d8-4b76-b46f-a7a0b97c2b1a,1,95,95,10,2,1.5,1.5,False
c8bda6df-18d8-4b76-b46f-a7a0b97c2b1a,2,95,95,10,1,0.5,0.5,False
c8bda6df-18d8-4b76-b46f-a7a0b97c2b1a,3,95,95,10,0,0,0,False
c8bda6df-18d8-4b76-b46f-a7a0b97c2b1a,4,95,95,9,0,0,0,False
875a3c51-b834-46e5-9472-8591b176ab2a,1,35,35,10,0,0,0,False
875a3c51-b834-46e5-9472-8591b176ab2a,2,32.5,32.5,12,0,0,0,False
875a3c51-b834-46e5-9472-8591b176ab2a,3,32.5,32.5,11,0,0,0,False
01cd3f00-5335-40d2-917d-d77b8aed0a74,1,30,30,9,1,1,1,False
01cd3f00-5335-40d2-917d-d77b8aed0a74,2,30,30,9,1,1,1,False
01cd3f00-5335-40d2-917d-d77b8aed0a74,3,30,30,10,0,0,0,False
2516e169-0efb-4e7d-b8a1-c106e86d6886,1,92.5,92.5,13,1,1,1,False
2516e169-0efb-4e7d-b8a1-c106e86d6886,2,92.5,92.5,13,1,0.5,0.5,False
2516e169-0efb-4e7d-b8a1-c106e86d6886,3,92.5,92.5,10,0,0,0,False
dd307196-98ea-4ef6-b7cc-c556b69fc205,1,145,145,7,1,0.5,0.5,False
dd307196-98ea-4ef6-b7cc-c556b69fc205,2,145,145,5,0,0,0,False
dd307196-98ea-4ef6-b7cc-c556b69fc205,3,132.5,132.5,8,0,0,0,False
bfcd2b9b-6858-472d-8028-470b14e732b3,1,50,50,12,0,0,0,False
bfcd2b9b-6858-472d-8028-470b14e732b3,2,50,50,10,1,0.5,0.5,False
bfcd2b9b-6858-472d-8028-470b14e732b3,3,50,50,10,0,0,0,False
8e6c6880-835c-4677-9cd2-e423c5147ae8,1,165,165,10,1,1,1,False
8e6c6880-835c-4677-9cd2-e423c5147ae8,2,165,165,9,1,1,1,False
8e6c6880-835c-4677-9cd2-e423c5147ae8,3,165,165,9,1,0.5,0.5,False
8c382ccb-04c2-4ebe-8868-7698e6748060,1,70,70,12,2,2,2,False
8c382ccb-04c2-4ebe-8868-7698e6748060,2,70,70,12,1,1,1,False
8c382ccb-04c2-4ebe-8868-7698e6748060,3,70,70,12,1,1,1,False
8c382ccb-04c2-4ebe-8868-7698e6748060,4,70,70,12,1,0.5,0.5,False
6c172568-9367-4cd6-9731-7a00ac9d541f,1,87.5,87.5,11,1,1,1,False
6c172568-9367-4cd6-9731-7a00ac9d541f,2,87.5,87.5,11,0,0,0,False
6c172568-9367-4cd6-9731-7a00ac9d541f,3,87.5,87.5,10,0,0,0,False
6c172568-9367-4cd6-9731-7a00ac9d541f,4,87.5,87.5,10,0,0,0,False
d488b022-c3a4-4dc7-ac39-1714ffbddac5,1,22.5,22.5,10,1,1,1,False
d488b022-c3a4-4dc7-ac39-1714ffbddac5,2,22.5,22.5,10,1,1,1,False
d488b022-c3a4-4dc7-ac39-1714ffbddac5,3,22.5,22.5,10,0,0,0,False
83a305a8-fe65-42a5-9e9c-524ed16935f0,1,30,30,16,1,1,1,False
83a305a8-fe65-42a5-9e9c-524ed16935f0,2,30,30,15,1,1,1,False
83a305a8-fe65-42a5-9e9c-524ed16935f0,3,30,30,14,0,0,0,False
668da1b2-840b-4678-892d-1ca205aaec41,1,297.5,297.5,6,1,1,1,False
668da1b2-840b-4678-892d-1ca205aaec41,2,297.5,297.5,6,1,0.5,0.5,False
668da1b2-840b-4678-892d-1ca205aaec41,3,297.5,297.5,6,0,0,0,False
668da1b2-840b-4678-892d-1ca205aaec41,4,297.5,297.5,5,0,0,0,False
cb8de83d-6da0-4bc9-bbcc-bad880637899,1,62.5,62.5,9,1,1,1,False
cb8de83d-6da0-4bc9-bbcc-bad880637899,2,62.5,62.5,9,1,1,1,False
cb8de83d-6da0-4bc9-bbcc-bad880637899,3,62.5,62.5,9,0,0,0,False
8975c04c-055f-4f97-a0b3-8e65c85445f6,1,162.5,162.5,6,1,1,1,False
8975c04c-055f-4f97-a0b3-8e65c85445f6,2,162.5,162.5,6,0,0,0,False
8975c04c-055f-4f97-a0b3-8e65c85445f6,3,162.5,162.5,5,0,0,0,False
8975c04c-055f-4f97-a0b3-8e65c85445f6,4,162.5,162.5,5,0,0,0,False
090e8ca6-33c8-419f-abb0-f1813437e305,1,195,195,8,2,2,2,False
090e8ca6-33c8-419f-abb0-f1813437e305,2,195,195,8,3,2.5,2.5,False
090e8ca6-33c8-419f-abb0-f1813437e305,3,195,195,8,2,2,2,False
090e8ca6-33c8-419f-abb0-f1813437e305,4,195,195,8,0,0,0,False
cd9ef2cd-f2ee-49e0-8f21-645e8f8c2483,1,127.5,+127.5,12,1,1,1,False
cd9ef2cd-f2ee-49e0-8f21-645e8f8c2483,2,127.5,+127.5,12,0,0,0,False
cd9ef2cd-f2ee-49e0-8f21-645e8f8c2483,3,127.5,+127.5,11,0,0,0,False
5cf0fb67-8062-448c-aa2b-00cd05ad3176,1,13,+13,7,1,0.5,0.5,False
5cf0fb67-8062-448c-aa2b-00cd05ad3176,2,10,+10,8,0,0,0,False
5cf0fb67-8062-448c-aa2b-00cd05ad3176,3,5,+5,8,1,0.5,0.5,False
c3ced034-ad32-4e25-a917-2069f78feca9,1,45,+45,12,1,1,1,False
c3ced034-ad32-4e25-a917-2069f78feca9,2,45,+45,12,0,0,0,False
c3ced034-ad32-4e25-a917-2069f78feca9,3,45,+45,11,0,0,0,False
9a9c7d91-1310-49c2-b96b-537381a62fdc,1,127.5,127.5,6,0,0,0,False
9a9c7d91-1310-49c2-b96b-537381a62fdc,2,127.5,127.5,5,0,0,0,False
9a9c7d91-1310-49c2-b96b-537381a62fdc,3,127.5,127.5,3,0,0,0,False
be3321d2-b0d6-4635-92b2-ad87b66421b7,1,60,60,11,1,1,1,False
be3321d2-b0d6-4635-92b2-ad87b66421b7,2,60,60,10,1,0.5,0.5,False
be3321d2-b0d6-4635-92b2-ad87b66421b7,3,60,60,10,0,0,0,False
8d447d8f-5fd3-41d9-9add-d247b5bc0cab,1,67.5,67.5,8,2,2,2,False
8d447d8f-5fd3-41d9-9add-d247b5bc0cab,2,67.5,67.5,8,1,1,1,False
8d447d8f-5fd3-41d9-9add-d247b5bc0cab,3,67.5,67.5,8,1,0.5,0.5,False
e84cd6cd-5f51-46d3-bde3-3e233645005e,1,82.5,82.5,10,2,2,2,False
e84cd6cd-5f51-46d3-bde3-3e233645005e,2,82.5,82.5,11,1,1,1,False
e84cd6cd-5f51-46d3-bde3-3e233645005e,3,82.5,82.5,11,0,0,0,False
7be0fef3-dca2-4054-bf03-6527fad82c2a,1,72.5,72.5,8,1,1,1,False
7be0fef3-dca2-4054-bf03-6527fad82c2a,2,72.5,72.5,8,1,0.5,0.5,False
7be0fef3-dca2-4054-bf03-6527fad82c2a,3,67.5,67.5,9,1,1,1,False
4459f74b-754f-420f-9ea1-ff74ff3b7d4f,1,35,35,13,1,1,1,False
4459f74b-754f-420f-9ea1-ff74ff3b7d4f,2,35,35,12,2,2,2,False
4459f74b-754f-420f-9ea1-ff74ff3b7d4f,3,35,35,14,1,1,1,False
f385b08b-89fb-4db2-a490-1d0f053a7201,1,27.5,27.5,13,1,0.5,0.5,False
f385b08b-89fb-4db2-a490-1d0f053a7201,2,27.5,27.5,12,0,0,0,False
f385b08b-89fb-4db2-a490-1d0f053a7201,3,27.5,27.5,11,0,0,0,False
f385b08b-89fb-4db2-a490-1d0f053a7201,4,27.5,27.5,9,0,0,0,False
cec973a2-8e19-40f4-8961-8a73c2e5f559,1,72.5,72.5,6,1,0.5,0.5,False
cec973a2-8e19-40f4-8961-8a73c2e5f559,2,72.5,72.5,6,0,0,0,False
d614705e-e4d5-4ac2-978d-e8cd21557915,1,165,165,8,1,1,1,False
d614705e-e4d5-4ac2-978d-e8cd21557915,2,165,165,8,0,0,0,False
d614705e-e4d5-4ac2-978d-e8cd21557915,3,165,165,8,0,0,0,False
5f17c38f-5f3d-4363-aedd-677de65df456,1,110,110,8,1,1,1,False
5f17c38f-5f3d-4363-aedd-677de65df456,2,110,110,7,2,1.5,1.5,False
5f17c38f-5f3d-4363-aedd-677de65df456,3,110,110,7,2,1.5,1.5,False
5f17c38f-5f3d-4363-aedd-677de65df456,4,110,110,8,1,0.5,0.5,False
169ac0a0-2996-4062-b2c0-5cfccf7bed43,1,95,95,10,1,1,1,False
169ac0a0-2996-4062-b2c0-5cfccf7bed43,2,95,95,10,0,0,0,False
169ac0a0-2996-4062-b2c0-5cfccf7bed43,3,95,95,9,0,0,0,False
169ac0a0-2996-4062-b2c0-5cfccf7bed43,4,95,95,8,0,0,0,False
f016f653-50b0-4e54-866e-0feb1bddb8b6,1,27.5,27.5,12,2,1.5,1.5,False
f016f653-50b0-4e54-866e-0feb1bddb8b6,2,30,30,11,0,0,0,False
f016f653-50b0-4e54-866e-0feb1bddb8b6,3,35,35,10,0,0,0,False
d74c1d71-09b5-4258-b845-bafe14b21191,1,27.5,27.5,12,1,1,1,False
d74c1d71-09b5-4258-b845-bafe14b21191,2,27.5,27.5,12,1,0.5,0.5,False
0461ba96-a67f-4564-b829-dbb87784efd3,1,85,85,15,2,2,2,False
0461ba96-a67f-4564-b829-dbb87784efd3,2,85,85,15,2,2,2,False
0461ba96-a67f-4564-b829-dbb87784efd3,3,85,85,15,0,0,0,False
7a349efb-f8dc-40a6-8ff3-aa2b3ca7fc79,1,142.5,142.5,8,0,0,0,False
7a349efb-f8dc-40a6-8ff3-aa2b3ca7fc79,2,142.5,142.5,7,0,0,0,False
7a349efb-f8dc-40a6-8ff3-aa2b3ca7fc79,3,142.5,142.5,5,1,0.5,0.5,False
26047fdb-74d6-41e2-89e4-03dc3b3916d7,1,50,50,12,0,0,0,False
26047fdb-74d6-41e2-89e4-03dc3b3916d7,2,50,50,9,1,0.5,0.5,False
02196a31-6a9a-45f5-9c50-fc7f44ebf735,1,157.5,157.5,10,2,2,2,False
02196a31-6a9a-45f5-9c50-fc7f44ebf735,2,157.5,157.5,10,1,1,1,False
02196a31-6a9a-45f5-9c50-fc7f44ebf735,3,157.5,157.5,10,1,1,1,False
520ce96f-22e3-4110-a545-02a7738092d3,1,70,70,11,2,2,2,False
520ce96f-22e3-4110-a545-02a7738092d3,2,70,70,11,2,2,2,False
520ce96f-22e3-4110-a545-02a7738092d3,3,70,70,11,1,1,1,False
520ce96f-22e3-4110-a545-02a7738092d3,4,70,70,11,1,0.5,0.5,False
47bb8bac-542b-472d-b72f-a22a0ed732fa,1,82.5,82.5,12,2,2,2,False
47bb8bac-542b-472d-b72f-a22a0ed732fa,2,82.5,82.5,11,1,1,1,False
47bb8bac-542b-472d-b72f-a22a0ed732fa,3,80,80,9,2,2,2,False
47bb8bac-542b-472d-b72f-a22a0ed732fa,4,80,80,10,0,0,0,False
da5da076-8a6d-45b0-a3e5-c5c0c6c6e460,1,20,20,14,1,1,1,False
da5da076-8a6d-45b0-a3e5-c5c0c6c6e460,2,20,20,14,1,1,1,False
ac042c97-7544-4bd9-8424-1c655d8c6cb1,1,30,30,15,1,1,1,False
ac042c97-7544-4bd9-8424-1c655d8c6cb1,2,30,30,13,2,2,2,False
9bda7bbd-d2a0-4403-903f-3392305c620d,1,297.5,297.5,6,1,0.5,0.5,False
9bda7bbd-d2a0-4403-903f-3392305c620d,2,297.5,297.5,5,1,1,1,False
9bda7bbd-d2a0-4403-903f-3392305c620d,3,297.5,297.5,5,0,0,0,False
bc64f08b-cf2e-4284-8a63-452172fa8ac6,1,52.5,52.5,10,2,2,2,False
bc64f08b-cf2e-4284-8a63-452172fa8ac6,2,52.5,52.5,11,1,1,1,False
bc64f08b-cf2e-4284-8a63-452172fa8ac6,3,52.5,52.5,11,0,0,0,False
7f79aed3-a315-430a-a169-007ef2d6f2d2,1,165,165,5,1,1,1,False
7f79aed3-a315-430a-a169-007ef2d6f2d2,2,165,165,5,0,0,0,False
7f79aed3-a315-430a-a169-007ef2d6f2d2,3,165,165,4,1,0.5,0.5,False
53c3802a-eda6-463b-934f-1a55188ef296,1,85,85,14,1,1,1,False
53c3802a-eda6-463b-934f-1a55188ef296,2,85,85,12,1,1,1,False
53c3802a-eda6-463b-934f-1a55188ef296,3,85,85,12,0,0,0,False
fca0381b-da7b-4e71-af1e-707631735988,1,125,+125,12,1,1,1,False
fca0381b-da7b-4e71-af1e-707631735988,2,125,+125,12,0,0,0,False
fca0381b-da7b-4e71-af1e-707631735988,3,125,+125,11,0,0,0,False
5da41047-58b6-4838-89ab-0ab4ff7b0e1b,1,12,+12,8,3,3,3,False
5da41047-58b6-4838-89ab-0ab4ff7b0e1b,2,12,+12,8,1,1,1,False
5da41047-58b6-4838-89ab-0ab4ff7b0e1b,3,12,+12,6,0,0,0,False
9ee76c44-ae7b-48cb-b9a0-dcd82a4ad25a,1,47.5,+47.5,10,1,1,1,False
9ee76c44-ae7b-48cb-b9a0-dcd82a4ad25a,2,47.5,+47.5,10,0,0,0,False
bdf0a4dd-709c-4a98-839b-e710c0e50172,1,125,125,6,0,0,0,False
bdf0a4dd-709c-4a98-839b-e710c0e50172,2,125,125,5,0,0,0,False
bdf0a4dd-709c-4a98-839b-e710c0e50172,3,125,125,4,1,0.5,0.5,False
348d7730-dae5-46d8-a2bc-cb827e112205,1,65,65,7,1,0.5,0.5,False
348d7730-dae5-46d8-a2bc-cb827e112205,2,60,60,10,1,1,1,False
348d7730-dae5-46d8-a2bc-cb827e112205,3,60,60,10,0,0,0,False
6f8e0f8b-0d81-4487-9e78-d860c0eeb6ab,1,65,65,8,3,2.5,2.5,False
6f8e0f8b-0d81-4487-9e78-d860c0eeb6ab,2,65,65,8,2,2,2,False
21455443-c340-4842-9348-ac0b073c94a7,1,80,80,10,3,2.5,2.5,False
21455443-c340-4842-9348-ac0b073c94a7,2,80,80,10,2,2,2,False
73de63b9-7a95-424b-b0f6-97c6200b8377,1,67.5,67.5,10,1,1,1,False
73de63b9-7a95-424b-b0f6-97c6200b8377,2,67.5,67.5,10,1,1,1,False
73de63b9-7a95-424b-b0f6-97c6200b8377,3,65,65,9,2,1.5,1.5,False
3126924f-d096-4605-b323-e482eb3158d3,1,30,30,12,4,3.5,3.5,False
3126924f-d096-4605-b323-e482eb3158d3,2,30,30,12,4,3.5,3.5,False
3126924f-d096-4605-b323-e482eb3158d3,3,35,35,12,2,2,2,False
8599ce84-a1ab-478b-a620-cd1e96f1a6c5,1,27.5,27.5,12,0,0,0,False
8599ce84-a1ab-478b-a620-cd1e96f1a6c5,2,27.5,27.5,11,0,0,0,False
8599ce84-a1ab-478b-a620-cd1e96f1a6c5,3,27.5,27.5,9,0,0,0,False
8599ce84-a1ab-478b-a620-cd1e96f1a6c5,4,25,25,12,0,0,0,False
cc931623-cf19-420b-9661-1ec3c405b093,1,65,65,9,2,1.5,1.5,False
cc931623-cf19-420b-9661-1ec3c405b093,2,65,65,9,0,0,0,False
92dc2a18-1b1f-4299-9fca-e7b7e5cc3574,1,162.5,162.5,8,1,0.5,0.5,False
92dc2a18-1b1f-4299-9fca-e7b7e5cc3574,2,162.5,162.5,8,0,0,0,False
8016db95-2b71-4089-9fd5-6b101fe7ac97,1,105,105,8,1,1,1,False
8016db95-2b71-4089-9fd5-6b101fe7ac97,2,105,105,8,2,2,2,False
8016db95-2b71-4089-9fd5-6b101fe7ac97,3,105,105,8,1,1,1,False
a6810cdd-85ab-435b-a824-cb242140c32f,1,85,85,14,1,1,1,False
a6810cdd-85ab-435b-a824-cb242140c32f,2,85,85,14,0,0,0,False
a6810cdd-85ab-435b-a824-cb242140c32f,3,82.5,82.5,14,0,0,0,False
2656dbff-1458-4e83-950c-11cc0a7a3636,1,57.5,57.5,11,1,0.5,0.5,False
2656dbff-1458-4e83-950c-11cc0a7a3636,2,57.5,57.5,10,1,1,1,False
2656dbff-1458-4e83-950c-11cc0a7a3636,3,57.5,57.5,9,0,0,0,False
a4ceaf60-b590-4708-b1fb-28728b68b9dc,1,27.5,27.5,11,1,1,1,False
a4ceaf60-b590-4708-b1fb-28728b68b9dc,2,27.5,27.5,11,0,0,0,False
6381b443-c4e9-4c63-a85e-cc1fa14ebfd5,1,70,70,15,6,5+,6,False
6381b443-c4e9-4c63-a85e-cc1fa14ebfd5,2,80,80,15,6,5+,6,False
2420f2d6-6872-4569-8366-72bc391bbbbe,1,142.5,142.5,8,0,0,0,False
2420f2d6-6872-4569-8366-72bc391bbbbe,2,142.5,142.5,6,0,0,0,False
8a0b9a51-0d08-4ea9-8410-bd72ee2e51fa,1,55,55,7,0,0,0,False
8a0b9a51-0d08-4ea9-8410-bd72ee2e51fa,2,45,45,15,0,0,0,False
10ef4197-7a39-4072-b34c-9da9943565aa,1,152.5,152.5,10,3,2.5,2.5,False
10ef4197-7a39-4072-b34c-9da9943565aa,2,152.5,152.5,11,1,1,1,False
10ef4197-7a39-4072-b34c-9da9943565aa,3,152.5,152.5,9,2,2,2,False
c2dae880-9963-4845-a7ef-44864cca4293,1,65,65,12,4,3.5,3.5,False
c2dae880-9963-4845-a7ef-44864cca4293,2,65,65,12,3,3,3,False
c2dae880-9963-4845-a7ef-44864cca4293,3,65,65,12,3,3,3,False
36d2ae37-e120-4226-b959-e92d5e4c5adc,1,65,65,10,6,5+,6,False
36d2ae37-e120-4226-b959-e92d5e4c5adc,2,75,75,10,4,4,4,False
36d2ae37-e120-4226-b959-e92d5e4c5adc,3,80,80,10,2,2,2,False
43db85cb-29df-466b-a02b-b6d7bc0c7391,1,20,20,12,2,2,2,False
43db85cb-29df-466b-a02b-b6d7bc0c7391,2,20,20,12,2,2,2,False
b929729d-dc24-4b02-aac4-9f6c82a960b7,1,25,25,15,5,4.5,4.5,False
b929729d-dc24-4b02-aac4-9f6c82a960b7,2,27.5,27.5,15,3,2.5,2.5,False
e9519f81-ed9f-43c4-9ce8-acc26e9dc812,1,295,295,6,1,0.5,0.5,False
e9519f81-ed9f-43c4-9ce8-acc26e9dc812,2,295,295,5,1,1,1,False
e9519f81-ed9f-43c4-9ce8-acc26e9dc812,3,295,295,5,0,0,0,False
5ed0e2f3-8d29-4296-b919-df9580ba3761,1,45,45,10,3,3,3,False
5ed0e2f3-8d29-4296-b919-df9580ba3761,2,45,45,10,3,3,3,False
479b690c-285e-4d45-80bb-12b40f4cbc0e,1,180,180,3,0,0,0,False
479b690c-285e-4d45-80bb-12b40f4cbc0e,2,165,165,6,1,0.5,0.5,False
479b690c-285e-4d45-80bb-12b40f4cbc0e,3,165,165,6,0,0,0,False
049aeb95-8736-4070-b416-e1af82e82dbc,1,85,85,14,1,1,1,False
049aeb95-8736-4070-b416-e1af82e82dbc,2,85,85,14,0,0,0,False
049aeb95-8736-4070-b416-e1af82e82dbc,3,85,85,11,0,0,0,False
ec672b91-bdd0-41d2-bda7-2aeb350242e9,1,125,+125,11,1,1,1,False
ec672b91-bdd0-41d2-bda7-2aeb350242e9,2,125,+125,11,0,0,0,False
6c0103d4-19ce-4535-95c6-787bf61c7cf8,1,0,+0,12,4,4,4,False
6c0103d4-19ce-4535-95c6-787bf61c7cf8,2,0,+0,12,3,3,3,False
6c0103d4-19ce-4535-95c6-787bf61c7cf8,3,0,+0,12,2,2,2,False
66a5d4ef-901e-458f-a0e6-52a6585208a9,1,45,+45,10,1,1,1,False
66a5d4ef-901e-458f-a0e6-52a6585208a9,2,45,+45,10,0,0,0,False
be676dfd-564e-49e1-a1e7-0f2b703d7fc3,1,122.5,122.5,6,1,1,1,False
be676dfd-564e-49e1-a1e7-0f2b703d7fc3,2,122.5,122.5,6,0,0,0,False
be676dfd-564e-49e1-a1e7-0f2b703d7fc3,3,122.5,122.5,6,0,0,0,False
2b3e03b0-ce9e-4e81-8c5d-ecdf74bd9ae5,1,60,60,10,3,2.5,2.5,False
2b3e03b0-ce9e-4e81-8c5d-ecdf74bd9ae5,2,60,60,10,1,1,1,False
5d702888-69c9-408a-a8e0-e1c28de5ff7c,1,60,60,8,5,4.5,4.5,False
5d702888-69c9-408a-a8e0-e1c28de5ff7c,2,62.5,62.5,8,4,4,4,False
e958d753-eb30-4173-bd9f-a0ea3a24f961,1,70,70,10,6,5+,6,False
e958d753-eb30-4173-bd9f-a0ea3a24f961,2,75,75,10,5,4.5,4.5,False
504f4b2d-b1a0-429c-bb32-37a7f045cbea,1,52.5,52.5,10,6,5+,6,False
504f4b2d-b1a0-429c-bb32-37a7f045cbea,2,62.5,62.5,10,4,4,4,False
504f4b2d-b1a0-429c-bb32-37a7f045cbea,3,62.5,62.5,10,4,3.5,3.5,False
57127e73-cc2e-4288-ae4f-b510835597de,1,25,25,12,5,4.5,4.5,False
57127e73-cc2e-4288-ae4f-b510835597de,2,25,25,12,5,4.5,4.5,False
57127e73-cc2e-4288-ae4f-b510835597de,3,25,25,12,5,4.5,4.5,False
250b7425-7412-4089-8203-4f14026756b4,1,30,30,10,0,0,0,False
250b7425-7412-4089-8203-4f14026756b4,2,25,25,12,1,1,1,False
250b7425-7412-4089-8203-4f14026756b4,3,25,25,12,0,0,0,False
8dafa53d-3145-4589-b74c-362e24767602,1,185,185,6,6,5+,6,False
8dafa53d-3145-4589-b74c-362e24767602,2,195,195,6,3,3,3,False
8dafa53d-3145-4589-b74c-362e24767602,3,195,195,6,3,3,3,False
f315b895-4a4d-49f8-96bd-0c827535fd86,1,50,50,10,3,3,3,False
f315b895-4a4d-49f8-96bd-0c827535fd86,2,50,50,10,3,3,3,False
f315b895-4a4d-49f8-96bd-0c827535fd86,3,50,50,10,3,3,3,False
487dcc29-5046-440b-b161-ee36043a0a46,1,97.5,97.5,6,3,3,3,False
487dcc29-5046-440b-b161-ee36043a0a46,2,107.5,107.5,6,2,1.5,1.5,False
487dcc29-5046-440b-b161-ee36043a0a46,3,107.5,107.5,7,1,0.5,0.5,False
6779c73e-1559-4a6c-b760-c3bd271c4619,1,57.5,57.5,10,1,1,1,False
6779c73e-1559-4a6c-b760-c3bd271c4619,2,57.5,57.5,10,1,0.5,0.5,False
6779c73e-1559-4a6c-b760-c3bd271c4619,3,55,55,12,0,0,0,False
6779c73e-1559-4a6c-b760-c3bd271c4619,4,55,55,10,0,0,0,False
17fab896-db89-41fa-8ffd-64e2cbee011f,1,45,45,12,6,5+,6,False
17fab896-db89-41fa-8ffd-64e2cbee011f,2,45,45,12,6,5+,6,False
17fab896-db89-41fa-8ffd-64e2cbee011f,3,50,50,12,6,5+,6,False
17fab896-db89-41fa-8ffd-64e2cbee011f,4,55,55,12,6,5+,6,False
ba5201c8-aeb2-4b86-afa9-366b31eb01bb,1,25,25,12,4,3.5,3.5,False
ba5201c8-aeb2-4b86-afa9-366b31eb01bb,2,25,25,12,1,1,1,False
ba5201c8-aeb2-4b86-afa9-366b31eb01bb,3,25,25,12,1,1,1,False
ddae4213-67f3-4955-aef7-8af521fdc20e,1,10,10,12,1,1,1,False
ddae4213-67f3-4955-aef7-8af521fdc20e,2,10,10,12,1,0.5,0.5,False
ddae4213-67f3-4955-aef7-8af521fdc20e,3,7.5,7.5,12,1,1,1,False
ddae4213-67f3-4955-aef7-8af521fdc20e,4,7.5,7.5,12,2,2,2,False
b936178c-4959-4aed-b221-56f46d750208,1,0,+0,12,6,5+,6,False
b936178c-4959-4aed-b221-56f46d750208,2,0,+0,12,6,5+,6,False
b936178c-4959-4aed-b221-56f46d750208,3,0,+0,12,6,5+,6,False
b936178c-4959-4aed-b221-56f46d750208,4,0,+0,12,6,5+,6,False
fb89f123-e667-4058-9e40-43ad421a544c,1,125,+125,10,1,1,1,False
fb89f123-e667-4058-9e40-43ad421a544c,2,115,+115,12,1,1,1,False
fb89f123-e667-4058-9e40-43ad421a544c,3,115,+115,12,0,0,0,False
dd432ebf-b040-487c-9b1e-cd2c55a71d4d,1,125,125,7,6,5+,6,False
dd432ebf-b040-487c-9b1e-cd2c55a71d4d,2,125,125,7,6,5+,6,False
b6ef321f-8c9a-41d9-b67c-2bd60f1efb23,1,47.5,47.5,10,6,5+,6,False
b6ef321f-8c9a-41d9-b67c-2bd60f1efb23,2,47.5,47.5,10,6,5+,6,False
39670e6a-3406-4eed-b99d-1f1a279502c3,1,20,20,10,6,5+,6,False
39670e6a-3406-4eed-b99d-1f1a279502c3,2,25,25,10,6,5+,6,False
39670e6a-3406-4eed-b99d-1f1a279502c3,3,25,25,10,6,5+,6,False
547e6e29-1b1a-4fb0-b97d-1da834d0e6c8,1,60,60,10,6,5+,6,False
547e6e29-1b1a-4fb0-b97d-1da834d0e6c8,2,60,60,10,6,5+,6,False
37a87989-e46a-4605-98c4-07be2cef213d,1,45,45,10,6,5+,6,False
37a87989-e46a-4605-98c4-07be2cef213d,2,40,40,12,6,5+,6,False
ef3b8cc3-a829-4554-8883-a379fa38eb14,1,30,30,12,6,5+,6,False
ef3b8cc3-a829-4554-8883-a379fa38eb14,2,30,30,12,6,5+,6,False
aa185475-5dde-4c3c-a008-2894fd4b295c,1,20,20,12,6,5+,6,False
aa185475-5dde-4c3c-a008-2894fd4b295c,2,20,20,12,6,5+,6,False
3402147a-1ac9-43a7-b637-8317768f597c,1,22.5,22.5,14,6,5+,6,False
3402147a-1ac9-43a7-b637-8317768f597c,2,22.5,22.5,14,6,5+,6,False
8b073608-363d-425e-8353-1cdb232fd512,1,20,20,12,6,5+,6,False
8b073608-363d-425e-8353-1cdb232fd512,2,20,20,12,6,5+,6,False
e42e04f5-2c18-47ff-a1d2-4c2dc1a4f41d,1,150,150,7,6,5+,6,False
e42e04f5-2c18-47ff-a1d2-4c2dc1a4f41d,2,150,150,7,6,5+,6,False
2aa3ce79-de97-4db5-a25c-04ee61c3239a,1,65,65,10,6,5+,6,False
2aa3ce79-de97-4db5-a25c-04ee61c3239a,2,65,65,10,6,5+,6,False
574075b8-42b6-49fb-9aaf-283bc9746a5e,1,57.5,57.5,10,6,5+,6,False
574075b8-42b6-49fb-9aaf-283bc9746a5e,2,57.5,57.5,10,6,5+,6,False
fb21eada-9491-4e62-9397-3f2cc5c9c251,1,150,150,7,6,5+,6,False
fb21eada-9491-4e62-9397-3f2cc5c9c251,2,150,150,7,6,5+,6,False
32903efb-867b-416f-8a00-0b52b4dba82a,1,80,80,12,6,5+,6,False
32903efb-867b-416f-8a00-0b52b4dba82a,2,80,80,11,6,5+,6,False
ce406eb1-2f98-469c-9585-f02fe12092fb,1,20,20,12,6,5+,6,False
ce406eb1-2f98-469c-9585-f02fe12092fb,2,20,20,12,6,5+,6,False
1b0a1915-8d03-48df-90db-6d0f735560bc,1,25,25,15,6,5+,6,False
1b0a1915-8d03-48df-90db-6d0f735560bc,2,25,25,15,6,5+,6,False
f78f31a7-969e-404f-a418-b82329877020,1,135,135,12,6,5+,6,False
f78f31a7-969e-404f-a418-b82329877020,2,135,135,12,6,5+,6,False
b52bdca3-0e2f-4d87-964e-4ec566aecab0,1,20,+20,12,6,5+,6,False
b52bdca3-0e2f-4d87-964e-4ec566aecab0,2,40,+40,12,6,5+,6,False
200c6052-5608-4a46-8cff-ac52cb6531e9,1,0,+0,6,6,5+,6,False
200c6052-5608-4a46-8cff-ac52cb6531e9,2,0,+0,6,6,5+,6,False
edbb3c77-15e0-4db0-a416-1bc09a4320ab,1,137.5,137.5,9,6,5+,6,False
edbb3c77-15e0-4db0-a416-1bc09a4320ab,2,137.5,137.5,9,6,5+,6,False
d90d0f69-75ab-4425-b43a-aa5d3c232e96,1,65,65,10,6,5+,6,False
d90d0f69-75ab-4425-b43a-aa5d3c232e96,2,70,70,10,6,5+,6,False
da36e3bc-f417-42bc-a984-9372e470e642,1,20,20,10,6,5+,6,False
da36e3bc-f417-42bc-a984-9372e470e642,2,25,25,10,6,5+,6,False
da36e3bc-f417-42bc-a984-9372e470e642,3,25,25,10,6,5+,6,False
51bcee76-2b6f-4a61-b450-1ad6b9e179ad,1,47.5,47.5,12,6,5+,6,False
51bcee76-2b6f-4a61-b450-1ad6b9e179ad,2,47.5,47.5,11,5,4.5,4.5,False
c9cdf11b-5e49-4841-85df-f092e9a14fb3,1,25,25,12,5,4.5,4.5,False
c9cdf11b-5e49-4841-85df-f092e9a14fb3,2,20,20,12,6,5+,6,False
c9cdf11b-5e49-4841-85df-f092e9a14fb3,3,22.5,22.5,12,5,4.5,4.5,False
4f202c47-640b-49af-97b0-aa056e09f539,1,20,20,11,6,5+,6,False
4f202c47-640b-49af-97b0-aa056e09f539,2,20,20,11,6,5+,6,False
9c40ce4a-04c3-4561-8667-8dc65baf4e2b,1,65,65,12,6,5+,6,False
9c40ce4a-04c3-4561-8667-8dc65baf4e2b,2,65,65,12,6,5+,6,False
a224c019-868f-4176-a0e6-d7ca020aff72,1,35,35,12,6,5+,6,False
a224c019-868f-4176-a0e6-d7ca020aff72,2,35,35,12,6,5+,6,False
bbebddc4-777a-475c-819a-0f10c2ba9cd6,1,177.5,177.5,6,1,1,1,False
bbebddc4-777a-475c-819a-0f10c2ba9cd6,2,177.5,177.5,6,0,0,0,False
bbebddc4-777a-475c-819a-0f10c2ba9cd6,3,177.5,177.5,5,0,0,0,False
bbebddc4-777a-475c-819a-0f10c2ba9cd6,4,177.5,177.5,4,1,0.5,0.5,False
03cbbd69-c2ff-41b9-9728-b984812afc51,1,82.5,82.5,15,1,1,1,False
03cbbd69-c2ff-41b9-9728-b984812afc51,2,85,85,13,1,0.5,0.5,False
03cbbd69-c2ff-41b9-9728-b984812afc51,3,85,85,13,0,0,0,False
03cbbd69-c2ff-41b9-9728-b984812afc51,4,85,85,12,0,0,0,False
ca96e6bb-b4d8-4f7e-9584-51b1eebf6a62,1,57.5,57.5,10,0,0,0,False
ca96e6bb-b4d8-4f7e-9584-51b1eebf6a62,2,57.5,57.5,8,0,0,0,False
ca96e6bb-b4d8-4f7e-9584-51b1eebf6a62,3,52.5,52.5,10,0,0,0,False
b67d3d73-fde6-4825-922b-ec4fbd3fe67c,1,60,60,11,1,0.5,0.5,False
b67d3d73-fde6-4825-922b-ec4fbd3fe67c,2,60,60,10,0,0,0,False
b67d3d73-fde6-4825-922b-ec4fbd3fe67c,3,57.5,57.5,11,0,0,0,False
f400e6c8-4f23-483f-9d65-8fcb68345ed9,1,85,85,11,1,1,1,False
f400e6c8-4f23-483f-9d65-8fcb68345ed9,2,85,85,10,1,0.5,0.5,False
f400e6c8-4f23-483f-9d65-8fcb68345ed9,3,85,85,10,0,0,0,False
0fea7d8d-fb3c-46c7-9994-93073b974538,1,115,115,10,1,1,1,False
0fea7d8d-fb3c-46c7-9994-93073b974538,2,115,115,9,1,1,1,False
0fea7d8d-fb3c-46c7-9994-93073b974538,3,115,115,9,0,0,0,False
918e4a5d-0291-49af-a264-433366996184,1,105,+105,13,2,2,2,False
918e4a5d-0291-49af-a264-433366996184,2,105,+105,14,1,1,1,False
918e4a5d-0291-49af-a264-433366996184,3,105,+105,13,1,1,1,False
918e4a5d-0291-49af-a264-433366996184,4,105,+105,14,0,0,0,False
063123e7-ed99-4e35-b0fc-f7dea40cd3f4,1,182.5,182.5,6,0,0,0,False
063123e7-ed99-4e35-b0fc-f7dea40cd3f4,2,177.5,177.5,6,1,0.5,0.5,False
063123e7-ed99-4e35-b0fc-f7dea40cd3f4,3,177.5,177.5,6,1,1,1,False
063123e7-ed99-4e35-b0fc-f7dea40cd3f4,4,177.5,177.5,7,0,0,0,False
9fae23b6-a62c-4c7b-93aa-24bc48e9433f,1,155,155,9,1,1,1,False
9fae23b6-a62c-4c7b-93aa-24bc48e9433f,2,155,155,8,1,1,1,False
9fae23b6-a62c-4c7b-93aa-24bc48e9433f,3,155,155,9,0,0,0,False
52d289cc-b366-4d7a-8a4e-932fc2334779,1,55,55,10,0,0,0,False
52d289cc-b366-4d7a-8a4e-932fc2334779,2,55,55,9,0,0,0,False
52d289cc-b366-4d7a-8a4e-932fc2334779,3,55,55,8,0,0,0,False
52d289cc-b366-4d7a-8a4e-932fc2334779,4,55,55,7,1,0.5,0.5,False
b23206c5-0dad-4871-80c8-37011eeac5b6,1,55,55,11,0,0,0,False
b23206c5-0dad-4871-80c8-37011eeac5b6,2,55,55,10,0,0,0,False
b23206c5-0dad-4871-80c8-37011eeac5b6,3,52.5,52.5,11,0,0,0,False
efd4a32c-4bab-4c6b-b63c-dd7077ba91b5,1,55,55,13,1,1,1,False
efd4a32c-4bab-4c6b-b63c-dd7077ba91b5,2,57.5,57.5,10,1,0.5,0.5,False
efd4a32c-4bab-4c6b-b63c-dd7077ba91b5,3,55,55,10,0,0,0,False
efd4a32c-4bab-4c6b-b63c-dd7077ba91b5,4,55,55,8,1,0.5,0.5,False
d149518b-082f-4273-8f93-ea26078a9b58,1,30,30,13,1,0.5,0.5,False
d149518b-082f-4273-8f93-ea26078a9b58,2,30,30,13,0,0,0,False
d149518b-082f-4273-8f93-ea26078a9b58,3,30,30,13,0,0,0,False
07a57500-0ff2-46cb-9993-1cb0a05b181c,1,25,25,13,1,1,1,False
07a57500-0ff2-46cb-9993-1cb0a05b181c,2,25,25,10,1,1,1,False
07a57500-0ff2-46cb-9993-1cb0a05b181c,3,22.5,22.5,12,1,1,1,False
ac8a1114-81f0-45cd-b7a0-936e0450cf1f,1,282.5,282.5,6,2,2,2,False
ac8a1114-81f0-45cd-b7a0-936e0450cf1f,2,282.5,282.5,6,1,1,1,False
ac8a1114-81f0-45cd-b7a0-936e0450cf1f,3,282.5,282.5,6,1,0.5,0.5,False
ac8a1114-81f0-45cd-b7a0-936e0450cf1f,4,282.5,282.5,6,1,0.5,0.5,False
acca6d95-a6c4-4adb-bfeb-cb1cb2f726e4,1,125,125,10,0,0,0,False
acca6d95-a6c4-4adb-bfeb-cb1cb2f726e4,2,120,120,9,1,1,1,False
acca6d95-a6c4-4adb-bfeb-cb1cb2f726e4,3,120,120,9,1,0.5,0.5,False
acca6d95-a6c4-4adb-bfeb-cb1cb2f726e4,4,120,120,9,1,0.5,0.5,False
9e64280c-058f-442a-b0a0-356c41cbcad9,1,87.5,87.5,9,2,1.5,1.5,False
9e64280c-058f-442a-b0a0-356c41cbcad9,2,87.5,87.5,8,2,1.5,1.5,False
9e64280c-058f-442a-b0a0-356c41cbcad9,3,87.5,87.5,8,1,1,1,False
9e64280c-058f-442a-b0a0-356c41cbcad9,4,87.5,87.5,8,1,1,1,False
8afb9908-fdbc-4114-80aa-0dd80231e69d,1,80,80,11,2,1.5,1.5,False
8afb9908-fdbc-4114-80aa-0dd80231e69d,2,80,80,10,1,1,1,False
8afb9908-fdbc-4114-80aa-0dd80231e69d,3,80,80,10,1,0.5,0.5,False
8afb9908-fdbc-4114-80aa-0dd80231e69d,4,80,80,10,0,0,0,False
2da0136b-67a1-40c8-a760-bf7671113e76,1,92.5,+92.5,9,1,1,1,False
2da0136b-67a1-40c8-a760-bf7671113e76,2,92.5,+92.5,9,1,0.5,0.5,False
2da0136b-67a1-40c8-a760-bf7671113e76,3,92.5,+92.5,8,0,0,0,False
887f20a8-e564-47aa-9ea4-8257c3a7fe8f,1,45,+45,9,1,1,1,False
887f20a8-e564-47aa-9ea4-8257c3a7fe8f,2,45,+45,8,1,1,1,False
887f20a8-e564-47aa-9ea4-8257c3a7fe8f,3,45,+45,8,1,0.5,0.5,False
6c91fb61-bc7d-4f5c-b5ad-80e35c95ccd5,1,25,+25,13,2,2,2,False
6c91fb61-bc7d-4f5c-b5ad-80e35c95ccd5,2,25,+25,13,1,1,1,False
6c91fb61-bc7d-4f5c-b5ad-80e35c95ccd5,3,25,+25,12,2,1.5,1.5,False
2186738a-20cf-475d-84a3-c770206faafe,1,142.5,142.5,7,0,0,0,False
2186738a-20cf-475d-84a3-c770206faafe,2,142.5,142.5,6,0,0,0,False
2186738a-20cf-475d-84a3-c770206faafe,3,142.5,142.5,5,1,0.5,0.5,False
d2ea7596-eb6d-419a-8238-826430f7f176,1,32.5,32.5,10,1,0.5,0.5,False
d2ea7596-eb6d-419a-8238-826430f7f176,2,32.5,32.5,9,1,1,1,False
d2ea7596-eb6d-419a-8238-826430f7f176,3,32.5,32.5,9,0,0,0,False
d2ea7596-eb6d-419a-8238-826430f7f176,4,32.5,32.5,9,0,0,0,False
cf394adf-87bf-475f-8c43-7cc3283ca1ec,1,160,160,10,1,0.5,0.5,False
cf394adf-87bf-475f-8c43-7cc3283ca1ec,2,160,160,9,1,1,1,False
cf394adf-87bf-475f-8c43-7cc3283ca1ec,3,160,160,9,0,0,0,False
2991b5cb-e1fa-4bd8-8492-05dd9ac95432,1,155,155,9,1,1,1,False
2991b5cb-e1fa-4bd8-8492-05dd9ac95432,2,155,155,8,1,1,1,False
2991b5cb-e1fa-4bd8-8492-05dd9ac95432,3,155,155,8,0,0,0,False
e1387b29-8c6c-4c26-a952-2aa01037846b,1,27.5,27.5,9,1,1,1,False
e1387b29-8c6c-4c26-a952-2aa01037846b,2,27.5,27.5,9,1,1,1,False
e1387b29-8c6c-4c26-a952-2aa01037846b,3,27.5,27.5,9,1,1,1,False
e1387b29-8c6c-4c26-a952-2aa01037846b,4,27.5,27.5,9,0,0,0,False
b6931843-e863-4933-889d-60c761c02c10,1,22.5,22.5,10,1,1,1,False
b6931843-e863-4933-889d-60c761c02c10,2,22.5,22.5,10,1,1,1,False
b6931843-e863-4933-889d-60c761c02c10,3,22.5,22.5,10,1,0.5,0.5,False
b6931843-e863-4933-889d-60c761c02c10,4,22.5,22.5,10,0,0,0,False
0eed81ea-3df3-4449-925e-80ae22bf8fce,1,30,30,8,1,1,1,False
0eed81ea-3df3-4449-925e-80ae22bf8fce,2,30,30,8,0,0,0,False
0eed81ea-3df3-4449-925e-80ae22bf8fce,3,27.5,27.5,11,0,0,0,False
724db48e-9ddf-4a46-aad5-1edcba32c283,1,175,175,6,1,1,1,False
724db48e-9ddf-4a46-aad5-1edcba32c283,2,175,175,6,0,0,0,False
724db48e-9ddf-4a46-aad5-1edcba32c283,3,175,175,6,0,0,0,False
724db48e-9ddf-4a46-aad5-1edcba32c283,4,175,175,5,0,0,0,False
b5631f07-4cb8-4c90-baae-f84512cfff67,1,82.5,82.5,14,1,1,1,False
b5631f07-4cb8-4c90-baae-f84512cfff67,2,85,85,12,1,1,1,False
b5631f07-4cb8-4c90-baae-f84512cfff67,3,85,85,12,0,0,0,False
b5631f07-4cb8-4c90-baae-f84512cfff67,4,82.5,82.5,13,0,0,0,False
a08b29dd-d7b3-4288-92c7-fc4052a618ca,1,57.5,57.5,10,0,0,0,False
a08b29dd-d7b3-4288-92c7-fc4052a618ca,2,57.5,57.5,7,1,0.5,0.5,False
a08b29dd-d7b3-4288-92c7-fc4052a618ca,3,52.5,52.5,9,0,0,0,False
1203f707-dbdc-4c4a-945a-40c078fff393,1,57.5,57.5,11,2,2,2,False
1203f707-dbdc-4c4a-945a-40c078fff393,2,57.5,57.5,11,1,1,1,False
1203f707-dbdc-4c4a-945a-40c078fff393,3,57.5,57.5,10,0,0,0,False
8c70e017-d536-4a99-85bd-6d17af24cf20,1,85,85,10,1,1,1,False
8c70e017-d536-4a99-85bd-6d17af24cf20,2,80,80,12,1,1,1,False
8c70e017-d536-4a99-85bd-6d17af24cf20,3,80,80,12,0,0,0,False
aed2b39a-505d-435d-9796-ddf256d1d168,1,112.5,112.5,10,1,1,1,False
aed2b39a-505d-435d-9796-ddf256d1d168,2,112.5,112.5,9,1,1,1,False
aed2b39a-505d-435d-9796-ddf256d1d168,3,112.5,112.5,9,0,0,0,False
aa4f8ae6-e1be-46f3-a174-b0371f521055,1,105,+105,12,2,2,2,False
aa4f8ae6-e1be-46f3-a174-b0371f521055,2,105,+105,12,1,1,1,False
aa4f8ae6-e1be-46f3-a174-b0371f521055,3,105,+105,12,1,1,1,False
aa4f8ae6-e1be-46f3-a174-b0371f521055,4,105,+105,13,0,0,0,False
328b5f84-cce4-4bc4-8a1b-49835e3f8b0e,1,180,180,6,1,0.5,0.5,False
328b5f84-cce4-4bc4-8a1b-49835e3f8b0e,2,180,180,6,1,0.5,0.5,False
328b5f84-cce4-4bc4-8a1b-49835e3f8b0e,3,180,180,5,1,1,1,False
328b5f84-cce4-4bc4-8a1b-49835e3f8b0e,4,180,180,6,1,0.5,0.5,False
3b308e44-7ab3-43c1-928b-a5898f7ff3a0,1,155,155,8,1,1,1,False
3b308e44-7ab3-43c1-928b-a5898f7ff3a0,2,155,155,8,1,0.5,0.5,False
3b308e44-7ab3-43c1-928b-a5898f7ff3a0,3,155,155,8,0,0,0,False
92de7f4e-ce0c-41d5-a473-653d7867e60b,1,55,55,10,0,0,0,False
92de7f4e-ce0c-41d5-a473-653d7867e60b,2,55,55,7,1,0.5,0.5,False
92de7f4e-ce0c-41d5-a473-653d7867e60b,3,52.5,52.5,9,0,0,0,False
92de7f4e-ce0c-41d5-a473-653d7867e60b,4,52.5,52.5,9,0,0,0,False
5a1cd92b-df48-4439-bfd3-6574387d8d8e,1,55,55,11,0,0,0,False
5a1cd92b-df48-4439-bfd3-6574387d8d8e,2,55,55,9,0,0,0,False
5a1cd92b-df48-4439-bfd3-6574387d8d8e,3,50,50,12,0,0,0,False
add75461-6691-4d42-98a4-a6d716ae11a6,1,62.5,62.5,9,1,1,1,False
add75461-6691-4d42-98a4-a6d716ae11a6,2,62.5,62.5,8,1,1,1,False
add75461-6691-4d42-98a4-a6d716ae11a6,3,62.5,62.5,7,0,0,0,False
add75461-6691-4d42-98a4-a6d716ae11a6,4,57.5,57.5,7,0,0,0,False
d68b5675-e1fe-4c5e-bf2a-e25e4463759b,1,30,30,12,1,1,1,False
d68b5675-e1fe-4c5e-bf2a-e25e4463759b,2,30,30,11,1,1,1,False
d68b5675-e1fe-4c5e-bf2a-e25e4463759b,3,30,30,12,0,0,0,False
26a52cad-566a-4d77-81a6-de8e2ead5ba4,1,20,20,12,4,3.5,3.5,False
26a52cad-566a-4d77-81a6-de8e2ead5ba4,2,20,20,12,4,4,4,False
26a52cad-566a-4d77-81a6-de8e2ead5ba4,3,25,25,12,4,3.5,3.5,False
afa49e77-a055-41a6-8b11-fa85eefb5b3f,1,275,275,6,2,2,2,False
afa49e77-a055-41a6-8b11-fa85eefb5b3f,2,275,275,6,2,1.5,1.5,False
afa49e77-a055-41a6-8b11-fa85eefb5b3f,3,275,275,6,1,1,1,False
afa49e77-a055-41a6-8b11-fa85eefb5b3f,4,275,275,7,0,0,0,False
f90f2438-afe1-4760-83c3-67e3b0508a1c,1,115,115,11,1,1,1,False
f90f2438-afe1-4760-83c3-67e3b0508a1c,2,115,115,10,1,1,1,False
f90f2438-afe1-4760-83c3-67e3b0508a1c,3,115,115,10,1,1,1,False
f90f2438-afe1-4760-83c3-67e3b0508a1c,4,115,115,10,1,0.5,0.5,False
0d10f23f-4538-4229-a0f9-cf80cb1adb82,1,80,80,9,2,2,2,False
0d10f23f-4538-4229-a0f9-cf80cb1adb82,2,80,80,11,1,1,1,False
0d10f23f-4538-4229-a0f9-cf80cb1adb82,3,80,80,10,1,1,1,False
0d10f23f-4538-4229-a0f9-cf80cb1adb82,4,80,80,10,1,1,1,False
0fae7ee9-a22d-4efe-a543-7664ac92b1a7,1,75,75,12,2,2,2,False
0fae7ee9-a22d-4efe-a543-7664ac92b1a7,2,77.5,77.5,11,1,0.5,0.5,False
0fae7ee9-a22d-4efe-a543-7664ac92b1a7,3,77.5,77.5,10,1,1,1,False
0fae7ee9-a22d-4efe-a543-7664ac92b1a7,4,77.5,77.5,11,0,0,0,False
f423ad7d-5d05-4904-9e45-6201f257ddfd,1,87.5,+87.5,10,1,1,1,False
f423ad7d-5d05-4904-9e45-6201f257ddfd,2,87.5,+87.5,9,1,1,1,False
f423ad7d-5d05-4904-9e45-6201f257ddfd,3,87.5,+87.5,9,0,0,0,False
673ff5f1-1cd6-4d1a-a776-8074ccd56b9c,1,40,+40,9,1,1,1,False
673ff5f1-1cd6-4d1a-a776-8074ccd56b9c,2,40,+40,9,1,1,1,False
673ff5f1-1cd6-4d1a-a776-8074ccd56b9c,3,40,+40,10,0,0,0,False
8d08198e-47b8-40f8-967f-3935ffc7c9db,1,147.5,147.5,5,0,0,0,False
8d08198e-47b8-40f8-967f-3935ffc7c9db,2,147.5,147.5,5,0,0,0,False
8d08198e-47b8-40f8-967f-3935ffc7c9db,3,147.5,147.5,4,1,0.5,0.5,False
98fec38e-1c95-42f5-9954-270f67d979f5,1,35,35,8,1,0.5,0.5,False
98fec38e-1c95-42f5-9954-270f67d979f5,2,32.5,32.5,9,1,1,1,False
98fec38e-1c95-42f5-9954-270f67d979f5,3,32.5,32.5,9,0,0,0,False
98fec38e-1c95-42f5-9954-270f67d979f5,4,32.5,32.5,9,0,0,0,False
290becae-d0dc-4f65-b151-2fb08e497286,1,150,150,10,1,1,1,False
290becae-d0dc-4f65-b151-2fb08e497286,2,150,150,12,1,1,1,False
290becae-d0dc-4f65-b151-2fb08e497286,3,150,150,10,1,1,1,False
0e2dbd52-305c-473c-86e2-b882c5dea59d,1,150,150,10,1,0.5,0.5,False
0e2dbd52-305c-473c-86e2-b882c5dea59d,2,150,150,9,1,1,1,False
0e2dbd52-305c-473c-86e2-b882c5dea59d,3,150,150,9,0,0,0,False
499750e7-3344-40c3-98ec-e845b66b3d77,1,27.5,27.5,8,1,1,1,False
499750e7-3344-40c3-98ec-e845b66b3d77,2,25,25,12,1,1,1,False
499750e7-3344-40c3-98ec-e845b66b3d77,3,25,25,11,1,1,1,False
499750e7-3344-40c3-98ec-e845b66b3d77,4,25,25,13,0,0,0,False
2699a2da-bcc3-420a-9647-4816ba0d1053,1,20,20,14,1,1,1,False
2699a2da-bcc3-420a-9647-4816ba0d1053,2,20,20,14,1,1,1,False
2699a2da-bcc3-420a-9647-4816ba0d1053,3,20,20,13,1,1,1,False
2699a2da-bcc3-420a-9647-4816ba0d1053,4,20,20,14,0,0,0,False
82c79f03-004b-4ff5-933c-53e52e1d0640,1,27.5,27.5,11,1,0.5,0.5,False
82c79f03-004b-4ff5-933c-53e52e1d0640,2,27.5,27.5,11,0,0,0,False
82c79f03-004b-4ff5-933c-53e52e1d0640,3,27.5,27.5,10,0,0,0,False
13024f1f-0ec7-4af7-afca-126ebaa58ab0,1,177.5,177.5,6,1,1,1,False
13024f1f-0ec7-4af7-afca-126ebaa58ab0,2,177.5,177.5,5,1,0.5,0.5,False
13024f1f-0ec7-4af7-afca-126ebaa58ab0,3,177.5,177.5,5,0,0,0,False
13024f1f-0ec7-4af7-afca-126ebaa58ab0,4,177.5,177.5,4,0,0,0,False
dd5167d0-beee-408a-91ba-857c0dd7207d,1,82.5,82.5,12,2,2,2,False
dd5167d0-beee-408a-91ba-857c0dd7207d,2,82.5,82.5,12,1,1,1,False
dd5167d0-beee-408a-91ba-857c0dd7207d,3,85,85,10,1,1,1,False
dd5167d0-beee-408a-91ba-857c0dd7207d,4,85,85,11,0,0,0,False
d7230490-404b-4622-8a16-c9cd27fe3f5c,1,57.5,57.5,9,0,0,0,False
d7230490-404b-4622-8a16-c9cd27fe3f5c,2,57.5,57.5,6,1,0.5,0.5,False
d7230490-404b-4622-8a16-c9cd27fe3f5c,3,52.5,52.5,9,0,0,0,False
c796839d-6045-44b5-a404-64166524d357,1,55,55,12,2,2,2,False
c796839d-6045-44b5-a404-64166524d357,2,55,55,12,2,2,2,False
c796839d-6045-44b5-a404-64166524d357,3,55,55,12,1,1,1,False
c8b9c938-0052-405f-844d-198dc63d3d3f,1,80,80,12,1,1,1,False
c8b9c938-0052-405f-844d-198dc63d3d3f,2,80,80,11,1,1,1,False
c8b9c938-0052-405f-844d-198dc63d3d3f,3,80,80,11,0,0,0,False
4a14abaa-a3ed-4722-af42-8b068b94e772,1,105,105,12,1,1,1,False
4a14abaa-a3ed-4722-af42-8b068b94e772,2,105,105,11,1,1,1,False
4a14abaa-a3ed-4722-af42-8b068b94e772,3,105,105,11,0,0,0,False
73dd655c-8940-4b83-93f8-883b93878e50,1,102.5,+102.5,12,2,2,2,False
73dd655c-8940-4b83-93f8-883b93878e50,2,102.5,+102.5,12,1,1,1,False
73dd655c-8940-4b83-93f8-883b93878e50,3,102.5,+102.5,12,1,1,1,False
73dd655c-8940-4b83-93f8-883b93878e50,4,102.5,+102.5,12,1,1,1,False
d34c30c4-4cd0-4b6b-9a38-84d066f2472b,1,175,175,6,1,1,1,False
d34c30c4-4cd0-4b6b-9a38-84d066f2472b,2,175,175,6,1,1,1,False
d34c30c4-4cd0-4b6b-9a38-84d066f2472b,3,175,175,6,1,1,1,False
d34c30c4-4cd0-4b6b-9a38-84d066f2472b,4,175,175,6,1,0.5,0.5,False
8d79530d-2815-4192-af72-8f9ac3bc3baa,1,152.5,152.5,8,1,1,1,False
8d79530d-2815-4192-af72-8f9ac3bc3baa,2,152.5,152.5,7,1,1,1,False
8d79530d-2815-4192-af72-8f9ac3bc3baa,3,152.5,152.5,8,0,0,0,False
ee049168-0650-40f6-8e7b-8563682b7dcd,1,55,55,10,1,0.5,0.5,False
ee049168-0650-40f6-8e7b-8563682b7dcd,2,55,55,8,1,0.5,0.5,False
ee049168-0650-40f6-8e7b-8563682b7dcd,3,55,55,7,1,0.5,0.5,False
ee049168-0650-40f6-8e7b-8563682b7dcd,4,47.5,47.5,12,1,0.5,0.5,False
a8f703c0-954a-4b16-ab87-d6e38ca93770,1,52.5,52.5,12,0,0,0,False
a8f703c0-954a-4b16-ab87-d6e38ca93770,2,52.5,52.5,11,0,0,0,False
a8f703c0-954a-4b16-ab87-d6e38ca93770,3,52.5,52.5,10,0,0,0,False
9ba3fe4e-36ed-44ec-bc99-cd340295109a,1,57.5,57.5,11,1,1,1,False
9ba3fe4e-36ed-44ec-bc99-cd340295109a,2,57.5,57.5,10,1,1,1,False
9ba3fe4e-36ed-44ec-bc99-cd340295109a,3,57.5,57.5,10,1,0.5,0.5,False
9ba3fe4e-36ed-44ec-bc99-cd340295109a,4,57.5,57.5,8,0,0,0,False
a131299a-4240-4965-96fa-2332c072008c,1,27.5,27.5,14,2,1.5,1.5,False
a131299a-4240-4965-96fa-2332c072008c,2,27.5,27.5,14,1,1,1,False
a131299a-4240-4965-96fa-2332c072008c,3,27.5,27.5,13,1,1,1,False
8b2676af-a2de-4aca-a2ad-7744d10279cc,1,50,50,12,4,3.5,3.5,False
8b2676af-a2de-4aca-a2ad-7744d10279cc,2,50,50,12,3,3,3,False
8b2676af-a2de-4aca-a2ad-7744d10279cc,3,50,50,15,1,0.5,0.5,False
eab2eda4-c4f9-466f-9ef9-4cab234914b7,1,262.5,262.5,6,3,2.5,2.5,False
eab2eda4-c4f9-466f-9ef9-4cab234914b7,2,267.5,267.5,6,2,2,2,False
eab2eda4-c4f9-466f-9ef9-4cab234914b7,3,267.5,267.5,6,1,1,1,False
eab2eda4-c4f9-466f-9ef9-4cab234914b7,4,267.5,267.5,6,1,1,1,False
0a50acfd-491e-4344-89a5-8dde7d57b5ac,1,120,120,9,1,1,1,False
0a50acfd-491e-4344-89a5-8dde7d57b5ac,2,120,120,9,1,1,1,False
0a50acfd-491e-4344-89a5-8dde7d57b5ac,3,120,120,9,1,1,1,False
0a50acfd-491e-4344-89a5-8dde7d57b5ac,4,120,120,10,0,0,0,False
9864122a-d397-4736-9b73-68d1f8796a8c,1,80,80,8,2,2,2,False
9864122a-d397-4736-9b73-68d1f8796a8c,2,80,80,8,2,2,2,False
9864122a-d397-4736-9b73-68d1f8796a8c,3,80,80,8,2,1.5,1.5,False
9864122a-d397-4736-9b73-68d1f8796a8c,4,75,75,8,3,3,3,False
29ff6a76-0f4f-4c52-aeea-8067ad89b3c3,1,75,75,11,2,2,2,False
29ff6a76-0f4f-4c52-aeea-8067ad89b3c3,2,75,75,11,1,1,1,False
29ff6a76-0f4f-4c52-aeea-8067ad89b3c3,3,75,75,11,1,1,1,False
29ff6a76-0f4f-4c52-aeea-8067ad89b3c3,4,75,75,12,0,0,0,False
2247881f-3777-4540-923f-2191364017fc,1,35,+35,10,2,2,2,False
2247881f-3777-4540-923f-2191364017fc,2,35,+35,10,1,1,1,False
2247881f-3777-4540-923f-2191364017fc,3,35,+35,10,1,0.5,0.5,False
7f371e0d-fffc-4b27-ba8f-a7dd98e80415,1,20,+20,13,3,3,3,False
7f371e0d-fffc-4b27-ba8f-a7dd98e80415,2,20,+20,14,2,1.5,1.5,False
7f371e0d-fffc-4b27-ba8f-a7dd98e80415,3,20,+20,14,2,1.5,1.5,False
1de2f76d-6824-4900-91ca-77c17a25ebd0,1,145,145,6,0,0,0,False
1de2f76d-6824-4900-91ca-77c17a25ebd0,2,142.5,142.5,5,1,0.5,0.5,False
1de2f76d-6824-4900-91ca-77c17a25ebd0,3,142.5,142.5,6,0,0,0,False
0796e534-e4de-4f07-9a0b-73a60fb19756,1,32.5,32.5,11,1,1,1,False
0796e534-e4de-4f07-9a0b-73a60fb19756,2,32.5,32.5,10,1,1,1,False
0796e534-e4de-4f07-9a0b-73a60fb19756,3,32.5,32.5,10,1,1,1,False
0796e534-e4de-4f07-9a0b-73a60fb19756,4,32.5,32.5,10,0,0,0,False
ee0ec493-760f-40ef-b43a-197886a63aaa,1,150,150,9,1,1,1,False
ee0ec493-760f-40ef-b43a-197886a63aaa,2,150,150,8,2,1.5,1.5,False
ee0ec493-760f-40ef-b43a-197886a63aaa,3,150,150,9,1,0.5,0.5,False
cf95606c-68d6-4b09-989b-25e2ef0e4273,1,147.5,147.5,10,1,0.5,0.5,False
cf95606c-68d6-4b09-989b-25e2ef0e4273,2,147.5,147.5,9,1,1,1,False
cf95606c-68d6-4b09-989b-25e2ef0e4273,3,147.5,147.5,9,1,0.5,0.5,False
9b397815-60df-4f86-b2d5-215c7f3e68df,1,25,25,10,2,2,2,False
9b397815-60df-4f86-b2d5-215c7f3e68df,2,25,25,10,1,1,1,False
9b397815-60df-4f86-b2d5-215c7f3e68df,3,25,25,10,1,1,1,False
9b397815-60df-4f86-b2d5-215c7f3e68df,4,25,25,10,1,0.5,0.5,False
28556637-8c2a-417c-ae19-5f88fdc4c425,1,20,20,13,1,1,1,False
28556637-8c2a-417c-ae19-5f88fdc4c425,2,20,20,13,1,1,1,False
28556637-8c2a-417c-ae19-5f88fdc4c425,3,20,20,12,1,1,1,False
28556637-8c2a-417c-ae19-5f88fdc4c425,4,20,20,12,0,0,0,False
6ebf2853-2565-4778-ac4d-82cb536829b6,1,27.5,27.5,10,1,1,1,False
6ebf2853-2565-4778-ac4d-82cb536829b6,2,27.5,27.5,10,1,0.5,0.5,False
6ebf2853-2565-4778-ac4d-82cb536829b6,3,27.5,27.5,9,0,0,0,False
c28b48eb-bdb0-47d3-ae43-b0adc1504796,1,172.5,172.5,6,2,1.5,1.5,False
c28b48eb-bdb0-47d3-ae43-b0adc1504796,2,172.5,172.5,6,1,0.5,0.5,False
c28b48eb-bdb0-47d3-ae43-b0adc1504796,3,172.5,172.5,5,1,0.5,0.5,False
c28b48eb-bdb0-47d3-ae43-b0adc1504796,4,172.5,172.5,5,0,0,0,False
8368aecf-b940-46e5-b41d-84a4a7c4646d,1,85,85,9,3,2.5,2.5,False
8368aecf-b940-46e5-b41d-84a4a7c4646d,2,85,85,9,2,2,2,False
8368aecf-b940-46e5-b41d-84a4a7c4646d,3,85,85,9,2,2,2,False
8368aecf-b940-46e5-b41d-84a4a7c4646d,4,85,85,10,1,0.5,0.5,False
b2efde81-097b-4bfd-8812-c5d4d8e87727,1,55,55,10,1,1,1,False
b2efde81-097b-4bfd-8812-c5d4d8e87727,2,55,55,7,1,1,1,False
b2efde81-097b-4bfd-8812-c5d4d8e87727,3,52.5,52.5,7,1,1,1,False
78dcedd0-2db9-4e95-bc8d-503d8d4faf1d,1,60,60,12,3,3,3,False
78dcedd0-2db9-4e95-bc8d-503d8d4faf1d,2,60,60,12,2,2,2,False
78dcedd0-2db9-4e95-bc8d-503d8d4faf1d,3,60,60,11,2,1.5,1.5,False
4ce470a3-7104-49b9-ad43-0c91d288bc88,1,75,75,11,2,2,2,False
4ce470a3-7104-49b9-ad43-0c91d288bc88,2,75,75,11,1,1,1,False
4ce470a3-7104-49b9-ad43-0c91d288bc88,3,75,75,10,1,1,1,False
0a054631-972c-42e5-8cb2-bdf4329a6884,1,102.5,102.5,10,2,1.5,1.5,False
0a054631-972c-42e5-8cb2-bdf4329a6884,2,102.5,102.5,10,1,1,1,False
0a054631-972c-42e5-8cb2-bdf4329a6884,3,102.5,102.5,10,1,1,1,False
f8c1a652-0158-4875-bad4-98346363f110,1,96.25,+96.25,13,2,2,2,False
f8c1a652-0158-4875-bad4-98346363f110,2,96.25,+96.25,12,3,2.5,2.5,False
f8c1a652-0158-4875-bad4-98346363f110,3,96.25,+96.25,13,2,1.5,1.5,False
f8c1a652-0158-4875-bad4-98346363f110,4,96.25,+96.25,13,2,1.5,1.5,False
cf3066f1-70af-4ec6-9726-8eba41770b29,1,0,+0,20,0,0,0,False
cf3066f1-70af-4ec6-9726-8eba41770b29,2,0,+0,20,0,0,0,False
cf3066f1-70af-4ec6-9726-8eba41770b29,3,0,+0,20,0,0,0,False
99d581bc-0eac-49b9-b104-060cb2cacfcd,1,0,+0,20,0,0,0,False
99d581bc-0eac-49b9-b104-060cb2cacfcd,2,0,+0,20,0,0,0,False
99d581bc-0eac-49b9-b104-060cb2cacfcd,3,0,+0,20,0,0,0,False
b57f8e5b-2664-486b-b1d9-52a68e4ecb41,1,165,165,6,2,2,2,False
b57f8e5b-2664-486b-b1d9-52a68e4ecb41,2,165,165,7,1,1,1,False
b57f8e5b-2664-486b-b1d9-52a68e4ecb41,3,165,165,7,1,1,1,False
b57f8e5b-2664-486b-b1d9-52a68e4ecb41,4,165,165,7,1,0.5,0.5,False
0f27103b-1d96-437a-b5d1-0d9b5787c9bc,1,145,145,8,2,2,2,False
0f27103b-1d96-437a-b5d1-0d9b5787c9bc,2,145,145,8,1,1,1,False
0f27103b-1d96-437a-b5d1-0d9b5787c9bc,3,145,145,8,2,1.5,1.5,False
cd880a7b-625f-4a87-8a22-834b7f84e1a5,1,52.5,52.5,11,2,2,2,False
cd880a7b-625f-4a87-8a22-834b7f84e1a5,2,52.5,52.5,11,1,1,1,False
cd880a7b-625f-4a87-8a22-834b7f84e1a5,3,52.5,52.5,10,1,0.5,0.5,False
cd880a7b-625f-4a87-8a22-834b7f84e1a5,4,52.5,52.5,9,1,0.5,0.5,False
b401a2e8-8534-48eb-8240-b899ccac4778,1,52.5,52.5,11,1,1,1,False
b401a2e8-8534-48eb-8240-b899ccac4778,2,52.5,52.5,9,1,0.5,0.5,False
b401a2e8-8534-48eb-8240-b899ccac4778,3,47.5,47.5,13,0,0,0,False
3dfd66a9-2f71-4c97-8a5b-9fb8bc27950b,1,55,55,11,2,2,2,False
3dfd66a9-2f71-4c97-8a5b-9fb8bc27950b,2,55,55,12,1,0.5,0.5,False
3dfd66a9-2f71-4c97-8a5b-9fb8bc27950b,3,55,55,11,1,1,1,False
3dfd66a9-2f71-4c97-8a5b-9fb8bc27950b,4,55,55,10,1,1,1,False
618a5831-7802-4f53-be0e-f43dd2c2a96f,1,25,25,13,2,2,2,False
618a5831-7802-4f53-be0e-f43dd2c2a96f,2,25,25,13,2,2,2,False
618a5831-7802-4f53-be0e-f43dd2c2a96f,3,25,25,15,2,1.5,1.5,False
88527c35-4690-41f9-b41c-74f84b39675b,1,57.5,57.5,10,1,1,1,False
88527c35-4690-41f9-b41c-74f84b39675b,2,57.5,57.5,10,1,1,1,False
88527c35-4690-41f9-b41c-74f84b39675b,3,55,55,11,1,0.5,0.5,False
74d03171-d337-4aa8-8252-9f0aacf93de5,1,290,290,4,0,0,0,False
74d03171-d337-4aa8-8252-9f0aacf93de5,2,262.5,262.5,6,2,1.5,1.5,False
74d03171-d337-4aa8-8252-9f0aacf93de5,3,262.5,262.5,6,2,1.5,1.5,False
74d03171-d337-4aa8-8252-9f0aacf93de5,4,262.5,262.5,6,2,1.5,1.5,False
5d8777db-d57f-40f8-8159-3a0372ab0b9c,1,110,110,10,1,1,1,False
5d8777db-d57f-40f8-8159-3a0372ab0b9c,2,110,110,10,1,1,1,False
5d8777db-d57f-40f8-8159-3a0372ab0b9c,3,110,110,10,1,1,1,False
5d8777db-d57f-40f8-8159-3a0372ab0b9c,4,110,110,10,1,1,1,False
6b8a56dd-8235-461c-988d-ab83887c7caf,1,67.5,67.5,9,3,2.5,2.5,False
6b8a56dd-8235-461c-988d-ab83887c7caf,2,67.5,67.5,9,2,2,2,False
6b8a56dd-8235-461c-988d-ab83887c7caf,3,67.5,67.5,9,2,2,2,False
6b8a56dd-8235-461c-988d-ab83887c7caf,4,67.5,67.5,10,1,1,1,False
05bee8a4-d8e7-43d2-908b-46573be3178a,1,75,75,10,2,2,2,False
05bee8a4-d8e7-43d2-908b-46573be3178a,2,75,75,10,2,1.5,1.5,False
05bee8a4-d8e7-43d2-908b-46573be3178a,3,75,75,10,1,1,1,False
05bee8a4-d8e7-43d2-908b-46573be3178a,4,75,75,10,1,1,1,False
0431180e-d375-4cb7-bcca-b4c744a4d464,1,85,+85,9,2,2,2,False
0431180e-d375-4cb7-bcca-b4c744a4d464,2,85,+85,9,1,1,1,False
0431180e-d375-4cb7-bcca-b4c744a4d464,3,85,+85,9,0,0,0,False
34cd309e-7688-4862-bd84-819b9e969601,1,30,+30,10,4,4,4,False
34cd309e-7688-4862-bd84-819b9e969601,2,30,+30,12,1,1,1,False
34cd309e-7688-4862-bd84-819b9e969601,3,30,+30,10,1,1,1,False
5415ec4f-358a-42aa-a57f-c8c8d0f5ee05,1,20,+20,12,2,2,2,False
5415ec4f-358a-42aa-a57f-c8c8d0f5ee05,2,20,+20,12,2,2,2,False
5415ec4f-358a-42aa-a57f-c8c8d0f5ee05,3,20,+20,12,2,1.5,1.5,False
e2f0281f-3c8c-4331-ab19-80ba03ec3135,1,140,140,7,1,0.5,0.5,False
e2f0281f-3c8c-4331-ab19-80ba03ec3135,2,140,140,6,1,0.5,0.5,False
e2f0281f-3c8c-4331-ab19-80ba03ec3135,3,140,140,5,1,0.5,0.5,False
9a5d0c47-336a-4495-a62c-31bea661be36,1,32.5,32.5,10,1,1,1,False
9a5d0c47-336a-4495-a62c-31bea661be36,2,32.5,32.5,9,1,1,1,False
9a5d0c47-336a-4495-a62c-31bea661be36,3,32.5,32.5,9,1,1,1,False
9a5d0c47-336a-4495-a62c-31bea661be36,4,32.5,32.5,9,0,0,0,False
23eabc01-02ea-4723-93b6-97a0ce60d21d,1,142.5,142.5,10,1,1,1,False
23eabc01-02ea-4723-93b6-97a0ce60d21d,2,142.5,142.5,9,2,1.5,1.5,False
23eabc01-02ea-4723-93b6-97a0ce60d21d,3,142.5,142.5,9,2,1.5,1.5,False
ceddf863-4d1b-42ae-8ecc-ad898d48308e,1,142.5,142.5,10,2,1.5,1.5,False
ceddf863-4d1b-42ae-8ecc-ad898d48308e,2,142.5,142.5,10,2,1.5,1.5,False
ceddf863-4d1b-42ae-8ecc-ad898d48308e,3,142.5,142.5,10,1,1,1,False
c44d51ce-95d1-4471-99d2-ff8fbd6ce162,1,25,25,9,2,2,2,False
c44d51ce-95d1-4471-99d2-ff8fbd6ce162,2,25,25,9,2,1.5,1.5,False
c44d51ce-95d1-4471-99d2-ff8fbd6ce162,3,25,25,9,1,1,1,False
c44d51ce-95d1-4471-99d2-ff8fbd6ce162,4,25,25,9,1,0.5,0.5,False
4c7181ac-042d-470c-86e2-a35837332e18,1,20,20,12,1,1,1,False
4c7181ac-042d-470c-86e2-a35837332e18,2,20,20,12,1,1,1,False
4c7181ac-042d-470c-86e2-a35837332e18,3,20,20,10,1,1,1,False
4c7181ac-042d-470c-86e2-a35837332e18,4,20,20,10,1,0.5,0.5,False
7eb69fe4-b605-43b3-9681-70d3ba203401,1,27.5,27.5,9,1,1,1,False
7eb69fe4-b605-43b3-9681-70d3ba203401,2,27.5,27.5,9,1,1,1,False
7eb69fe4-b605-43b3-9681-70d3ba203401,3,25,25,11,1,1,1,False
39c69da8-2946-420d-9550-8c3f3f81ac26,1,0,+0,20,0,0,0,False
39c69da8-2946-420d-9550-8c3f3f81ac26,2,0,+0,20,0,0,0,False
39c69da8-2946-420d-9550-8c3f3f81ac26,3,0,+0,20,0,0,0,False
aca020be-539f-41ab-9188-51a26b0f60dc,1,0,+0,20,0,0,0,False
aca020be-539f-41ab-9188-51a26b0f60dc,2,0,+0,20,0,0,0,False
aca020be-539f-41ab-9188-51a26b0f60dc,3,0,+0,20,0,0,0,False
0915ca6a-e283-48fd-bd7f-cfd5740dbfb7,1,170,170,6,2,1.5,1.5,False
0915ca6a-e283-48fd-bd7f-cfd5740dbfb7,2,170,170,6,1,1,1,False
0915ca6a-e283-48fd-bd7f-cfd5740dbfb7,3,170,170,6,1,1,1,False
0915ca6a-e283-48fd-bd7f-cfd5740dbfb7,4,170,170,6,1,1,1,False
759bfc8c-0635-456e-898e-330677560424,1,80,80,10,3,2.5,2.5,False
759bfc8c-0635-456e-898e-330677560424,2,80,80,10,3,2.5,2.5,False
759bfc8c-0635-456e-898e-330677560424,3,85,85,8,2,1.5,1.5,False
759bfc8c-0635-456e-898e-330677560424,4,85,85,8,1,1,1,False
7d6f3d8e-5a88-46c0-a4d7-0cb5dc75d59f,1,52.5,52.5,10,2,2,2,False
7d6f3d8e-5a88-46c0-a4d7-0cb5dc75d59f,2,52.5,52.5,10,1,1,1,False
7d6f3d8e-5a88-46c0-a4d7-0cb5dc75d59f,3,52.5,52.5,9,0,0,0,False
cc51c23e-98ba-47bc-b17e-309925657639,1,60,60,10,3,2.5,2.5,False
cc51c23e-98ba-47bc-b17e-309925657639,2,57.5,57.5,11,2,2,2,False
cc51c23e-98ba-47bc-b17e-309925657639,3,52.5,52.5,12,3,2.5,2.5,False
5b2c0550-4d4c-4812-9325-e2ef4cadfe95,1,72.5,72.5,10,3,3,3,False
5b2c0550-4d4c-4812-9325-e2ef4cadfe95,2,72.5,72.5,11,3,2.5,2.5,False
5b2c0550-4d4c-4812-9325-e2ef4cadfe95,3,72.5,72.5,11,2,1.5,1.5,False
eb385662-fe3d-456d-99e0-3bdfd0953989,1,100,100,10,2,2,2,False
eb385662-fe3d-456d-99e0-3bdfd0953989,2,100,100,10,1,1,1,False
eb385662-fe3d-456d-99e0-3bdfd0953989,3,100,100,9,0,0,0,False
7a6411b4-dd22-48f0-a233-59ea9b59ce30,1,95,+95,11,4,3.5,3.5,False
7a6411b4-dd22-48f0-a233-59ea9b59ce30,2,95,+95,12,3,3,3,False
7a6411b4-dd22-48f0-a233-59ea9b59ce30,3,95,+95,12,3,2.5,2.5,False
7a6411b4-dd22-48f0-a233-59ea9b59ce30,4,95,+95,12,3,2.5,2.5,False
c9d144d8-bea9-4435-b331-34cea09d0d11,1,162.5,162.5,6,1,1,1,False
c9d144d8-bea9-4435-b331-34cea09d0d11,2,162.5,162.5,6,2,1.5,1.5,False
c9d144d8-bea9-4435-b331-34cea09d0d11,3,162.5,162.5,5,3,2.5,2.5,False
c9d144d8-bea9-4435-b331-34cea09d0d11,4,162.5,162.5,6,2,1.5,1.5,False
228d4cc6-8cbf-4d7f-b80b-db9cec0618ae,1,140,140,8,3,2.5,2.5,False
228d4cc6-8cbf-4d7f-b80b-db9cec0618ae,2,140,140,8,3,2.5,2.5,False
228d4cc6-8cbf-4d7f-b80b-db9cec0618ae,3,140,140,8,3,2.5,2.5,False
94165c00-562a-4863-91b1-976e35a8b021,1,52.5,52.5,10,2,2,2,False
94165c00-562a-4863-91b1-976e35a8b021,2,52.5,52.5,10,2,1.5,1.5,False
94165c00-562a-4863-91b1-976e35a8b021,3,52.5,52.5,10,1,1,1,False
94165c00-562a-4863-91b1-976e35a8b021,4,52.5,52.5,10,1,0.5,0.5,False
67245e7b-8ab2-4c9e-bcf2-cf4826ecba5a,1,52.5,52.5,11,1,0.5,0.5,False
67245e7b-8ab2-4c9e-bcf2-cf4826ecba5a,2,50,50,11,1,1,1,False
67245e7b-8ab2-4c9e-bcf2-cf4826ecba5a,3,50,50,11,1,0.5,0.5,False
3dbe6ad2-4137-4948-9446-aafd15b75139,1,55,55,10,2,2,2,False
3dbe6ad2-4137-4948-9446-aafd15b75139,2,55,55,10,2,2,2,False
3dbe6ad2-4137-4948-9446-aafd15b75139,3,55,55,10,1,1,1,False
3dbe6ad2-4137-4948-9446-aafd15b75139,4,52.5,52.5,10,2,2,2,False
8618c264-b1c5-4999-90cf-6d0692710943,1,25,25,12,3,2.5,2.5,False
8618c264-b1c5-4999-90cf-6d0692710943,2,25,25,12,3,2.5,2.5,False
8618c264-b1c5-4999-90cf-6d0692710943,3,25,25,12,3,2.5,2.5,False
6d721690-f7b2-4bd9-8f6a-fec70a271a7e,1,55,55,11,2,2,2,False
6d721690-f7b2-4bd9-8f6a-fec70a271a7e,2,55,55,10,2,2,2,False
6d721690-f7b2-4bd9-8f6a-fec70a271a7e,3,55,55,10,2,1.5,1.5,False
cf06d806-3418-4334-b141-e10456931fa4,1,280,280,6,1,1,1,False
cf06d806-3418-4334-b141-e10456931fa4,2,280,280,5,2,2,2,False
cf06d806-3418-4334-b141-e10456931fa4,3,280,280,5,2,1.5,1.5,False
cf06d806-3418-4334-b141-e10456931fa4,4,280,280,5,2,1.5,1.5,False
2c42d30d-7ec5-4b6a-94b3-6ddfbc5ab2f2,1,100,100,10,2,2,2,False
2c42d30d-7ec5-4b6a-94b3-6ddfbc5ab2f2,2,100,100,10,2,2,2,False
2c42d30d-7ec5-4b6a-94b3-6ddfbc5ab2f2,3,100,100,10,2,2,2,False
2c42d30d-7ec5-4b6a-94b3-6ddfbc5ab2f2,4,100,100,11,1,1,1,False
a98bd7ac-8b44-408b-aaaa-8acbfdaca4d0,1,65,65,8,4,3.5,3.5,False
a98bd7ac-8b44-408b-aaaa-8acbfdaca4d0,2,65,65,8,4,3.5,3.5,False
a98bd7ac-8b44-408b-aaaa-8acbfdaca4d0,3,65,65,8,4,3.5,3.5,False
a98bd7ac-8b44-408b-aaaa-8acbfdaca4d0,4,65,65,8,4,3.5,3.5,False
6b5efc19-ab3f-4c0d-9e46-da6b9333f710,1,75,75,9,2,2,2,False
6b5efc19-ab3f-4c0d-9e46-da6b9333f710,2,75,75,9,2,2,2,False
6b5efc19-ab3f-4c0d-9e46-da6b9333f710,3,75,75,8,2,2,2,False
6b5efc19-ab3f-4c0d-9e46-da6b9333f710,4,75,75,8,2,2,2,False
22d09f65-8b0e-406d-aa71-2b82b7be996e,1,55,55,10,3,2.5,2.5,False
22d09f65-8b0e-406d-aa71-2b82b7be996e,2,55,55,10,3,2.5,2.5,False
22d09f65-8b0e-406d-aa71-2b82b7be996e,3,55,55,10,2,2,2,False
22d09f65-8b0e-406d-aa71-2b82b7be996e,4,55,55,10,1,1,1,False
ce5a31eb-9b3e-4770-80e3-23a069a47de5,1,30,+30,8,4,3.5,3.5,False
ce5a31eb-9b3e-4770-80e3-23a069a47de5,2,30,+30,8,3,3,3,False
ce5a31eb-9b3e-4770-80e3-23a069a47de5,3,25,+25,9,3,2.5,2.5,False
cebd44b2-6e7f-4632-acc5-dd3a16c8c8b7,1,15,+15,12,3,3,3,False
cebd44b2-6e7f-4632-acc5-dd3a16c8c8b7,2,15,+15,13,3,3,3,False
cebd44b2-6e7f-4632-acc5-dd3a16c8c8b7,3,15,+15,12,3,3,3,False
5383c995-6be1-4c5c-ab5f-cbdd6f37584e,1,140,140,6,1,1,1,False
5383c995-6be1-4c5c-ab5f-cbdd6f37584e,2,140,140,6,1,0.5,0.5,False
5383c995-6be1-4c5c-ab5f-cbdd6f37584e,3,140,140,6,1,0.5,0.5,False
9e89217e-f471-401f-ac8f-2ceebc6093bc,1,30,30,12,2,2,2,False
9e89217e-f471-401f-ac8f-2ceebc6093bc,2,30,30,12,1,1,1,False
9e89217e-f471-401f-ac8f-2ceebc6093bc,3,30,30,12,1,1,1,False
9e89217e-f471-401f-ac8f-2ceebc6093bc,4,30,30,12,0,0,0,False
19dd2883-fcd5-46a4-90d7-e03fd0d6d6c4,1,142.5,142.5,9,2,2,2,False
19dd2883-fcd5-46a4-90d7-e03fd0d6d6c4,2,142.5,142.5,9,1,1,1,False
19dd2883-fcd5-46a4-90d7-e03fd0d6d6c4,3,132.5,132.5,10,3,2.5,2.5,False
75b74e59-a53f-41f5-bca4-1a6af2acf928,1,140,140,9,3,2.5,2.5,False
75b74e59-a53f-41f5-bca4-1a6af2acf928,2,140,140,10,2,1.5,1.5,False
75b74e59-a53f-41f5-bca4-1a6af2acf928,3,140,140,10,2,1.5,1.5,False
95b74222-9629-48e6-b722-8896cf779e8b,1,22.5,22.5,12,2,1.5,1.5,False
95b74222-9629-48e6-b722-8896cf779e8b,2,22.5,22.5,10,3,2.5,2.5,False
95b74222-9629-48e6-b722-8896cf779e8b,3,22.5,22.5,10,3,3,3,False
95b74222-9629-48e6-b722-8896cf779e8b,4,22.5,22.5,12,3,3,3,False
c9047373-0eb9-4522-bbd1-2ba7a4196f2f,1,20,20,12,1,1,1,False
c9047373-0eb9-4522-bbd1-2ba7a4196f2f,2,20,20,12,1,1,1,False
c9047373-0eb9-4522-bbd1-2ba7a4196f2f,3,17.5,17.5,13,3,2.5,2.5,False
c9047373-0eb9-4522-bbd1-2ba7a4196f2f,4,17.5,17.5,12,3,2.5,2.5,False
9d07fa99-da1a-4005-a1a0-b558f5e53ee3,1,27.5,27.5,8,2,1.5,1.5,False
9d07fa99-da1a-4005-a1a0-b558f5e53ee3,2,27.5,27.5,8,1,1,1,False
9d07fa99-da1a-4005-a1a0-b558f5e53ee3,3,22.5,22.5,12,3,2.5,2.5,False
6c811bb1-7bda-4d06-8f35-c2392ef8c885,1,165,165,6,2,2,2,False
6c811bb1-7bda-4d06-8f35-c2392ef8c885,2,165,165,6,2,2,2,False
6c811bb1-7bda-4d06-8f35-c2392ef8c885,3,165,165,6,2,2,2,False
6c811bb1-7bda-4d06-8f35-c2392ef8c885,4,165,165,6,2,1.5,1.5,False
6e2ce791-0c85-41c7-8163-a8d8f3caabc1,1,77.5,77.5,8,4,4,4,False
6e2ce791-0c85-41c7-8163-a8d8f3caabc1,2,77.5,77.5,9,3,3,3,False
6e2ce791-0c85-41c7-8163-a8d8f3caabc1,3,80,80,8,3,3,3,False
6e2ce791-0c85-41c7-8163-a8d8f3caabc1,4,80,80,8,3,3,3,False
48f6fd5e-a606-4704-a57c-08750cbcbc64,1,50,50,10,3,2.5,2.5,False
48f6fd5e-a606-4704-a57c-08750cbcbc64,2,50,50,10,2,2,2,False
48f6fd5e-a606-4704-a57c-08750cbcbc64,3,50,50,10,1,1,1,False
986c12e6-aa08-4d17-8342-b5ebab2cb28c,1,45,45,12,6,5+,6,False
986c12e6-aa08-4d17-8342-b5ebab2cb28c,2,50,50,12,6,5+,6,False
986c12e6-aa08-4d17-8342-b5ebab2cb28c,3,55,55,12,4,3.5,3.5,False
7d8918fa-9654-4dd1-a650-d57c8a455907,1,65,65,12,4,4,4,False
7d8918fa-9654-4dd1-a650-d57c8a455907,2,65,65,12,3,3,3,False
7d8918fa-9654-4dd1-a650-d57c8a455907,3,65,65,12,3,3,3,False
7b5368d0-56e7-48c5-9a81-a1eea289eaf6,1,95,95,10,3,3,3,False
7b5368d0-56e7-48c5-9a81-a1eea289eaf6,2,95,95,10,3,3,3,False
7b5368d0-56e7-48c5-9a81-a1eea289eaf6,3,95,95,10,3,3,3,False
7c70f285-8d04-4127-9d19-b2989c81332c,1,85,+85,12,5,4.5,4.5,False
7c70f285-8d04-4127-9d19-b2989c81332c,2,85,+85,12,5,4.5,4.5,False
7c70f285-8d04-4127-9d19-b2989c81332c,3,85,+85,12,5,4.5,4.5,False
7c70f285-8d04-4127-9d19-b2989c81332c,4,85,+85,12,5,4.5,4.5,False
ec7e1a1c-1aeb-4b1d-89f5-ade748887265,1,145,145,6,4,4,4,False
ec7e1a1c-1aeb-4b1d-89f5-ade748887265,2,150,150,6,4,4,4,False
ec7e1a1c-1aeb-4b1d-89f5-ade748887265,3,155,155,6,3,3,3,False
ec7e1a1c-1aeb-4b1d-89f5-ade748887265,4,155,155,6,3,3,3,False
b4171fc8-01f9-4ade-95c7-f04e29464489,1,140,140,8,6,5+,6,False
b4171fc8-01f9-4ade-95c7-f04e29464489,2,150,150,8,4,4,4,False
b4171fc8-01f9-4ade-95c7-f04e29464489,3,150,150,8,4,3.5,3.5,False
c2c97e75-be3c-4f32-9857-4f2283909d47,1,50,50,10,4,3.5,3.5,False
c2c97e75-be3c-4f32-9857-4f2283909d47,2,50,50,10,4,3.5,3.5,False
c2c97e75-be3c-4f32-9857-4f2283909d47,3,50,50,10,3,3,3,False
c2c97e75-be3c-4f32-9857-4f2283909d47,4,50,50,10,3,2.5,2.5,False
fd37c20e-805f-4a4b-89b6-ef07b9c73821,1,50,50,12,3,3,3,False
fd37c20e-805f-4a4b-89b6-ef07b9c73821,2,50,50,12,3,2.5,2.5,False
fd37c20e-805f-4a4b-89b6-ef07b9c73821,3,50,50,12,2,2,2,False
874253f0-efda-49d7-a4a9-9d0dea016c82,1,45,45,10,6,5+,6,False
874253f0-efda-49d7-a4a9-9d0dea016c82,2,50,50,10,4,4,4,False
874253f0-efda-49d7-a4a9-9d0dea016c82,3,50,50,10,4,3.5,3.5,False
874253f0-efda-49d7-a4a9-9d0dea016c82,4,50,50,12,2,2,2,False
412f4e6e-8d09-4ada-8315-d52ddd7449fe,1,20,20,12,5,4.5,4.5,False
412f4e6e-8d09-4ada-8315-d52ddd7449fe,2,20,20,12,6,5+,6,False
412f4e6e-8d09-4ada-8315-d52ddd7449fe,3,25,25,12,4,4,4,False
93a8b601-6c9c-4cf5-ba89-d8bee9201421,1,50,50,12,5,4.5,4.5,False
93a8b601-6c9c-4cf5-ba89-d8bee9201421,2,50,50,12,4,4,4,False
93a8b601-6c9c-4cf5-ba89-d8bee9201421,3,50,50,12,4,3.5,3.5,False
a2a94f38-1bc0-4bab-9b1d-05360bfe0b04,1,265,265,6,3,3,3,False
a2a94f38-1bc0-4bab-9b1d-05360bfe0b04,2,265,265,6,3,3,3,False
a2a94f38-1bc0-4bab-9b1d-05360bfe0b04,3,265,265,6,4,3.5,3.5,False
a2a94f38-1bc0-4bab-9b1d-05360bfe0b04,4,265,265,6,3,3,3,False
d92bdce3-e6dd-45f8-9aaa-820685972f2e,1,88,88,10,4,3.5,3.5,False
d92bdce3-e6dd-45f8-9aaa-820685972f2e,2,88,88,10,4,3.5,3.5,False
d92bdce3-e6dd-45f8-9aaa-820685972f2e,3,88,88,10,4,3.5,3.5,False
d92bdce3-e6dd-45f8-9aaa-820685972f2e,4,88,88,10,4,3.5,3.5,False
41ad9c2a-ec9a-4d6a-aa05-31204a2b20a8,1,65,65,8,6,5+,6,False
41ad9c2a-ec9a-4d6a-aa05-31204a2b20a8,2,75,75,8,4,4,4,False
41ad9c2a-ec9a-4d6a-aa05-31204a2b20a8,3,75,75,8,4,3.5,3.5,False
41ad9c2a-ec9a-4d6a-aa05-31204a2b20a8,4,75,75,8,3,3,3,False
c4ef4bed-4473-4c5f-bd0a-f5e5b6c0d39f,1,65,65,10,4,4,4,False
c4ef4bed-4473-4c5f-bd0a-f5e5b6c0d39f,2,65,65,10,4,4,4,False
c4ef4bed-4473-4c5f-bd0a-f5e5b6c0d39f,3,70,70,10,4,3.5,3.5,False
c4ef4bed-4473-4c5f-bd0a-f5e5b6c0d39f,4,70,70,10,4,3.5,3.5,False
e787c6c7-e7f8-48bc-8714-ccfd4ddc47df,1,75,+75,10,2,2,2,False
e787c6c7-e7f8-48bc-8714-ccfd4ddc47df,2,75,+75,10,1,1,1,False
e787c6c7-e7f8-48bc-8714-ccfd4ddc47df,3,65,+65,10,3,3,3,False
e928b493-4790-4d19-beda-d589974493bf,1,0,+0,10,6,5+,6,False
e928b493-4790-4d19-beda-d589974493bf,2,20,+20,10,6,5+,6,False
e928b493-4790-4d19-beda-d589974493bf,3,25,+25,10,6,5+,6,False
863707ce-c880-4853-a57b-d2ecb5d29d28,1,0,+0,12,6,5+,6,False
863707ce-c880-4853-a57b-d2ecb5d29d28,2,12,+12,12,6,5+,6,False
863707ce-c880-4853-a57b-d2ecb5d29d28,3,12,+12,12,6,5+,6,False
f8a6b841-a487-4588-b16f-ad216aec53a7,1,145,145,5,0,0,0,False
f8a6b841-a487-4588-b16f-ad216aec53a7,2,135,135,6,2,1.5,1.5,False
f8a6b841-a487-4588-b16f-ad216aec53a7,3,135,135,6,1,0.5,0.5,False
b1f9dc76-5395-42a3-982f-6344084f99e4,1,30,30,10,3,3,3,False
b1f9dc76-5395-42a3-982f-6344084f99e4,2,30,30,10,2,2,2,False
b1f9dc76-5395-42a3-982f-6344084f99e4,3,30,30,10,2,2,2,False
b1f9dc76-5395-42a3-982f-6344084f99e4,4,30,30,10,1,1,1,False
4a3d3ada-7149-41a4-86f9-289437bcb31c,1,120,120,10,6,5+,6,False
4a3d3ada-7149-41a4-86f9-289437bcb31c,2,130,130,10,4,4,4,False
4a3d3ada-7149-41a4-86f9-289437bcb31c,3,135,135,10,2,2,2,False
8633839e-9efd-4908-acc9-ec4a34c9c905,1,130,130,10,3,3,3,False
8633839e-9efd-4908-acc9-ec4a34c9c905,2,130,130,10,3,3,3,False
8633839e-9efd-4908-acc9-ec4a34c9c905,3,130,130,10,3,3,3,False
463927fa-5733-4792-a33c-3b9d40631ae4,1,20,20,10,4,4,4,False
463927fa-5733-4792-a33c-3b9d40631ae4,2,20,20,10,5,4.5,4.5,False
463927fa-5733-4792-a33c-3b9d40631ae4,3,20,20,10,5,4.5,4.5,False
463927fa-5733-4792-a33c-3b9d40631ae4,4,22.5,22.5,10,3,3,3,False
b20b1b57-82d8-4bd1-ae1c-5f1756b5119c,1,20,20,12,4,3.5,3.5,False
b20b1b57-82d8-4bd1-ae1c-5f1756b5119c,2,20,20,12,2,1.5,1.5,False
b20b1b57-82d8-4bd1-ae1c-5f1756b5119c,3,15,15,12,6,5+,6,False
b20b1b57-82d8-4bd1-ae1c-5f1756b5119c,4,15,15,12,6,5+,6,False
c818abf6-c401-4192-9ec3-c60b68a58242,1,20,20,10,6,5+,6,False
c818abf6-c401-4192-9ec3-c60b68a58242,2,25,25,10,3,3,3,False
c818abf6-c401-4192-9ec3-c60b68a58242,3,25,25,10,3,3,3,False
